,Row ID,Order ID,Order Date,Ship Date,Ship Mode,Customer ID,Customer Name,Segment,Country/Region,City,State,Postal Code,Region,Product ID,Category,Sub-Category,Product Name,Sales,Quantity,Discount,Profit
0,1,CA-2019-152156,2019-11-08,2019-11-11,Second Class,CG-12520,Claire Gute,Consumer,United States,Henderson,Kentucky,42420.0,South,FUR-BO-10001798,Furniture,Bookcases,Bush Somerset Collection Bookcase,261.96,2,0.0,41.9136
1,2,CA-2019-152156,2019-11-08,2019-11-11,Second Class,CG-12520,Claire Gute,Consumer,United States,Henderson,Kentucky,42420.0,South,FUR-CH-10000454,Furniture,Chairs,"Hon Deluxe Fabric Upholstered Stacking Chairs, Rounded Back",731.9399999999999,3,0.0,219.58199999999997
2,3,CA-2019-138688,2019-06-12,2019-06-16,Second Class,DV-13045,Darrin Van Huff,Corporate,United States,Los Angeles,California,90036.0,West,OFF-LA-10000240,Office Supplies,Labels,Self-Adhesive Address Labels for Typewriters by Universal,14.62,2,0.0,6.8713999999999995
3,4,US-2018-108966,2018-10-11,2018-10-18,Standard Class,SO-20335,Sean O'Donnell,Consumer,United States,Fort Lauderdale,Florida,33311.0,South,FUR-TA-10000577,Furniture,Tables,Bretford CR4500 Series Slim Rectangular Table,957.5775,5,0.45,-383.03100000000006
4,5,US-2018-108966,2018-10-11,2018-10-18,Standard Class,SO-20335,Sean O'Donnell,Consumer,United States,Fort Lauderdale,Florida,33311.0,South,OFF-ST-10000760,Office Supplies,Storage,Eldon Fold 'N Roll Cart System,22.368000000000002,2,0.2,2.516399999999999
5,6,CA-2017-115812,2017-06-09,2017-06-14,Standard Class,BH-11710,Brosina Hoffman,Consumer,United States,Los Angeles,California,90032.0,West,FUR-FU-10001487,Furniture,Furnishings,"Eldon Expressions Wood and Plastic Desk Accessories, Cherry Wood",48.86,7,0.0,14.169399999999996
6,7,CA-2017-115812,2017-06-09,2017-06-14,Standard Class,BH-11710,Brosina Hoffman,Consumer,United States,Los Angeles,California,90032.0,West,OFF-AR-10002833,Office Supplies,Art,Newell 322,7.28,4,0.0,1.9656000000000002
7,8,CA-2017-115812,2017-06-09,2017-06-14,Standard Class,BH-11710,Brosina Hoffman,Consumer,United States,Los Angeles,California,90032.0,West,TEC-PH-10002275,Technology,Phones,Mitel 5320 IP Phone VoIP phone,907.152,6,0.2,90.71520000000004
8,9,CA-2017-115812,2017-06-09,2017-06-14,Standard Class,BH-11710,Brosina Hoffman,Consumer,United States,Los Angeles,California,90032.0,West,OFF-BI-10003910,Office Supplies,Binders,DXL Angle-View Binders with Locking Rings by Samsill,18.504,3,0.2,5.7825
9,10,CA-2017-115812,2017-06-09,2017-06-14,Standard Class,BH-11710,Brosina Hoffman,Consumer,United States,Los Angeles,California,90032.0,West,OFF-AP-10002892,Office Supplies,Appliances,Belkin F5C206VTEL 6 Outlet Surge,114.9,5,0.0,34.46999999999999
10,11,CA-2017-115812,2017-06-09,2017-06-14,Standard Class,BH-11710,Brosina Hoffman,Consumer,United States,Los Angeles,California,90032.0,West,FUR-TA-10001539,Furniture,Tables,Chromcraft Rectangular Conference Tables,1706.1840000000002,9,0.2,85.3091999999998
11,12,CA-2017-115812,2017-06-09,2017-06-14,Standard Class,BH-11710,Brosina Hoffman,Consumer,United States,Los Angeles,California,90032.0,West,TEC-PH-10002033,Technology,Phones,Konftel 250 Conference phone - Charcoal black,911.424,4,0.2,68.35680000000002
12,13,CA-2020-114412,2020-04-15,2020-04-20,Standard Class,AA-10480,Andrew Allen,Consumer,United States,Concord,North Carolina,28027.0,South,OFF-PA-10002365,Office Supplies,Paper,Xerox 1967,15.552000000000003,3,0.2,5.4432
13,14,CA-2019-161389,2019-12-05,2019-12-10,Standard Class,IM-15070,Irene Maddox,Consumer,United States,Seattle,Washington,98103.0,West,OFF-BI-10003656,Office Supplies,Binders,Fellowes PB200 Plastic Comb Binding Machine,407.97600000000006,3,0.2,132.59219999999993
14,15,US-2018-118983,2018-11-22,2018-11-26,Standard Class,HP-14815,Harold Pawlan,Home Office,United States,Fort Worth,Texas,76106.0,Central,OFF-AP-10002311,Office Supplies,Appliances,"Holmes Replacement Filter for HEPA Air Cleaner, Very Large Room, HEPA Filter",68.80999999999999,5,0.8,-123.858
15,16,US-2018-118983,2018-11-22,2018-11-26,Standard Class,HP-14815,Harold Pawlan,Home Office,United States,Fort Worth,Texas,76106.0,Central,OFF-BI-10000756,Office Supplies,Binders,Storex DuraTech Recycled Plastic Frosted Binders,2.5439999999999996,3,0.8,-3.8160000000000016
16,17,CA-2017-105893,2017-11-11,2017-11-18,Standard Class,PK-19075,Pete Kriz,Consumer,United States,Madison,Wisconsin,53711.0,Central,OFF-ST-10004186,Office Supplies,Storage,"Stur-D-Stor Shelving, Vertical 5-Shelf: 72""H x 36""W x 18 1/2""D",665.88,6,0.0,13.317599999999999
17,18,CA-2017-167164,2017-05-13,2017-05-15,Second Class,AG-10270,Alejandro Grove,Consumer,United States,West Jordan,Utah,84084.0,West,OFF-ST-10000107,Office Supplies,Storage,Fellowes Super Stor/Drawer,55.5,2,0.0,9.989999999999995
18,19,CA-2017-143336,2017-08-27,2017-09-01,Second Class,ZD-21925,Zuschuss Donatelli,Consumer,United States,San Francisco,California,94109.0,West,OFF-AR-10003056,Office Supplies,Art,Newell 341,8.56,2,0.0,2.4823999999999993
19,20,CA-2017-143336,2017-08-27,2017-09-01,Second Class,ZD-21925,Zuschuss Donatelli,Consumer,United States,San Francisco,California,94109.0,West,TEC-PH-10001949,Technology,Phones,Cisco SPA 501G IP Phone,213.48000000000002,3,0.2,16.01099999999998
20,21,CA-2017-143336,2017-08-27,2017-09-01,Second Class,ZD-21925,Zuschuss Donatelli,Consumer,United States,San Francisco,California,94109.0,West,OFF-BI-10002215,Office Supplies,Binders,"Wilson Jones Hanging View Binder, White, 1""",22.72,4,0.2,7.383999999999999
21,22,CA-2019-137330,2019-12-09,2019-12-13,Standard Class,KB-16585,Ken Black,Corporate,United States,Fremont,Nebraska,68025.0,Central,OFF-AR-10000246,Office Supplies,Art,Newell 318,19.459999999999997,7,0.0,5.0596
22,23,CA-2019-137330,2019-12-09,2019-12-13,Standard Class,KB-16585,Ken Black,Corporate,United States,Fremont,Nebraska,68025.0,Central,OFF-AP-10001492,Office Supplies,Appliances,"Acco Six-Outlet Power Strip, 4' Cord Length",60.339999999999996,7,0.0,15.688400000000001
23,24,US-2020-156909,2020-07-16,2020-07-18,Second Class,SF-20065,Sandra Flanagan,Consumer,United States,Philadelphia,Pennsylvania,19140.0,East,FUR-CH-10002774,Furniture,Chairs,"Global Deluxe Stacking Chair, Gray",71.37199999999999,2,0.3,-1.0196000000000005
24,25,CA-2018-106320,2018-09-25,2018-09-30,Standard Class,EB-13870,Emily Burns,Consumer,United States,Orem,Utah,84057.0,West,FUR-TA-10000577,Furniture,Tables,Bretford CR4500 Series Slim Rectangular Table,1044.6299999999999,3,0.0,240.2649
25,26,CA-2019-121755,2019-01-16,2019-01-20,Second Class,EH-13945,Eric Hoffmann,Consumer,United States,Los Angeles,California,90049.0,West,OFF-BI-10001634,Office Supplies,Binders,Wilson Jones Active Use Binders,11.648000000000001,2,0.2,4.2224
26,27,CA-2019-121755,2019-01-16,2019-01-20,Second Class,EH-13945,Eric Hoffmann,Consumer,United States,Los Angeles,California,90049.0,West,TEC-AC-10003027,Technology,Accessories,Imation 8GB Mini TravelDrive USB 2.0 Flash Drive,90.57000000000001,3,0.0,11.774100000000004
27,28,US-2018-150630,2018-09-17,2018-09-21,Standard Class,TB-21520,Tracy Blumstein,Consumer,United States,Philadelphia,Pennsylvania,19140.0,East,FUR-BO-10004834,Furniture,Bookcases,"Riverside Palais Royal Lawyers Bookcase, Royale Cherry Finish",3083.4300000000003,7,0.5,-1665.0522
28,29,US-2018-150630,2018-09-17,2018-09-21,Standard Class,TB-21520,Tracy Blumstein,Consumer,United States,Philadelphia,Pennsylvania,19140.0,East,OFF-BI-10000474,Office Supplies,Binders,Avery Recycled Flexi-View Covers for Binding Systems,9.618000000000002,2,0.7,-7.0532
29,30,US-2018-150630,2018-09-17,2018-09-21,Standard Class,TB-21520,Tracy Blumstein,Consumer,United States,Philadelphia,Pennsylvania,19140.0,East,FUR-FU-10004848,Furniture,Furnishings,"Howard Miller 13-3/4"" Diameter Brushed Chrome Round Wall Clock",124.20000000000002,3,0.2,15.524999999999991
30,31,US-2018-150630,2018-09-17,2018-09-21,Standard Class,TB-21520,Tracy Blumstein,Consumer,United States,Philadelphia,Pennsylvania,19140.0,East,OFF-EN-10001509,Office Supplies,Envelopes,Poly String Tie Envelopes,3.2640000000000002,2,0.2,1.1015999999999997
31,32,US-2018-150630,2018-09-17,2018-09-21,Standard Class,TB-21520,Tracy Blumstein,Consumer,United States,Philadelphia,Pennsylvania,19140.0,East,OFF-AR-10004042,Office Supplies,Art,"BOSTON Model 1800 Electric Pencil Sharpeners, Putty/Woodgrain",86.304,6,0.2,9.709199999999989
32,33,US-2018-150630,2018-09-17,2018-09-21,Standard Class,TB-21520,Tracy Blumstein,Consumer,United States,Philadelphia,Pennsylvania,19140.0,East,OFF-BI-10001525,Office Supplies,Binders,"Acco Pressboard Covers with Storage Hooks, 14 7/8"" x 11"", Executive Red",6.858000000000001,6,0.7,-5.715
33,34,US-2018-150630,2018-09-17,2018-09-21,Standard Class,TB-21520,Tracy Blumstein,Consumer,United States,Philadelphia,Pennsylvania,19140.0,East,OFF-AR-10001683,Office Supplies,Art,Lumber Crayons,15.76,2,0.2,3.5460000000000007
34,35,CA-2020-107727,2020-10-19,2020-10-23,Second Class,MA-17560,Matt Abelman,Home Office,United States,Houston,Texas,77095.0,Central,OFF-PA-10000249,Office Supplies,Paper,Easy-staple paper,29.472,3,0.2,9.946799999999998
35,36,CA-2019-117590,2019-12-08,2019-12-10,First Class,GH-14485,Gene Hale,Corporate,United States,Richardson,Texas,75080.0,Central,TEC-PH-10004977,Technology,Phones,GE 30524EE4,1097.5440000000003,7,0.2,123.4736999999999
36,37,CA-2019-117590,2019-12-08,2019-12-10,First Class,GH-14485,Gene Hale,Corporate,United States,Richardson,Texas,75080.0,Central,FUR-FU-10003664,Furniture,Furnishings,"Electrix Architect's Clamp-On Swing Arm Lamp, Black",190.92,5,0.6,-147.96300000000002
37,38,CA-2018-117415,2018-12-27,2018-12-31,Standard Class,SN-20710,Steve Nguyen,Home Office,United States,Houston,Texas,77041.0,Central,OFF-EN-10002986,Office Supplies,Envelopes,"#10-4 1/8"" x 9 1/2"" Premium Diagonal Seam Envelopes",113.328,9,0.2,35.415
38,39,CA-2018-117415,2018-12-27,2018-12-31,Standard Class,SN-20710,Steve Nguyen,Home Office,United States,Houston,Texas,77041.0,Central,FUR-BO-10002545,Furniture,Bookcases,"Atlantic Metals Mobile 3-Shelf Bookcases, Custom Colors",532.3992,3,0.32,-46.97640000000001
39,40,CA-2018-117415,2018-12-27,2018-12-31,Standard Class,SN-20710,Steve Nguyen,Home Office,United States,Houston,Texas,77041.0,Central,FUR-CH-10004218,Furniture,Chairs,"Global Fabric Manager's Chair, Dark Gray",212.058,3,0.3,-15.146999999999991
40,41,CA-2018-117415,2018-12-27,2018-12-31,Standard Class,SN-20710,Steve Nguyen,Home Office,United States,Houston,Texas,77041.0,Central,TEC-PH-10000486,Technology,Phones,Plantronics HL10 Handset Lifter,371.168,4,0.2,41.75639999999996
41,42,CA-2020-120999,2020-09-10,2020-09-15,Standard Class,LC-16930,Linda Cazamias,Corporate,United States,Naperville,Illinois,60540.0,Central,TEC-PH-10004093,Technology,Phones,Panasonic Kx-TS550,147.168,4,0.2,16.556399999999996
42,43,CA-2019-101343,2019-07-17,2019-07-22,Standard Class,RA-19885,Ruben Ausman,Corporate,United States,Los Angeles,California,90049.0,West,OFF-ST-10003479,Office Supplies,Storage,"Eldon Base for stackable storage shelf, platinum",77.88,2,0.0,3.8939999999999912
43,44,CA-2020-139619,2020-09-19,2020-09-23,Standard Class,ES-14080,Erin Smith,Corporate,United States,Melbourne,Florida,32935.0,South,OFF-ST-10003282,Office Supplies,Storage,"Advantus 10-Drawer Portable Organizer, Chrome Metal Frame, Smoke Drawers",95.616,2,0.2,9.56160000000001
44,45,CA-2019-118255,2019-03-11,2019-03-13,First Class,ON-18715,Odella Nelson,Corporate,United States,Eagan,Minnesota,55122.0,Central,TEC-AC-10000171,Technology,Accessories,"Verbatim 25 GB 6x Blu-ray Single Layer Recordable Disc, 25/Pack",45.98,2,0.0,19.7714
45,46,CA-2019-118255,2019-03-11,2019-03-13,First Class,ON-18715,Odella Nelson,Corporate,United States,Eagan,Minnesota,55122.0,Central,OFF-BI-10003291,Office Supplies,Binders,Wilson Jones Leather-Like Binders with DublLock Round Rings,17.46,2,0.0,8.206199999999999
46,47,CA-2017-146703,2017-10-20,2017-10-25,Second Class,PO-18865,Patrick O'Donnell,Consumer,United States,Westland,Michigan,48185.0,Central,OFF-ST-10001713,Office Supplies,Storage,"Gould Plastics 9-Pocket Panel Bin, 18-3/8w x 5-1/4d x 20-1/2h, Black",211.96,4,0.0,8.478399999999993
47,48,CA-2019-169194,2019-06-20,2019-06-25,Standard Class,LH-16900,Lena Hernandez,Consumer,United States,Dover,Delaware,19901.0,East,TEC-AC-10002167,Technology,Accessories,Imation 8gb Micro Traveldrive Usb 2.0 Flash Drive,45.0,3,0.0,4.950000000000001
48,49,CA-2019-169194,2019-06-20,2019-06-25,Standard Class,LH-16900,Lena Hernandez,Consumer,United States,Dover,Delaware,19901.0,East,TEC-PH-10003988,Technology,Phones,"LF Elite 3D Dazzle Designer Hard Case Cover, Lf Stylus Pen and Wiper For Apple Iphone 5c Mini Lite",21.8,2,0.0,6.104000000000001
49,50,CA-2018-115742,2018-04-18,2018-04-22,Standard Class,DP-13000,Darren Powers,Consumer,United States,New Albany,Indiana,47150.0,Central,OFF-BI-10004410,Office Supplies,Binders,"C-Line Peel & Stick Add-On Filing Pockets, 8-3/4 x 5-1/8, 10/Pack",38.22,6,0.0,17.9634
50,51,CA-2018-115742,2018-04-18,2018-04-22,Standard Class,DP-13000,Darren Powers,Consumer,United States,New Albany,Indiana,47150.0,Central,OFF-LA-10002762,Office Supplies,Labels,Avery 485,75.17999999999999,6,0.0,35.334599999999995
51,52,CA-2018-115742,2018-04-18,2018-04-22,Standard Class,DP-13000,Darren Powers,Consumer,United States,New Albany,Indiana,47150.0,Central,FUR-FU-10001706,Furniture,Furnishings,Longer-Life Soft White Bulbs,6.16,2,0.0,2.9568
52,53,CA-2018-115742,2018-04-18,2018-04-22,Standard Class,DP-13000,Darren Powers,Consumer,United States,New Albany,Indiana,47150.0,Central,FUR-CH-10003061,Furniture,Chairs,"Global Leather Task Chair, Black",89.99,1,0.0,17.098099999999988
53,54,CA-2019-105816,2019-12-11,2019-12-17,Standard Class,JM-15265,Janet Molinari,Corporate,United States,New York City,New York,10024.0,East,OFF-FA-10000304,Office Supplies,Fasteners,Advantus Push Pins,15.260000000000002,7,0.0,6.256600000000001
54,55,CA-2019-105816,2019-12-11,2019-12-17,Standard Class,JM-15265,Janet Molinari,Corporate,United States,New York City,New York,10024.0,East,TEC-PH-10002447,Technology,Phones,AT&T CL83451 4-Handset Telephone,1029.95,5,0.0,298.6855
55,56,CA-2019-111682,2019-06-17,2019-06-18,First Class,TB-21055,Ted Butterfield,Consumer,United States,Troy,New York,12180.0,East,OFF-ST-10000604,Office Supplies,Storage,Home/Office Personal File Carts,208.56,6,0.0,52.139999999999986
56,57,CA-2019-111682,2019-06-17,2019-06-18,First Class,TB-21055,Ted Butterfield,Consumer,United States,Troy,New York,12180.0,East,OFF-PA-10001569,Office Supplies,Paper,Xerox 232,32.400000000000006,5,0.0,15.552000000000001
57,58,CA-2019-111682,2019-06-17,2019-06-18,First Class,TB-21055,Ted Butterfield,Consumer,United States,Troy,New York,12180.0,East,FUR-CH-10003968,Furniture,Chairs,Novimex Turbo Task Chair,319.41,5,0.1,7.098000000000006
58,59,CA-2019-111682,2019-06-17,2019-06-18,First Class,TB-21055,Ted Butterfield,Consumer,United States,Troy,New York,12180.0,East,OFF-PA-10000587,Office Supplies,Paper,"Array Parchment Paper, Assorted Colors",14.56,2,0.0,6.9888
59,60,CA-2019-111682,2019-06-17,2019-06-18,First Class,TB-21055,Ted Butterfield,Consumer,United States,Troy,New York,12180.0,East,TEC-AC-10002167,Technology,Accessories,Imation 8gb Micro Traveldrive Usb 2.0 Flash Drive,30.0,2,0.0,3.3000000000000007
60,61,CA-2019-111682,2019-06-17,2019-06-18,First Class,TB-21055,Ted Butterfield,Consumer,United States,Troy,New York,12180.0,East,OFF-BI-10001460,Office Supplies,Binders,Plastic Binding Combs,48.480000000000004,4,0.2,16.362
61,62,CA-2019-111682,2019-06-17,2019-06-18,First Class,TB-21055,Ted Butterfield,Consumer,United States,Troy,New York,12180.0,East,OFF-AR-10001868,Office Supplies,Art,Prang Dustless Chalk Sticks,1.68,1,0.0,0.84
62,63,CA-2018-135545,2018-11-24,2018-11-30,Standard Class,KM-16720,Kunst Miller,Consumer,United States,Los Angeles,California,90004.0,West,TEC-AC-10004633,Technology,Accessories,"Verbatim 25 GB 6x Blu-ray Single Layer Recordable Disc, 3/Pack",13.98,2,0.0,6.151200000000001
63,64,CA-2018-135545,2018-11-24,2018-11-30,Standard Class,KM-16720,Kunst Miller,Consumer,United States,Los Angeles,California,90004.0,West,OFF-BI-10001078,Office Supplies,Binders,"Acco PRESSTEX Data Binder with Storage Hooks, Dark Blue, 14 7/8"" X 11""",25.824,6,0.2,9.3612
64,65,CA-2018-135545,2018-11-24,2018-11-30,Standard Class,KM-16720,Kunst Miller,Consumer,United States,Los Angeles,California,90004.0,West,OFF-PA-10003892,Office Supplies,Paper,Xerox 1943,146.73,3,0.0,68.9631
65,66,CA-2018-135545,2018-11-24,2018-11-30,Standard Class,KM-16720,Kunst Miller,Consumer,United States,Los Angeles,California,90004.0,West,FUR-FU-10000397,Furniture,Furnishings,Luxo Economy Swing Arm Lamp,79.76,4,0.0,22.332800000000006
66,67,US-2018-164175,2018-04-30,2018-05-05,Standard Class,PS-18970,Paul Stevenson,Home Office,United States,Chicago,Illinois,60610.0,Central,FUR-CH-10001146,Furniture,Chairs,"Global Value Mid-Back Manager's Chair, Gray",213.11499999999998,5,0.3,-15.22250000000001
67,68,CA-2017-106376,2017-12-05,2017-12-10,Standard Class,BS-11590,Brendan Sweed,Corporate,United States,Gilbert,Arizona,85234.0,West,OFF-AR-10002671,Office Supplies,Art,"Hunt BOSTON Model 1606 High-Volume Electric Pencil Sharpener, Beige",1113.0240000000001,8,0.2,111.30239999999998
68,69,CA-2017-106376,2017-12-05,2017-12-10,Standard Class,BS-11590,Brendan Sweed,Corporate,United States,Gilbert,Arizona,85234.0,West,TEC-PH-10002726,Technology,Phones,netTALK DUO VoIP Telephone Service,167.96800000000002,4,0.2,62.988
69,70,CA-2019-119823,2019-06-04,2019-06-06,First Class,KD-16270,Karen Daniels,Consumer,United States,Springfield,Virginia,22153.0,South,OFF-PA-10000482,Office Supplies,Paper,"Snap-A-Way Black Print Carbonless Ruled Speed Letter, Triplicate",75.88,2,0.0,35.663599999999995
70,71,CA-2019-106075,2019-09-18,2019-09-23,Standard Class,HM-14980,Henry MacAllister,Consumer,United States,New York City,New York,10009.0,East,OFF-BI-10004654,Office Supplies,Binders,Avery Binding System Hidden Tab Executive Style Index Sets,4.616,1,0.2,1.7309999999999999
71,72,CA-2020-114440,2020-09-14,2020-09-17,Second Class,TB-21520,Tracy Blumstein,Consumer,United States,Jackson,Michigan,49201.0,Central,OFF-PA-10004675,Office Supplies,Paper,"Telephone Message Books with Fax/Mobile Section, 5 1/2"" x 3 3/16""",19.049999999999997,3,0.0,8.763
72,73,US-2018-134026,2018-04-26,2018-05-02,Standard Class,JE-15745,Joel Eaton,Consumer,United States,Memphis,Tennessee,38109.0,South,FUR-CH-10000513,Furniture,Chairs,High-Back Leather Manager's Chair,831.9360000000001,8,0.2,-114.39120000000003
73,74,US-2018-134026,2018-04-26,2018-05-02,Standard Class,JE-15745,Joel Eaton,Consumer,United States,Memphis,Tennessee,38109.0,South,FUR-FU-10003708,Furniture,Furnishings,"Tenex Traditional Chairmats for Medium Pile Carpet, Standard Lip, 36"" x 48""",97.04,2,0.2,1.2129999999999974
74,75,US-2018-134026,2018-04-26,2018-05-02,Standard Class,JE-15745,Joel Eaton,Consumer,United States,Memphis,Tennessee,38109.0,South,OFF-ST-10004123,Office Supplies,Storage,Safco Industrial Wire Shelving System,72.784,1,0.2,-18.196
75,76,US-2020-118038,2020-12-09,2020-12-11,First Class,KB-16600,Ken Brennan,Corporate,United States,Houston,Texas,77041.0,Central,OFF-BI-10004182,Office Supplies,Binders,Economy Binders,1.2479999999999998,3,0.8,-1.9344000000000006
76,77,US-2020-118038,2020-12-09,2020-12-11,First Class,KB-16600,Ken Brennan,Corporate,United States,Houston,Texas,77041.0,Central,FUR-FU-10000260,Furniture,Furnishings,"6"" Cubicle Wall Clock, Black",9.708,3,0.6,-5.8248000000000015
77,78,US-2020-118038,2020-12-09,2020-12-11,First Class,KB-16600,Ken Brennan,Corporate,United States,Houston,Texas,77041.0,Central,OFF-ST-10000615,Office Supplies,Storage,"SimpliFile Personal File, Black Granite, 15w x 6-15/16d x 11-1/4h",27.240000000000002,3,0.2,2.724000000000002
78,79,US-2017-147606,2017-11-26,2017-12-01,Second Class,JE-15745,Joel Eaton,Consumer,United States,Houston,Texas,77070.0,Central,FUR-FU-10003194,Furniture,Furnishings,"Eldon Expressions Desk Accessory, Wood Pencil Holder, Oak",19.3,5,0.6,-14.475000000000001
79,80,CA-2019-127208,2019-06-12,2019-06-15,First Class,SC-20770,Stewart Carmichael,Corporate,United States,Decatur,Alabama,35601.0,South,OFF-AP-10002118,Office Supplies,Appliances,"1.7 Cubic Foot Compact ""Cube"" Office Refrigerators",208.16,1,0.0,56.20320000000001
80,81,CA-2019-127208,2019-06-12,2019-06-15,First Class,SC-20770,Stewart Carmichael,Corporate,United States,Decatur,Alabama,35601.0,South,OFF-BI-10002309,Office Supplies,Binders,Avery Heavy-Duty EZD  Binder With Locking Rings,16.740000000000002,3,0.0,8.0352
81,82,CA-2017-139451,2017-10-12,2017-10-16,Standard Class,DN-13690,Duane Noonan,Consumer,United States,San Francisco,California,94122.0,West,OFF-AR-10002053,Office Supplies,Art,"Premium Writing Pencils, Soft, #2 by Central Association for the Blind",14.9,5,0.0,4.172000000000001
82,83,CA-2017-139451,2017-10-12,2017-10-16,Standard Class,DN-13690,Duane Noonan,Consumer,United States,San Francisco,California,94122.0,West,OFF-ST-10002370,Office Supplies,Storage,"Sortfiler Multipurpose Personal File Organizer, Black",21.39,1,0.0,6.203099999999999
83,84,CA-2018-149734,2018-09-03,2018-09-08,Standard Class,JC-16105,Julie Creighton,Corporate,United States,Durham,North Carolina,27707.0,South,OFF-EN-10000927,Office Supplies,Envelopes,Jet-Pak Recycled Peel 'N' Seal Padded Mailers,200.98400000000004,7,0.2,62.807499999999976
84,85,US-2020-119662,2020-11-13,2020-11-16,First Class,CS-12400,Christopher Schild,Home Office,United States,Chicago,Illinois,60623.0,Central,OFF-ST-10003656,Office Supplies,Storage,Safco Industrial Wire Shelving,230.376,3,0.2,-48.9549
85,86,CA-2020-140088,2020-05-28,2020-05-30,Second Class,PO-18865,Patrick O'Donnell,Consumer,United States,Columbia,South Carolina,29203.0,South,FUR-CH-10000863,Furniture,Chairs,Novimex Swivel Fabric Task Chair,301.96,2,0.0,33.215599999999995
86,87,CA-2020-155558,2020-10-26,2020-11-02,Standard Class,PG-18895,Paul Gonzalez,Consumer,United States,Rochester,Minnesota,55901.0,Central,TEC-AC-10001998,Technology,Accessories,Logitech LS21 Speaker System - PC Multimedia - 2.1-CH - Wired,19.99,1,0.0,6.796599999999998
87,88,CA-2020-155558,2020-10-26,2020-11-02,Standard Class,PG-18895,Paul Gonzalez,Consumer,United States,Rochester,Minnesota,55901.0,Central,OFF-LA-10000134,Office Supplies,Labels,Avery 511,6.16,2,0.0,2.9568
88,89,CA-2019-159695,2019-04-05,2019-04-10,Second Class,GM-14455,Gary Mitchum,Home Office,United States,Houston,Texas,77095.0,Central,OFF-ST-10003442,Office Supplies,Storage,Eldon Portable Mobile Manager,158.36800000000002,7,0.2,13.857199999999999
89,90,CA-2019-109806,2019-09-17,2019-09-22,Standard Class,JS-15685,Jim Sink,Corporate,United States,Los Angeles,California,90036.0,West,OFF-AR-10004930,Office Supplies,Art,Turquoise Lead Holder with Pocket Clip,20.1,3,0.0,6.632999999999998
90,91,CA-2019-109806,2019-09-17,2019-09-22,Standard Class,JS-15685,Jim Sink,Corporate,United States,Los Angeles,California,90036.0,West,TEC-PH-10004093,Technology,Phones,Panasonic Kx-TS550,73.584,2,0.2,8.278199999999998
91,92,CA-2019-109806,2019-09-17,2019-09-22,Standard Class,JS-15685,Jim Sink,Corporate,United States,Los Angeles,California,90036.0,West,OFF-PA-10000304,Office Supplies,Paper,Xerox 1995,6.48,1,0.0,3.1104000000000003
92,93,CA-2018-149587,2018-01-31,2018-02-05,Second Class,KB-16315,Karl Braun,Consumer,United States,Minneapolis,Minnesota,55407.0,Central,OFF-PA-10003177,Office Supplies,Paper,Xerox 1999,12.96,2,0.0,6.2208000000000006
93,94,CA-2018-149587,2018-01-31,2018-02-05,Second Class,KB-16315,Karl Braun,Consumer,United States,Minneapolis,Minnesota,55407.0,Central,FUR-FU-10003799,Furniture,Furnishings,"Seth Thomas 13 1/2"" Wall Clock",53.34,3,0.0,16.535399999999996
94,95,CA-2018-149587,2018-01-31,2018-02-05,Second Class,KB-16315,Karl Braun,Consumer,United States,Minneapolis,Minnesota,55407.0,Central,OFF-BI-10002852,Office Supplies,Binders,Ibico Standard Transparent Covers,32.96,2,0.0,16.1504
95,96,US-2020-109484,2020-11-06,2020-11-12,Standard Class,RB-19705,Roger Barcio,Home Office,United States,Portland,Oregon,97206.0,West,OFF-BI-10004738,Office Supplies,Binders,Flexible Leather- Look Classic Collection Ring Binder,5.682000000000001,1,0.7,-3.7880000000000003
96,97,CA-2020-161018,2020-11-09,2020-11-11,Second Class,PN-18775,Parhena Norris,Home Office,United States,New York City,New York,10009.0,East,FUR-FU-10000629,Furniture,Furnishings,9-3/4 Diameter Round Wall Clock,96.53,7,0.0,40.5426
97,98,CA-2020-157833,2020-06-17,2020-06-20,First Class,KD-16345,Katherine Ducich,Consumer,United States,San Francisco,California,94122.0,West,OFF-BI-10001721,Office Supplies,Binders,Trimflex Flexible Post Binders,51.312,3,0.2,17.9592
98,99,CA-2019-149223,2019-09-06,2019-09-11,Standard Class,ER-13855,Elpida Rittenbach,Corporate,United States,Saint Paul,Minnesota,55106.0,Central,OFF-AP-10000358,Office Supplies,Appliances,Fellowes Basic Home/Office Series Surge Protectors,77.88,6,0.0,22.585199999999993
99,100,CA-2019-158568,2019-08-29,2019-09-02,Standard Class,RB-19465,Rick Bensley,Home Office,United States,Chicago,Illinois,60610.0,Central,OFF-PA-10003256,Office Supplies,Paper,Avery Personal Creations Heavyweight Cards,64.624,7,0.2,22.618399999999994
100,101,CA-2019-158568,2019-08-29,2019-09-02,Standard Class,RB-19465,Rick Bensley,Home Office,United States,Chicago,Illinois,60610.0,Central,TEC-AC-10001767,Technology,Accessories,SanDisk Ultra 64 GB MicroSDHC Class 10 Memory Card,95.97600000000001,3,0.2,-10.79730000000001
101,102,CA-2019-158568,2019-08-29,2019-09-02,Standard Class,RB-19465,Rick Bensley,Home Office,United States,Chicago,Illinois,60610.0,Central,OFF-BI-10002609,Office Supplies,Binders,Avery Hidden Tab Dividers for Binding Systems,1.7879999999999996,3,0.8,-3.0396
102,103,CA-2019-129903,2019-12-01,2019-12-04,Second Class,GZ-14470,Gary Zandusky,Consumer,United States,Rochester,Minnesota,55901.0,Central,OFF-PA-10004040,Office Supplies,Paper,Universal Premium White Copier/Laser Paper (20Lb. and 87 Bright),23.92,4,0.0,11.7208
103,104,US-2018-156867,2018-11-13,2018-11-17,Standard Class,LC-16870,Lena Cacioppo,Consumer,United States,Aurora,Colorado,80013.0,West,TEC-AC-10001552,Technology,Accessories,Logitech K350 2.4Ghz Wireless Keyboard,238.89600000000002,6,0.2,-26.875800000000012
104,105,US-2018-156867,2018-11-13,2018-11-17,Standard Class,LC-16870,Lena Cacioppo,Consumer,United States,Aurora,Colorado,80013.0,West,FUR-FU-10004006,Furniture,Furnishings,"Deflect-o DuraMat Lighweight, Studded, Beveled Mat for Low Pile Carpeting",102.35999999999999,3,0.2,-3.8385000000000105
105,106,US-2018-156867,2018-11-13,2018-11-17,Standard Class,LC-16870,Lena Cacioppo,Consumer,United States,Aurora,Colorado,80013.0,West,OFF-BI-10002794,Office Supplies,Binders,"Avery Trapezoid Ring Binder, 3"" Capacity, Black, 1040 sheets",36.882000000000005,3,0.7,-25.8174
106,107,CA-2020-119004,2020-11-23,2020-11-28,Standard Class,JM-15250,Janet Martin,Consumer,United States,Charlotte,North Carolina,28205.0,South,TEC-AC-10003499,Technology,Accessories,Memorex Mini Travel Drive 8 GB USB 2.0 Flash Drive,74.11200000000001,8,0.2,17.6016
107,108,CA-2020-119004,2020-11-23,2020-11-28,Standard Class,JM-15250,Janet Martin,Consumer,United States,Charlotte,North Carolina,28205.0,South,TEC-PH-10002844,Technology,Phones,Speck Products Candyshell Flip Case,27.992000000000004,1,0.2,2.0993999999999993
108,109,CA-2020-119004,2020-11-23,2020-11-28,Standard Class,JM-15250,Janet Martin,Consumer,United States,Charlotte,North Carolina,28205.0,South,OFF-AR-10000390,Office Supplies,Art,Newell Chalk Holder,3.3040000000000003,1,0.2,1.0737999999999999
109,110,CA-2018-129476,2018-10-15,2018-10-20,Standard Class,PA-19060,Pete Armstrong,Home Office,United States,Orland Park,Illinois,60462.0,Central,TEC-AC-10000844,Technology,Accessories,Logitech Gaming G510s - Keyboard,339.96000000000004,5,0.2,67.99199999999996
110,111,CA-2020-146780,2020-12-25,2020-12-30,Standard Class,CV-12805,Cynthia Voltz,Corporate,United States,New York City,New York,10035.0,East,FUR-FU-10001934,Furniture,Furnishings,Magnifier Swing Arm Lamp,41.96,2,0.0,10.909600000000001
111,112,CA-2019-128867,2019-11-03,2019-11-10,Standard Class,CL-12565,Clay Ludtke,Consumer,United States,Urbandale,Iowa,50322.0,Central,OFF-AR-10000380,Office Supplies,Art,"Hunt PowerHouse Electric Pencil Sharpener, Blue",75.96,2,0.0,22.78799999999999
112,113,CA-2019-128867,2019-11-03,2019-11-10,Standard Class,CL-12565,Clay Ludtke,Consumer,United States,Urbandale,Iowa,50322.0,Central,OFF-BI-10003981,Office Supplies,Binders,"Avery Durable Plastic 1"" Binders",27.240000000000002,6,0.0,13.3476
113,114,CA-2017-115259,2017-08-25,2017-08-27,Second Class,RC-19960,Ryan Crowe,Consumer,United States,Columbus,Ohio,43229.0,East,OFF-FA-10000621,Office Supplies,Fasteners,"OIC Colored Binder Clips, Assorted Sizes",40.096000000000004,14,0.2,14.534799999999997
114,115,CA-2017-115259,2017-08-25,2017-08-27,Second Class,RC-19960,Ryan Crowe,Consumer,United States,Columbus,Ohio,43229.0,East,OFF-EN-10002600,Office Supplies,Envelopes,"Redi-Strip #10 Envelopes, 4 1/8 x 9 1/2",4.720000000000001,2,0.2,1.6519999999999997
115,116,CA-2017-115259,2017-08-25,2017-08-27,Second Class,RC-19960,Ryan Crowe,Consumer,United States,Columbus,Ohio,43229.0,East,OFF-PA-10004965,Office Supplies,Paper,Xerox 1921,23.976000000000003,3,0.2,7.492499999999999
116,117,CA-2017-115259,2017-08-25,2017-08-27,Second Class,RC-19960,Ryan Crowe,Consumer,United States,Columbus,Ohio,43229.0,East,OFF-EN-10002504,Office Supplies,Envelopes,"Tyvek  Top-Opening Peel & Seel Envelopes, Plain White",130.464,6,0.2,44.0316
117,118,CA-2018-110457,2018-03-02,2018-03-06,Standard Class,DK-13090,Dave Kipp,Consumer,United States,Seattle,Washington,98103.0,West,FUR-TA-10001768,Furniture,Tables,Hon Racetrack Conference Tables,787.53,3,0.0,165.38129999999995
118,119,US-2018-136476,2018-04-05,2018-04-10,Standard Class,GG-14650,Greg Guthrie,Corporate,United States,Bristol,Tennessee,37620.0,South,OFF-BI-10003650,Office Supplies,Binders,GBC DocuBind 300 Electric Binding Machine,157.79400000000004,1,0.7,-115.7156
119,120,CA-2019-103730,2019-06-12,2019-06-15,First Class,SC-20725,Steven Cartwright,Consumer,United States,Wilmington,Delaware,19805.0,East,FUR-FU-10002157,Furniture,Furnishings,Artistic Insta-Plaque,47.04,3,0.0,18.345599999999997
120,121,CA-2019-103730,2019-06-12,2019-06-15,First Class,SC-20725,Steven Cartwright,Consumer,United States,Wilmington,Delaware,19805.0,East,OFF-BI-10003910,Office Supplies,Binders,DXL Angle-View Binders with Locking Rings by Samsill,30.84,4,0.0,13.878
121,122,CA-2019-103730,2019-06-12,2019-06-15,First Class,SC-20725,Steven Cartwright,Consumer,United States,Wilmington,Delaware,19805.0,East,OFF-ST-10000777,Office Supplies,Storage,"Companion Letter/Legal File, Black",226.56,6,0.0,63.436800000000005
122,123,CA-2019-103730,2019-06-12,2019-06-15,First Class,SC-20725,Steven Cartwright,Consumer,United States,Wilmington,Delaware,19805.0,East,OFF-EN-10002500,Office Supplies,Envelopes,Globe Weis Peel & Seel First Class Envelopes,115.02,9,0.0,51.75899999999999
123,124,CA-2019-103730,2019-06-12,2019-06-15,First Class,SC-20725,Steven Cartwright,Consumer,United States,Wilmington,Delaware,19805.0,East,TEC-PH-10003875,Technology,Phones,KLD Oscar II Style Snap-on Ultra Thin Side Flip Synthetic Leather Cover Case for HTC One HTC M7,68.04,7,0.0,19.731599999999997
124,125,US-2017-152030,2017-12-26,2017-12-28,Second Class,AD-10180,Alan Dominguez,Home Office,United States,Houston,Texas,77041.0,Central,FUR-CH-10004063,Furniture,Chairs,Global Deluxe High-Back Manager's Chair,600.558,3,0.3,-8.579400000000078
125,126,US-2017-134614,2017-09-20,2017-09-25,Standard Class,PF-19165,Philip Fox,Consumer,United States,Bloomington,Illinois,61701.0,Central,FUR-TA-10004534,Furniture,Tables,Bevis 44 x 96 Conference Tables,617.7,6,0.5,-407.68200000000013
126,127,US-2020-107272,2020-11-05,2020-11-12,Standard Class,TS-21610,Troy Staebel,Consumer,United States,Phoenix,Arizona,85023.0,West,OFF-BI-10003274,Office Supplies,Binders,"Avery Durable Slant Ring Binders, No Labels",2.3880000000000003,2,0.7,-1.8308
127,128,US-2020-107272,2020-11-05,2020-11-12,Standard Class,TS-21610,Troy Staebel,Consumer,United States,Phoenix,Arizona,85023.0,West,OFF-ST-10002974,Office Supplies,Storage,"Trav-L-File Heavy-Duty Shuttle II, Black",243.99200000000002,7,0.2,30.49899999999998
128,129,US-2019-125969,2019-11-06,2019-11-10,Second Class,LS-16975,Lindsay Shagiari,Home Office,United States,Los Angeles,California,90004.0,West,FUR-CH-10001146,Furniture,Chairs,"Global Task Chair, Black",81.424,2,0.2,-9.160199999999996
129,130,US-2019-125969,2019-11-06,2019-11-10,Second Class,LS-16975,Lindsay Shagiari,Home Office,United States,Los Angeles,California,90004.0,West,FUR-FU-10003773,Furniture,Furnishings,Eldon Cleatmat Plus Chair Mats for High Pile Carpets,238.56,3,0.0,26.241599999999977
130,131,US-2020-164147,2020-02-02,2020-02-05,First Class,DW-13585,Dorothy Wardle,Corporate,United States,Columbus,Ohio,43229.0,East,TEC-PH-10002293,Technology,Phones,Anker 36W 4-Port USB Wall Charger Travel Power Adapter for iPhone 5s 5c 5,59.96999999999999,5,0.4,-11.993999999999993
131,132,US-2020-164147,2020-02-02,2020-02-05,First Class,DW-13585,Dorothy Wardle,Corporate,United States,Columbus,Ohio,43229.0,East,OFF-PA-10002377,Office Supplies,Paper,Xerox 1916,78.304,2,0.2,29.363999999999997
132,133,US-2020-164147,2020-02-02,2020-02-05,First Class,DW-13585,Dorothy Wardle,Corporate,United States,Columbus,Ohio,43229.0,East,OFF-FA-10002780,Office Supplies,Fasteners,Staples,21.456,9,0.2,6.973199999999998
133,134,CA-2019-145583,2019-10-13,2019-10-19,Standard Class,LC-16885,Lena Creighton,Consumer,United States,Roseville,California,95661.0,West,OFF-PA-10001804,Office Supplies,Paper,Xerox 195,20.04,3,0.0,9.6192
134,135,CA-2019-145583,2019-10-13,2019-10-19,Standard Class,LC-16885,Lena Creighton,Consumer,United States,Roseville,California,95661.0,West,OFF-PA-10001736,Office Supplies,Paper,Xerox 1880,35.44,1,0.0,16.656799999999997
135,136,CA-2019-145583,2019-10-13,2019-10-19,Standard Class,LC-16885,Lena Creighton,Consumer,United States,Roseville,California,95661.0,West,OFF-AR-10001149,Office Supplies,Art,"Sanford Colorific Colored Pencils, 12/Box",11.52,4,0.0,3.4559999999999995
136,137,CA-2019-145583,2019-10-13,2019-10-19,Standard Class,LC-16885,Lena Creighton,Consumer,United States,Roseville,California,95661.0,West,OFF-FA-10002988,Office Supplies,Fasteners,Ideal Clamps,4.02,2,0.0,1.9697999999999998
137,138,CA-2019-145583,2019-10-13,2019-10-19,Standard Class,LC-16885,Lena Creighton,Consumer,United States,Roseville,California,95661.0,West,OFF-BI-10004781,Office Supplies,Binders,GBC Wire Binding Strips,76.176,3,0.2,26.661599999999996
138,139,CA-2019-145583,2019-10-13,2019-10-19,Standard Class,LC-16885,Lena Creighton,Consumer,United States,Roseville,California,95661.0,West,OFF-SU-10001218,Office Supplies,Supplies,Fiskars Softgrip Scissors,65.88,6,0.0,18.446400000000004
139,140,CA-2019-145583,2019-10-13,2019-10-19,Standard Class,LC-16885,Lena Creighton,Consumer,United States,Roseville,California,95661.0,West,FUR-FU-10001706,Furniture,Furnishings,Longer-Life Soft White Bulbs,43.120000000000005,14,0.0,20.697599999999998
140,141,CA-2019-110366,2019-09-05,2019-09-07,Second Class,JD-15895,Jonathan Doherty,Corporate,United States,Philadelphia,Pennsylvania,19140.0,East,FUR-FU-10004848,Furniture,Furnishings,"Howard Miller 13-3/4"" Diameter Brushed Chrome Round Wall Clock",82.80000000000001,2,0.2,10.349999999999994
141,142,CA-2020-106180,2020-09-18,2020-09-23,Standard Class,SH-19975,Sally Hughsby,Corporate,United States,San Francisco,California,94122.0,West,OFF-AR-10000940,Office Supplies,Art,Newell 343,8.82,3,0.0,2.3814
142,143,CA-2020-106180,2020-09-18,2020-09-23,Standard Class,SH-19975,Sally Hughsby,Corporate,United States,San Francisco,California,94122.0,West,OFF-EN-10004030,Office Supplies,Envelopes,Convenience Packs of Business Envelopes,10.86,3,0.0,5.1042000000000005
143,144,CA-2020-106180,2020-09-18,2020-09-23,Standard Class,SH-19975,Sally Hughsby,Corporate,United States,San Francisco,California,94122.0,West,OFF-PA-10004327,Office Supplies,Paper,Xerox 1911,143.7,3,0.0,68.976
144,145,CA-2020-155376,2020-12-22,2020-12-27,Standard Class,SG-20080,Sandra Glassco,Consumer,United States,Independence,Missouri,64055.0,Central,OFF-AP-10001058,Office Supplies,Appliances,Sanyo 2.5 Cubic Foot Mid-Size Office Refrigerators,839.4300000000001,3,0.0,218.25179999999997
145,146,CA-2018-110744,2018-09-07,2018-09-12,Standard Class,HA-14920,Helen Andreada,Consumer,United States,Pasadena,California,91104.0,West,OFF-ST-10003656,Office Supplies,Storage,Safco Industrial Wire Shelving,671.93,7,0.0,20.157899999999998
146,147,CA-2017-110072,2017-10-22,2017-10-28,Standard Class,MG-17680,Maureen Gastineau,Home Office,United States,Newark,Ohio,43055.0,East,FUR-FU-10000521,Furniture,Furnishings,"Seth Thomas 14"" Putty-Colored Wall Clock",93.888,4,0.2,12.90959999999999
147,148,CA-2019-114489,2019-12-05,2019-12-09,Standard Class,JE-16165,Justin Ellison,Corporate,United States,Franklin,Wisconsin,53132.0,Central,TEC-PH-10000215,Technology,Phones,Plantronics Cordless Phone Headset with In-line Volume - M214C,384.45000000000005,11,0.0,103.80150000000003
148,149,CA-2019-114489,2019-12-05,2019-12-09,Standard Class,JE-16165,Justin Ellison,Corporate,United States,Franklin,Wisconsin,53132.0,Central,TEC-PH-10001448,Technology,Phones,Anker Astro 15000mAh USB Portable Charger,149.97,3,0.0,5.9987999999999815
149,150,CA-2019-114489,2019-12-05,2019-12-09,Standard Class,JE-16165,Justin Ellison,Corporate,United States,Franklin,Wisconsin,53132.0,Central,FUR-CH-10000454,Furniture,Chairs,"Hon Deluxe Fabric Upholstered Stacking Chairs, Rounded Back",1951.84,8,0.0,585.5519999999999
150,151,CA-2019-114489,2019-12-05,2019-12-09,Standard Class,JE-16165,Justin Ellison,Corporate,United States,Franklin,Wisconsin,53132.0,Central,OFF-BI-10002735,Office Supplies,Binders,GBC Prestige Therm-A-Bind Covers,171.55,5,0.0,80.6285
151,152,CA-2019-158834,2019-03-13,2019-03-16,First Class,TW-21025,Tamara Willingham,Home Office,United States,Scottsdale,Arizona,85254.0,West,OFF-AP-10000326,Office Supplies,Appliances,Belkin 7 Outlet SurgeMaster Surge Protector with Phone Protection,157.92,5,0.2,17.76599999999999
152,153,CA-2019-158834,2019-03-13,2019-03-16,First Class,TW-21025,Tamara Willingham,Home Office,United States,Scottsdale,Arizona,85254.0,West,TEC-PH-10001254,Technology,Phones,Jabra BIZ 2300 Duo QD Duo Corded Headset,203.184,2,0.2,15.23879999999999
153,154,CA-2018-124919,2018-05-31,2018-06-02,First Class,SP-20650,Stephanie Phelps,Corporate,United States,San Jose,California,95123.0,West,OFF-PA-10001950,Office Supplies,Paper,Southworth 25% Cotton Antique Laid Paper & Envelopes,58.379999999999995,7,0.0,26.270999999999994
154,155,CA-2018-124919,2018-05-31,2018-06-02,First Class,SP-20650,Stephanie Phelps,Corporate,United States,San Jose,California,95123.0,West,OFF-PA-10002254,Office Supplies,Paper,Xerox 1883,105.52,4,0.0,48.539199999999994
155,156,CA-2018-124919,2018-05-31,2018-06-02,First Class,SP-20650,Stephanie Phelps,Corporate,United States,San Jose,California,95123.0,West,OFF-ST-10001590,Office Supplies,Storage,"Tenex Personal Project File with Scoop Front Design, Black",80.88,6,0.0,21.028799999999997
156,157,CA-2018-118948,2018-05-28,2018-06-03,Standard Class,NK-18490,Neil Knudson,Home Office,United States,Seattle,Washington,98105.0,West,OFF-AR-10001547,Office Supplies,Art,Newell 311,6.63,3,0.0,1.7901
157,158,CA-2017-104269,2017-03-01,2017-03-06,Second Class,DB-13060,Dave Brooks,Consumer,United States,Seattle,Washington,98115.0,West,FUR-CH-10004063,Furniture,Chairs,Global Deluxe High-Back Manager's Chair,457.56800000000004,2,0.2,51.47639999999994
158,159,CA-2019-114104,2019-11-20,2019-11-24,Standard Class,NP-18670,Nora Paige,Consumer,United States,Edmond,Oklahoma,73034.0,Central,OFF-LA-10002475,Office Supplies,Labels,Avery 519,14.62,2,0.0,6.8713999999999995
159,160,CA-2019-114104,2019-11-20,2019-11-24,Standard Class,NP-18670,Nora Paige,Consumer,United States,Edmond,Oklahoma,73034.0,Central,TEC-PH-10004536,Technology,Phones,Avaya 5420 Digital phone,944.9300000000001,7,0.0,236.23250000000002
160,161,CA-2019-162733,2019-05-11,2019-05-12,First Class,TT-21070,Ted Trevino,Consumer,United States,Los Angeles,California,90045.0,West,OFF-PA-10002751,Office Supplies,Paper,Xerox 1920,5.98,1,0.0,2.691
161,162,CA-2018-119697,2018-12-28,2018-12-31,Second Class,EM-13960,Eric Murdock,Consumer,United States,Philadelphia,Pennsylvania,19134.0,East,TEC-AC-10003657,Technology,Accessories,Lenovo 17-Key USB Numeric Keypad,54.38400000000001,2,0.2,1.359599999999995
162,163,CA-2019-154508,2019-11-16,2019-11-20,Standard Class,RD-19900,Ruben Dartt,Consumer,United States,Carlsbad,New Mexico,88220.0,West,OFF-EN-10001990,Office Supplies,Envelopes,Staple envelope,28.4,5,0.0,13.347999999999997
163,164,CA-2019-113817,2019-11-07,2019-11-11,Standard Class,MJ-17740,Max Jones,Consumer,United States,Seattle,Washington,98115.0,West,OFF-BI-10004002,Office Supplies,Binders,Wilson Jones International Size A4 Ring Binders,27.680000000000003,2,0.2,9.687999999999999
164,165,CA-2017-139892,2017-09-08,2017-09-12,Standard Class,BM-11140,Becky Martin,Consumer,United States,San Antonio,Texas,78207.0,Central,OFF-AR-10004441,Office Supplies,Art,BIC Brite Liner Highlighters,9.936,3,0.2,2.7324
165,166,CA-2017-139892,2017-09-08,2017-09-12,Standard Class,BM-11140,Becky Martin,Consumer,United States,San Antonio,Texas,78207.0,Central,TEC-MA-10000822,Technology,Machines,Lexmark MX611dhe Monochrome Laser Printer,8159.951999999999,8,0.4,-1359.992000000002
166,167,CA-2017-139892,2017-09-08,2017-09-12,Standard Class,BM-11140,Becky Martin,Consumer,United States,San Antonio,Texas,78207.0,Central,OFF-ST-10000991,Office Supplies,Storage,Space Solutions HD Industrial Steel Shelving.,275.928,3,0.2,-58.634699999999995
167,168,CA-2017-139892,2017-09-08,2017-09-12,Standard Class,BM-11140,Becky Martin,Consumer,United States,San Antonio,Texas,78207.0,Central,FUR-CH-10004287,Furniture,Chairs,SAFCO Arco Folding Chair,1740.0599999999997,9,0.3,-24.858000000000175
168,169,CA-2017-139892,2017-09-08,2017-09-12,Standard Class,BM-11140,Becky Martin,Consumer,United States,San Antonio,Texas,78207.0,Central,OFF-AR-10002656,Office Supplies,Art,Sanford Liquid Accent Highlighters,32.064,6,0.2,6.813599999999997
169,170,CA-2017-139892,2017-09-08,2017-09-12,Standard Class,BM-11140,Becky Martin,Consumer,United States,San Antonio,Texas,78207.0,Central,OFF-AP-10002518,Office Supplies,Appliances,Kensington 7 Outlet MasterPiece Power Center,177.97999999999996,5,0.8,-453.84900000000005
170,171,CA-2017-139892,2017-09-08,2017-09-12,Standard Class,BM-11140,Becky Martin,Consumer,United States,San Antonio,Texas,78207.0,Central,TEC-PH-10003931,Technology,Phones,JBL Micro Wireless Portable Bluetooth Speaker,143.976,3,0.2,8.998500000000007
171,172,CA-2017-118962,2017-08-05,2017-08-09,Standard Class,CS-12130,Chad Sievert,Consumer,United States,Los Angeles,California,90004.0,West,OFF-PA-10000659,Office Supplies,Paper,"Adams Phone Message Book, Professional, 400 Message Capacity, 5 3/6” x 11”",20.94,3,0.0,9.841800000000001
172,173,CA-2017-118962,2017-08-05,2017-08-09,Standard Class,CS-12130,Chad Sievert,Consumer,United States,Los Angeles,California,90004.0,West,OFF-PA-10001144,Office Supplies,Paper,Xerox 1913,110.96,2,0.0,53.260799999999996
173,174,CA-2017-118962,2017-08-05,2017-08-09,Standard Class,CS-12130,Chad Sievert,Consumer,United States,Los Angeles,California,90004.0,West,FUR-CH-10003817,Furniture,Chairs,"Global Value Steno Chair, Gray",340.14400000000006,7,0.2,21.259
174,175,US-2017-100853,2017-09-14,2017-09-19,Standard Class,JB-15400,Jennifer Braxton,Corporate,United States,Chicago,Illinois,60623.0,Central,OFF-AP-10000891,Office Supplies,Appliances,Kensington 7 Outlet MasterPiece HOMEOFFICE Power Control Center,52.44799999999999,2,0.8,-131.12000000000003
175,176,US-2017-100853,2017-09-14,2017-09-19,Standard Class,JB-15400,Jennifer Braxton,Corporate,United States,Chicago,Illinois,60623.0,Central,OFF-LA-10003148,Office Supplies,Labels,Avery 51,20.16,4,0.2,6.551999999999999
176,177,US-2020-152366,2020-04-21,2020-04-25,Second Class,SJ-20500,Shirley Jackson,Consumer,United States,Houston,Texas,77036.0,Central,OFF-AP-10002684,Office Supplies,Appliances,"Acco 7-Outlet Masterpiece Power Center, Wihtout Fax/Phone Line Protection",97.26399999999998,4,0.8,-243.16000000000008
177,178,US-2018-101511,2018-11-21,2018-11-23,Second Class,JE-15745,Joel Eaton,Consumer,United States,Newark,Ohio,43055.0,East,FUR-CH-10004698,Furniture,Chairs,"Padded Folding Chairs, Black, 4/Carton",396.802,7,0.3,-11.337199999999939
178,179,US-2018-101511,2018-11-21,2018-11-23,Second Class,JE-15745,Joel Eaton,Consumer,United States,Newark,Ohio,43055.0,East,OFF-SU-10002189,Office Supplies,Supplies,Acme Rosewood Handle Letter Opener,15.88,5,0.2,-3.771500000000001
179,180,CA-2018-137225,2018-12-15,2018-12-19,Standard Class,JK-15640,Jim Kriz,Home Office,United States,New York City,New York,10009.0,East,OFF-AR-10001940,Office Supplies,Art,"Sanford Colorific Eraseable Coloring Pencils, 12 Count",3.28,1,0.0,1.4104
180,181,CA-2017-166191,2017-12-05,2017-12-09,Second Class,DK-13150,David Kendrick,Corporate,United States,Decatur,Illinois,62521.0,Central,OFF-ST-10003455,Office Supplies,Storage,"Tenex File Box, Personal Filing Tote with Lid, Black",24.816000000000003,2,0.2,1.8612000000000002
181,182,CA-2017-166191,2017-12-05,2017-12-09,Second Class,DK-13150,David Kendrick,Corporate,United States,Decatur,Illinois,62521.0,Central,TEC-AC-10004659,Technology,Accessories,Imation Secure+ Hardware Encrypted USB 2.0 Flash Drive; 16GB,408.74399999999997,7,0.2,76.63949999999998
182,183,CA-2017-158274,2017-11-19,2017-11-24,Second Class,RM-19675,Robert Marley,Home Office,United States,Monroe,Louisiana,71203.0,South,TEC-PH-10003273,Technology,Phones,AT&T TR1909W,503.96,4,0.0,131.02960000000002
183,184,CA-2017-158274,2017-11-19,2017-11-24,Second Class,RM-19675,Robert Marley,Home Office,United States,Monroe,Louisiana,71203.0,South,TEC-PH-10004896,Technology,Phones,Nokia Lumia 521 (T-Mobile),149.95,5,0.0,41.986000000000004
184,185,CA-2017-158274,2017-11-19,2017-11-24,Second Class,RM-19675,Robert Marley,Home Office,United States,Monroe,Louisiana,71203.0,South,TEC-AC-10002345,Technology,Accessories,HP Standard 104 key PS/2 Keyboard,29.0,2,0.0,7.25
185,186,CA-2019-105018,2019-11-28,2019-12-02,Standard Class,SK-19990,Sally Knutson,Consumer,United States,Fairfield,Connecticut,6824.0,East,OFF-BI-10001890,Office Supplies,Binders,Avery Poly Binder Pockets,7.16,2,0.0,3.4368
186,187,CA-2017-123260,2017-08-26,2017-08-30,Standard Class,FM-14290,Frank Merwin,Home Office,United States,Los Angeles,California,90032.0,West,TEC-AC-10002323,Technology,Accessories,SanDisk Ultra 32 GB MicroSDHC Class 10 Memory Card,176.8,8,0.0,22.98400000000001
187,188,CA-2019-157000,2019-07-16,2019-07-22,Standard Class,AM-10360,Alice McCarthy,Corporate,United States,Grand Prairie,Texas,75051.0,Central,OFF-ST-10001328,Office Supplies,Storage,"Personal Filing Tote with Lid, Black/Gray",37.224000000000004,3,0.2,3.7224000000000004
188,189,CA-2019-157000,2019-07-16,2019-07-22,Standard Class,AM-10360,Alice McCarthy,Corporate,United States,Grand Prairie,Texas,75051.0,Central,OFF-PA-10001950,Office Supplies,Paper,Southworth 25% Cotton Antique Laid Paper & Envelopes,20.016000000000002,3,0.2,6.254999999999996
189,190,CA-2018-102281,2018-10-12,2018-10-14,First Class,MP-17470,Mark Packer,Home Office,United States,New York City,New York,10035.0,East,FUR-BO-10002613,Furniture,Bookcases,"Atlantic Metals Mobile 4-Shelf Bookcases, Custom Colors",899.1360000000001,4,0.2,112.39199999999991
190,191,CA-2018-102281,2018-10-12,2018-10-14,First Class,MP-17470,Mark Packer,Home Office,United States,New York City,New York,10035.0,East,TEC-PH-10001552,Technology,Phones,I Need's 3d Hello Kitty Hybrid Silicone Case Cover for HTC One X 4g with 3d Hello Kitty Stylus Pen Green/pink,71.76,6,0.0,20.092800000000004
191,192,CA-2018-102281,2018-10-12,2018-10-14,First Class,MP-17470,Mark Packer,Home Office,United States,New York City,New York,10035.0,East,OFF-PA-10000061,Office Supplies,Paper,Xerox 205,51.84,8,0.0,24.883200000000002
192,193,CA-2018-102281,2018-10-12,2018-10-14,First Class,MP-17470,Mark Packer,Home Office,United States,New York City,New York,10035.0,East,FUR-BO-10002545,Furniture,Bookcases,"Atlantic Metals Mobile 3-Shelf Bookcases, Custom Colors",626.3520000000001,3,0.2,46.97640000000001
193,194,CA-2018-102281,2018-10-12,2018-10-14,First Class,MP-17470,Mark Packer,Home Office,United States,New York City,New York,10035.0,East,OFF-AR-10003514,Office Supplies,Art,4009 Highlighters by Sanford,19.9,5,0.0,6.566999999999998
194,195,CA-2018-131457,2018-10-31,2018-11-06,Standard Class,MZ-17515,Mary Zewe,Corporate,United States,Redlands,California,92374.0,West,OFF-EN-10001509,Office Supplies,Envelopes,Poly String Tie Envelopes,14.280000000000001,7,0.0,6.711599999999999
195,196,CA-2017-140004,2017-03-21,2017-03-25,Standard Class,CB-12025,Cassandra Brandow,Consumer,United States,Hamilton,Ohio,45011.0,East,OFF-AR-10004685,Office Supplies,Art,"Binney & Smith Crayola Metallic Colored Pencils, 8-Color Set",7.408,2,0.2,1.2037999999999995
196,197,CA-2017-140004,2017-03-21,2017-03-25,Standard Class,CB-12025,Cassandra Brandow,Consumer,United States,Hamilton,Ohio,45011.0,East,OFF-AR-10004027,Office Supplies,Art,"Binney & Smith inkTank Erasable Desk Highlighter, Chisel Tip, Yellow, 12/Box",6.048,3,0.2,1.5876000000000006
197,198,CA-2020-107720,2020-11-06,2020-11-13,Standard Class,VM-21685,Valerie Mitchum,Home Office,United States,Westfield,New Jersey,7090.0,East,OFF-ST-10001414,Office Supplies,Storage,Decoflex Hanging Personal Folder File,46.26,3,0.0,12.0276
198,199,US-2020-124303,2020-07-06,2020-07-13,Standard Class,FH-14365,Fred Hopkins,Corporate,United States,Philadelphia,Pennsylvania,19120.0,East,OFF-BI-10000343,Office Supplies,Binders,"Pressboard Covers with Storage Hooks, 9 1/2"" x 11"", Light Blue",2.9460000000000006,2,0.7,-2.2585999999999995
199,200,US-2020-124303,2020-07-06,2020-07-13,Standard Class,FH-14365,Fred Hopkins,Corporate,United States,Philadelphia,Pennsylvania,19120.0,East,OFF-PA-10002749,Office Supplies,Paper,"Wirebound Message Books, 5-1/2 x 4 Forms, 2 or 4 Forms per Page",16.056,3,0.2,5.8203000000000005
200,201,CA-2020-105074,2020-06-24,2020-06-29,Standard Class,MB-17305,Maria Bertelson,Consumer,United States,Akron,Ohio,44312.0,East,OFF-PA-10002666,Office Supplies,Paper,Southworth 25% Cotton Linen-Finish Paper & Envelopes,21.744000000000003,3,0.2,6.794999999999999
201,202,CA-2017-133690,2017-08-03,2017-08-05,First Class,BS-11755,Bruce Stewart,Consumer,United States,Denver,Colorado,80219.0,West,FUR-TA-10004289,Furniture,Tables,BoxOffice By Design Rectangular and Half-Moon Meeting Room Tables,218.75,2,0.5,-161.875
202,203,CA-2017-133690,2017-08-03,2017-08-05,First Class,BS-11755,Bruce Stewart,Consumer,United States,Denver,Colorado,80219.0,West,OFF-AP-10003622,Office Supplies,Appliances,"Bravo II Megaboss 12-Amp Hard Body Upright, Replacement Belts, 2 Belts per Pack",2.6,1,0.2,0.29249999999999987
203,204,US-2020-116701,2020-12-17,2020-12-21,Second Class,LC-17140,Logan Currie,Consumer,United States,Dallas,Texas,75220.0,Central,OFF-AP-10003217,Office Supplies,Appliances,Eureka Sanitaire  Commercial Upright,66.28399999999999,2,0.8,-178.9668
204,205,CA-2020-126382,2020-06-03,2020-06-07,Standard Class,HK-14890,Heather Kirkland,Corporate,United States,Franklin,Tennessee,37064.0,South,FUR-FU-10002960,Furniture,Furnishings,"Eldon 200 Class Desk Accessories, Burgundy",35.168000000000006,7,0.2,9.671200000000002
205,206,CA-2020-108329,2020-12-09,2020-12-14,Standard Class,LE-16810,Laurel Elliston,Consumer,United States,Whittier,California,90604.0,West,TEC-PH-10001918,Technology,Phones,Nortel Business Series Terminal T7208 Digital phone,444.76800000000003,4,0.2,44.476800000000026
206,207,CA-2020-135860,2020-12-01,2020-12-07,Standard Class,JH-15985,Joseph Holt,Consumer,United States,Saginaw,Michigan,48601.0,Central,OFF-ST-10000642,Office Supplies,Storage,"Tennsco Lockers, Gray",83.92,4,0.0,5.874399999999994
207,208,CA-2020-135860,2020-12-01,2020-12-07,Standard Class,JH-15985,Joseph Holt,Consumer,United States,Saginaw,Michigan,48601.0,Central,TEC-PH-10001700,Technology,Phones,Panasonic KX-TG6844B Expandable Digital Cordless Telephone,131.98,2,0.0,35.634600000000006
208,209,CA-2020-135860,2020-12-01,2020-12-07,Standard Class,JH-15985,Joseph Holt,Consumer,United States,Saginaw,Michigan,48601.0,Central,OFF-BI-10003274,Office Supplies,Binders,"Avery Durable Slant Ring Binders, No Labels",15.92,4,0.0,7.4824
209,210,CA-2020-135860,2020-12-01,2020-12-07,Standard Class,JH-15985,Joseph Holt,Consumer,United States,Saginaw,Michigan,48601.0,Central,OFF-FA-10000134,Office Supplies,Fasteners,"Advantus Push Pins, Aluminum Head",52.29,9,0.0,16.209899999999998
210,211,CA-2020-135860,2020-12-01,2020-12-07,Standard Class,JH-15985,Joseph Holt,Consumer,United States,Saginaw,Michigan,48601.0,Central,OFF-ST-10001522,Office Supplies,Storage,"Gould Plastics 18-Pocket Panel Bin, 34w x 5-1/4d x 20-1/2h",91.99,1,0.0,3.6795999999999935
211,212,CA-2018-101007,2018-02-09,2018-02-13,Second Class,MS-17980,Michael Stewart,Corporate,United States,Dallas,Texas,75220.0,Central,TEC-AC-10001266,Technology,Accessories,Memorex Micro Travel Drive 8 GB,20.8,2,0.2,6.499999999999999
212,213,CA-2018-146262,2018-01-02,2018-01-09,Standard Class,VW-21775,Victoria Wilson,Corporate,United States,Medina,Ohio,44256.0,East,OFF-LA-10004544,Office Supplies,Labels,Avery 505,23.680000000000003,2,0.2,8.879999999999999
213,214,CA-2018-146262,2018-01-02,2018-01-09,Standard Class,VW-21775,Victoria Wilson,Corporate,United States,Medina,Ohio,44256.0,East,FUR-BO-10004695,Furniture,Bookcases,O'Sullivan 2-Door Barrister Bookcase in Odessa Pine,452.45,5,0.5,-244.32300000000006
214,215,CA-2018-146262,2018-01-02,2018-01-09,Standard Class,VW-21775,Victoria Wilson,Corporate,United States,Medina,Ohio,44256.0,East,TEC-PH-10002844,Technology,Phones,Speck Products Candyshell Flip Case,62.982,3,0.4,-14.695800000000006
215,216,CA-2018-146262,2018-01-02,2018-01-09,Standard Class,VW-21775,Victoria Wilson,Corporate,United States,Medina,Ohio,44256.0,East,TEC-MA-10000864,Technology,Machines,Cisco 9971 IP Video Phone Charcoal,1188.0000000000002,9,0.7,-950.4000000000001
216,217,CA-2018-146262,2018-01-02,2018-01-09,Standard Class,VW-21775,Victoria Wilson,Corporate,United States,Medina,Ohio,44256.0,East,TEC-AC-10000109,Technology,Accessories,Sony Micro Vault Click 16 GB USB 2.0 Flash Drive,89.584,2,0.2,4.479200000000006
217,218,CA-2019-130162,2019-10-28,2019-11-01,Standard Class,JH-15910,Jonathan Howell,Consumer,United States,Los Angeles,California,90032.0,West,OFF-ST-10001328,Office Supplies,Storage,"Personal Filing Tote with Lid, Black/Gray",93.06,6,0.0,26.056800000000003
218,219,CA-2019-130162,2019-10-28,2019-11-01,Standard Class,JH-15910,Jonathan Howell,Consumer,United States,Los Angeles,California,90032.0,West,TEC-PH-10002563,Technology,Phones,Adtran 1202752G1,302.376,3,0.2,22.678200000000018
219,220,CA-2018-169397,2018-12-24,2018-12-27,First Class,JB-15925,Joni Blumstein,Consumer,United States,Dublin,Ohio,43017.0,East,OFF-FA-10000585,Office Supplies,Fasteners,OIC Bulk Pack Metal Binder Clips,5.5840000000000005,2,0.2,1.8147999999999997
220,221,CA-2018-169397,2018-12-24,2018-12-27,First Class,JB-15925,Joni Blumstein,Consumer,United States,Dublin,Ohio,43017.0,East,OFF-PA-10004000,Office Supplies,Paper,"While You Were Out Pads, 50 per Pad, 4 x 5 1/4, Green Cycle",22.704000000000004,6,0.2,8.2302
221,222,CA-2018-169397,2018-12-24,2018-12-27,First Class,JB-15925,Joni Blumstein,Consumer,United States,Dublin,Ohio,43017.0,East,OFF-BI-10002852,Office Supplies,Binders,Ibico Standard Transparent Covers,19.776000000000003,4,0.7,-13.843199999999996
222,223,CA-2018-169397,2018-12-24,2018-12-27,First Class,JB-15925,Joni Blumstein,Consumer,United States,Dublin,Ohio,43017.0,East,FUR-FU-10000087,Furniture,Furnishings,"Executive Impressions 14"" Two-Color Numerals Wall Clock",72.704,4,0.2,19.084800000000005
223,224,CA-2018-169397,2018-12-24,2018-12-27,First Class,JB-15925,Joni Blumstein,Consumer,United States,Dublin,Ohio,43017.0,East,TEC-MA-10001148,Technology,Machines,Swingline SM12-08 MicroCut Jam Free Shredder,479.98800000000006,4,0.7,-383.9904
224,225,CA-2018-169397,2018-12-24,2018-12-27,First Class,JB-15925,Joni Blumstein,Consumer,United States,Dublin,Ohio,43017.0,East,OFF-AR-10001958,Office Supplies,Art,Stanley Bostitch Contemporary Electric Pencil Sharpeners,27.168000000000003,2,0.2,2.7168
225,226,CA-2018-163055,2018-08-09,2018-08-16,Standard Class,DS-13180,David Smith,Corporate,United States,Detroit,Michigan,48227.0,Central,OFF-AR-10001026,Office Supplies,Art,"Sanford Uni-Blazer View Highlighters, Chisel Tip, Yellow",2.2,1,0.0,0.9680000000000002
226,227,CA-2018-163055,2018-08-09,2018-08-16,Standard Class,DS-13180,David Smith,Corporate,United States,Detroit,Michigan,48227.0,Central,FUR-TA-10003748,Furniture,Tables,Bevis 36 x 72 Conference Tables,622.4499999999999,5,0.0,136.939
227,228,CA-2018-163055,2018-08-09,2018-08-16,Standard Class,DS-13180,David Smith,Corporate,United States,Detroit,Michigan,48227.0,Central,OFF-ST-10002485,Office Supplies,Storage,Rogers Deluxe File Chest,21.98,1,0.0,0.21979999999999933
228,229,US-2018-145436,2018-02-28,2018-03-04,Standard Class,VD-21670,Valerie Dominguez,Consumer,United States,Columbia,Tennessee,38401.0,South,FUR-CH-10004860,Furniture,Chairs,Global Low Back Tilter Chair,161.568,2,0.2,-28.27440000000002
229,230,US-2018-145436,2018-02-28,2018-03-04,Standard Class,VD-21670,Valerie Dominguez,Consumer,United States,Columbia,Tennessee,38401.0,South,FUR-CH-10004477,Furniture,Chairs,"Global Push Button Manager's Chair, Indigo",389.696,8,0.2,43.84079999999997
230,231,US-2017-156216,2017-09-13,2017-09-17,Standard Class,EA-14035,Erin Ashbrook,Corporate,United States,Charlotte,North Carolina,28205.0,South,OFF-BI-10001679,Office Supplies,Binders,GBC Instant Index System for Binding Systems,18.648000000000003,7,0.7,-12.431999999999999
231,232,US-2020-100930,2020-04-07,2020-04-12,Standard Class,CS-12400,Christopher Schild,Home Office,United States,Tampa,Florida,33614.0,South,FUR-TA-10001705,Furniture,Tables,Bush Advantage Collection Round Conference Table,233.86,2,0.45,-102.04800000000003
232,233,US-2020-100930,2020-04-07,2020-04-12,Standard Class,CS-12400,Christopher Schild,Home Office,United States,Tampa,Florida,33614.0,South,FUR-TA-10003473,Furniture,Tables,Bretford Rectangular Conference Table Tops,620.6145000000001,3,0.45,-248.24579999999992
233,234,US-2020-100930,2020-04-07,2020-04-12,Standard Class,CS-12400,Christopher Schild,Home Office,United States,Tampa,Florida,33614.0,South,OFF-BI-10001679,Office Supplies,Binders,GBC Instant Index System for Binding Systems,5.328000000000001,2,0.7,-3.5519999999999996
234,235,US-2020-100930,2020-04-07,2020-04-12,Standard Class,CS-12400,Christopher Schild,Home Office,United States,Tampa,Florida,33614.0,South,FUR-FU-10004017,Furniture,Furnishings,"Tenex Contemporary Contur Chairmats for Low and Medium Pile Carpet, Computer, 39"" x 49""",258.072,3,0.2,0.0
235,236,US-2020-100930,2020-04-07,2020-04-12,Standard Class,CS-12400,Christopher Schild,Home Office,United States,Tampa,Florida,33614.0,South,TEC-AC-10003832,Technology,Accessories,Logitech P710e Mobile Speakerphone,617.9760000000001,3,0.2,-7.724700000000098
236,237,CA-2020-160514,2020-11-12,2020-11-16,Standard Class,DB-13120,David Bremer,Corporate,United States,Santa Clara,California,95051.0,West,OFF-PA-10002479,Office Supplies,Paper,Xerox 4200 Series MultiUse Premium Copy Paper (20Lb. and 84 Bright),10.56,2,0.0,4.752
237,238,CA-2019-157749,2019-06-04,2019-06-09,Second Class,KL-16645,Ken Lonsdale,Consumer,United States,Chicago,Illinois,60610.0,Central,OFF-PA-10003349,Office Supplies,Paper,Xerox 1957,25.920000000000005,5,0.2,9.396
238,239,CA-2019-157749,2019-06-04,2019-06-09,Second Class,KL-16645,Ken Lonsdale,Consumer,United States,Chicago,Illinois,60610.0,Central,FUR-FU-10000576,Furniture,Furnishings,Luxo Professional Fluorescent Magnifier Lamp with Clamp-Mount Base,419.68000000000006,5,0.6,-356.72799999999995
239,240,CA-2019-157749,2019-06-04,2019-06-09,Second Class,KL-16645,Ken Lonsdale,Consumer,United States,Chicago,Illinois,60610.0,Central,FUR-FU-10004351,Furniture,Furnishings,Staple-based wall hangings,11.688,3,0.6,-4.6751999999999985
240,241,CA-2019-157749,2019-06-04,2019-06-09,Second Class,KL-16645,Ken Lonsdale,Consumer,United States,Chicago,Illinois,60610.0,Central,TEC-PH-10000011,Technology,Phones,PureGear Roll-On Screen Protector,31.983999999999998,2,0.2,11.194399999999998
241,242,CA-2019-157749,2019-06-04,2019-06-09,Second Class,KL-16645,Ken Lonsdale,Consumer,United States,Chicago,Illinois,60610.0,Central,FUR-TA-10002607,Furniture,Tables,KI Conference Tables,177.225,5,0.5,-120.51299999999998
242,243,CA-2019-157749,2019-06-04,2019-06-09,Second Class,KL-16645,Ken Lonsdale,Consumer,United States,Chicago,Illinois,60610.0,Central,FUR-FU-10002505,Furniture,Furnishings,Eldon 100 Class Desk Accessories,4.0440000000000005,3,0.6,-2.8307999999999995
243,244,CA-2019-157749,2019-06-04,2019-06-09,Second Class,KL-16645,Ken Lonsdale,Consumer,United States,Chicago,Illinois,60610.0,Central,OFF-AR-10004685,Office Supplies,Art,"Binney & Smith Crayola Metallic Colored Pencils, 8-Color Set",7.408,2,0.2,1.2037999999999995
244,245,CA-2017-131926,2017-06-01,2017-06-06,Second Class,DW-13480,Dianna Wilson,Home Office,United States,Lakeville,Minnesota,55044.0,Central,FUR-CH-10004063,Furniture,Chairs,Global Deluxe High-Back Manager's Chair,2001.8600000000001,7,0.0,580.5393999999999
245,246,CA-2017-131926,2017-06-01,2017-06-06,Second Class,DW-13480,Dianna Wilson,Home Office,United States,Lakeville,Minnesota,55044.0,Central,OFF-ST-10002276,Office Supplies,Storage,Safco Steel Mobile File Cart,166.72,2,0.0,41.68000000000001
246,247,CA-2017-131926,2017-06-01,2017-06-06,Second Class,DW-13480,Dianna Wilson,Home Office,United States,Lakeville,Minnesota,55044.0,Central,OFF-PA-10004082,Office Supplies,Paper,"Adams Telephone Message Book w/Frequently-Called Numbers Space, 400 Messages per Book",47.88,6,0.0,23.94
247,248,CA-2017-131926,2017-06-01,2017-06-06,Second Class,DW-13480,Dianna Wilson,Home Office,United States,Lakeville,Minnesota,55044.0,Central,OFF-AP-10002945,Office Supplies,Appliances,Honeywell Enviracaire Portable HEPA Air Cleaner for 17' x 22' Room,1503.25,5,0.0,496.07249999999993
248,249,CA-2017-131926,2017-06-01,2017-06-06,Second Class,DW-13480,Dianna Wilson,Home Office,United States,Lakeville,Minnesota,55044.0,Central,OFF-PA-10000061,Office Supplies,Paper,Xerox 205,25.92,4,0.0,12.441600000000001
249,250,CA-2019-154739,2019-12-10,2019-12-15,Second Class,LH-17155,Logan Haushalter,Consumer,United States,San Francisco,California,94109.0,West,FUR-CH-10002965,Furniture,Chairs,"Global Leather Highback Executive Chair with Pneumatic Height Adjustment, Black",321.568,2,0.2,28.137200000000007
250,251,CA-2019-145625,2019-09-11,2019-09-17,Standard Class,KC-16540,Kelly Collister,Consumer,United States,San Diego,California,92037.0,West,OFF-PA-10004569,Office Supplies,Paper,"Wirebound Message Books, Two 4 1/4"" x 5"" Forms per Page",7.61,1,0.0,3.5766999999999998
251,252,CA-2019-145625,2019-09-11,2019-09-17,Standard Class,KC-16540,Kelly Collister,Consumer,United States,San Diego,California,92037.0,West,TEC-AC-10003832,Technology,Accessories,Logitech P710e Mobile Speakerphone,3347.37,13,0.0,636.0002999999997
252,253,CA-2019-146941,2019-12-10,2019-12-13,First Class,DL-13315,Delfina Latchford,Consumer,United States,New York City,New York,10024.0,East,OFF-ST-10001228,Office Supplies,Storage,"Fellowes Personal Hanging Folder Files, Navy",80.58,6,0.0,22.562400000000004
253,254,CA-2019-146941,2019-12-10,2019-12-13,First Class,DL-13315,Delfina Latchford,Consumer,United States,New York City,New York,10024.0,East,OFF-EN-10003296,Office Supplies,Envelopes,Tyvek Side-Opening Peel & Seel Expanding Envelopes,361.92,4,0.0,162.864
254,255,US-2018-159982,2018-11-28,2018-12-04,Standard Class,DR-12880,Dan Reichenbach,Corporate,United States,Chicago,Illinois,60623.0,Central,FUR-FU-10002505,Furniture,Furnishings,Eldon 100 Class Desk Accessories,12.132000000000001,9,0.6,-8.492399999999998
255,256,US-2018-159982,2018-11-28,2018-12-04,Standard Class,DR-12880,Dan Reichenbach,Corporate,United States,Chicago,Illinois,60623.0,Central,OFF-ST-10004804,Office Supplies,Storage,"Belkin 19"" Vented Equipment Shelf, Black",82.368,2,0.2,-19.562399999999997
256,257,US-2018-159982,2018-11-28,2018-12-04,Standard Class,DR-12880,Dan Reichenbach,Corporate,United States,Chicago,Illinois,60623.0,Central,OFF-ST-10001590,Office Supplies,Storage,"Tenex Personal Project File with Scoop Front Design, Black",53.92,5,0.2,4.043999999999997
257,258,US-2018-159982,2018-11-28,2018-12-04,Standard Class,DR-12880,Dan Reichenbach,Corporate,United States,Chicago,Illinois,60623.0,Central,TEC-PH-10001580,Technology,Phones,Logitech Mobile Speakerphone P710e - speaker phone,647.904,6,0.2,56.691599999999966
258,259,CA-2020-163139,2020-12-01,2020-12-03,Second Class,CC-12670,Craig Carreira,Consumer,United States,New York City,New York,10009.0,East,TEC-AC-10000290,Technology,Accessories,Sabrent 4-Port USB 2.0 Hub,20.37,3,0.0,6.925800000000001
259,260,CA-2020-163139,2020-12-01,2020-12-03,Second Class,CC-12670,Craig Carreira,Consumer,United States,New York City,New York,10009.0,East,OFF-ST-10002790,Office Supplies,Storage,Safco Industrial Shelving,221.54999999999998,3,0.0,6.646500000000017
260,261,CA-2020-163139,2020-12-01,2020-12-03,Second Class,CC-12670,Craig Carreira,Consumer,United States,New York City,New York,10009.0,East,OFF-BI-10003460,Office Supplies,Binders,Acco 3-Hole Punch,17.52,5,0.2,6.131999999999999
261,262,US-2020-155299,2020-06-08,2020-06-12,Standard Class,Dl-13600,Dorris liebe,Corporate,United States,Pasadena,Texas,77506.0,Central,OFF-AP-10002203,Office Supplies,Appliances,Eureka Disposable Bags for Sanitaire Vibra Groomer I Upright Vac,1.6239999999999994,2,0.8,-4.466
262,263,US-2017-106992,2017-09-19,2017-09-21,Second Class,SB-20290,Sean Braxton,Corporate,United States,Houston,Texas,77036.0,Central,TEC-MA-10000822,Technology,Machines,Lexmark MX611dhe Monochrome Laser Printer,3059.982,3,0.4,-509.99700000000075
263,264,US-2017-106992,2017-09-19,2017-09-21,Second Class,SB-20290,Sean Braxton,Corporate,United States,Houston,Texas,77036.0,Central,TEC-MA-10003353,Technology,Machines,Xerox WorkCentre 6505DN Laser Multifunction Printer,2519.9579999999996,7,0.4,-251.99579999999992
264,265,CA-2019-125318,2019-06-06,2019-06-13,Standard Class,RC-19825,Roy Collins,Consumer,United States,Chicago,Illinois,60610.0,Central,TEC-PH-10001433,Technology,Phones,Cisco Small Business SPA 502G VoIP phone,328.224,4,0.2,28.7196
265,266,CA-2018-155040,2018-11-10,2018-11-15,Standard Class,AH-10210,Alan Hwang,Consumer,United States,Brentwood,California,94513.0,West,TEC-AC-10004469,Technology,Accessories,Microsoft Sculpt Comfort Mouse,79.9,2,0.0,35.156000000000006
266,267,CA-2020-136826,2020-06-16,2020-06-20,Standard Class,CB-12535,Claudia Bergmann,Corporate,United States,Chapel Hill,North Carolina,27514.0,South,OFF-AR-10003602,Office Supplies,Art,"Quartet Omega Colored Chalk, 12/Pack",14.015999999999998,3,0.2,4.7303999999999995
267,268,CA-2019-111010,2019-01-22,2019-01-28,Standard Class,PG-18895,Paul Gonzalez,Consumer,United States,Morristown,New Jersey,7960.0,East,OFF-FA-10003472,Office Supplies,Fasteners,Bagged Rubber Bands,7.5600000000000005,6,0.0,0.3024
268,269,US-2020-145366,2020-12-09,2020-12-13,Standard Class,CA-12310,Christine Abelman,Corporate,United States,Cincinnati,Ohio,45231.0,East,OFF-ST-10004180,Office Supplies,Storage,Safco Commercial Shelving,37.208,1,0.2,-7.441600000000001
269,270,US-2020-145366,2020-12-09,2020-12-13,Standard Class,CA-12310,Christine Abelman,Corporate,United States,Cincinnati,Ohio,45231.0,East,OFF-EN-10004386,Office Supplies,Envelopes,"Recycled Interoffice Envelopes with String and Button Closure, 10 x 13",57.576,3,0.2,21.591
270,271,CA-2020-163979,2020-12-28,2021-01-02,Second Class,KH-16690,Kristen Hastings,Corporate,United States,San Francisco,California,94110.0,West,OFF-ST-10003208,Office Supplies,Storage,Adjustable Depth Letter/Legal Cart,725.84,4,0.0,210.4935999999999
271,272,CA-2018-155334,2018-07-30,2018-07-31,First Class,HA-14920,Helen Andreada,Consumer,United States,San Francisco,California,94109.0,West,TEC-AC-10003628,Technology,Accessories,Logitech 910-002974 M325 Wireless Mouse for Web Scrolling,209.92999999999998,7,0.0,92.36920000000002
272,273,CA-2018-155334,2018-07-30,2018-07-31,First Class,HA-14920,Helen Andreada,Consumer,United States,San Francisco,California,94109.0,West,FUR-FU-10003274,Furniture,Furnishings,Regeneration Desk Collection,5.28,3,0.0,2.3232000000000004
273,274,CA-2018-155334,2018-07-30,2018-07-31,First Class,HA-14920,Helen Andreada,Consumer,United States,San Francisco,California,94109.0,West,OFF-BI-10002557,Office Supplies,Binders,Presstex Flexible Ring Binders,10.92,3,0.2,4.094999999999999
274,275,CA-2020-118136,2020-09-16,2020-09-17,First Class,BB-10990,Barry Blumstein,Corporate,United States,Inglewood,California,90301.0,West,OFF-PA-10002615,Office Supplies,Paper,"Ampad Gold Fibre Wirebound Steno Books, 6"" x 9"", Gregg Ruled",8.82,2,0.0,4.0572
275,276,CA-2020-118136,2020-09-16,2020-09-17,First Class,BB-10990,Barry Blumstein,Corporate,United States,Inglewood,California,90301.0,West,OFF-AR-10001427,Office Supplies,Art,Newell 330,5.98,1,0.0,1.5548000000000002
276,277,CA-2020-132976,2020-10-13,2020-10-17,Standard Class,AG-10495,Andrew Gjertsen,Corporate,United States,Philadelphia,Pennsylvania,19140.0,East,OFF-PA-10000673,Office Supplies,Paper,"Post-it “Important Message” Note Pad, Neon Colors, 50 Sheets/Pad",11.648000000000001,2,0.2,4.0768
277,278,CA-2020-132976,2020-10-13,2020-10-17,Standard Class,AG-10495,Andrew Gjertsen,Corporate,United States,Philadelphia,Pennsylvania,19140.0,East,OFF-PA-10004470,Office Supplies,Paper,"Adams Write n' Stick Phone Message Book, 11"" X 5 1/4"", 200 Messages",18.176,4,0.2,5.907199999999999
278,279,CA-2020-132976,2020-10-13,2020-10-17,Standard Class,AG-10495,Andrew Gjertsen,Corporate,United States,Philadelphia,Pennsylvania,19140.0,East,OFF-ST-10000876,Office Supplies,Storage,Eldon Simplefile Box Office,59.712,6,0.2,5.9712
279,280,CA-2020-132976,2020-10-13,2020-10-17,Standard Class,AG-10495,Andrew Gjertsen,Corporate,United States,Philadelphia,Pennsylvania,19140.0,East,OFF-LA-10002043,Office Supplies,Labels,Avery 489,24.839999999999996,3,0.2,8.694
280,281,US-2018-161991,2018-09-26,2018-09-28,Second Class,SC-20725,Steven Cartwright,Consumer,United States,Houston,Texas,77070.0,Central,OFF-BI-10004967,Office Supplies,Binders,Round Ring Binders,2.0799999999999996,5,0.8,-3.4320000000000004
281,282,US-2018-161991,2018-09-26,2018-09-28,Second Class,SC-20725,Steven Cartwright,Consumer,United States,Houston,Texas,77070.0,Central,TEC-PH-10001760,Technology,Phones,Bose SoundLink Bluetooth Speaker,1114.4,7,0.2,376.11
282,283,CA-2018-130890,2018-11-02,2018-11-06,Standard Class,JO-15280,Jas O'Carroll,Consumer,United States,Los Angeles,California,90004.0,West,FUR-TA-10002903,Furniture,Tables,"Bevis Round Bullnose 29"" High Table Top",1038.84,5,0.2,51.94200000000001
283,284,CA-2018-130883,2018-09-26,2018-10-02,Standard Class,TB-21520,Tracy Blumstein,Consumer,United States,Portland,Oregon,97206.0,West,OFF-PA-10000474,Office Supplies,Paper,Easy-staple paper,141.76,5,0.2,47.843999999999994
284,285,CA-2018-130883,2018-09-26,2018-10-02,Standard Class,TB-21520,Tracy Blumstein,Consumer,United States,Portland,Oregon,97206.0,West,TEC-AC-10001956,Technology,Accessories,Microsoft Arc Touch Mouse,239.80000000000004,5,0.2,47.95999999999999
285,286,CA-2018-130883,2018-09-26,2018-10-02,Standard Class,TB-21520,Tracy Blumstein,Consumer,United States,Portland,Oregon,97206.0,West,OFF-PA-10004100,Office Supplies,Paper,Xerox 216,31.104000000000006,6,0.2,10.8864
286,287,CA-2019-112697,2019-12-18,2019-12-20,Second Class,AH-10195,Alan Haines,Corporate,United States,Tamarac,Florida,33319.0,South,OFF-BI-10000778,Office Supplies,Binders,GBC VeloBinder Electric Binding Machine,254.05800000000002,7,0.7,-169.3719999999999
287,288,CA-2019-112697,2019-12-18,2019-12-20,Second Class,AH-10195,Alan Haines,Corporate,United States,Tamarac,Florida,33319.0,South,OFF-AP-10002684,Office Supplies,Appliances,"Acco 7-Outlet Masterpiece Power Center, Wihtout Fax/Phone Line Protection",194.52800000000002,2,0.2,24.315999999999974
288,289,CA-2019-112697,2019-12-18,2019-12-20,Second Class,AH-10195,Alan Haines,Corporate,United States,Tamarac,Florida,33319.0,South,OFF-SU-10000646,Office Supplies,Supplies,Premier Automatic Letter Opener,961.4800000000001,5,0.2,-204.31449999999995
289,290,CA-2019-110772,2019-11-20,2019-11-24,Second Class,NZ-18565,Nick Zandusky,Home Office,United States,Columbus,Ohio,43229.0,East,OFF-FA-10002983,Office Supplies,Fasteners,Advantus SlideClip Paper Clips,19.096,7,0.2,6.683599999999999
290,291,CA-2019-110772,2019-11-20,2019-11-24,Second Class,NZ-18565,Nick Zandusky,Home Office,United States,Columbus,Ohio,43229.0,East,OFF-LA-10004689,Office Supplies,Labels,Avery 512,18.496000000000002,8,0.2,6.2424
291,292,CA-2019-110772,2019-11-20,2019-11-24,Second Class,NZ-18565,Nick Zandusky,Home Office,United States,Columbus,Ohio,43229.0,East,TEC-AC-10002001,Technology,Accessories,Logitech Wireless Gaming Headset G930,255.98400000000004,2,0.2,54.39660000000001
292,293,CA-2019-110772,2019-11-20,2019-11-24,Second Class,NZ-18565,Nick Zandusky,Home Office,United States,Columbus,Ohio,43229.0,East,FUR-BO-10004709,Furniture,Bookcases,"Bush Westfield Collection Bookcases, Medium Cherry Finish",86.97,3,0.5,-48.703199999999995
293,294,CA-2017-111451,2017-12-26,2017-12-28,First Class,KL-16555,Kelly Lampkin,Corporate,United States,Colorado Springs,Colorado,80906.0,West,FUR-FU-10004091,Furniture,Furnishings,"Howard Miller 13"" Diameter Goldtone Round Wall Clock",300.416,8,0.2,78.8592
294,295,CA-2017-111451,2017-12-26,2017-12-28,First Class,KL-16555,Kelly Lampkin,Corporate,United States,Colorado Springs,Colorado,80906.0,West,FUR-CH-10001891,Furniture,Chairs,Global Deluxe Office Fabric Chairs,230.35200000000003,3,0.2,20.155800000000013
295,296,CA-2017-111451,2017-12-26,2017-12-28,First Class,KL-16555,Kelly Lampkin,Corporate,United States,Colorado Springs,Colorado,80906.0,West,FUR-FU-10002918,Furniture,Furnishings,Eldon ClusterMat Chair Mat with Cordless Antistatic Protection,218.35200000000003,3,0.2,-24.5646
296,297,CA-2017-111451,2017-12-26,2017-12-28,First Class,KL-16555,Kelly Lampkin,Corporate,United States,Colorado Springs,Colorado,80906.0,West,OFF-BI-10004593,Office Supplies,Binders,Ibico Laser Imprintable Binding System Covers,78.60000000000001,5,0.7,-62.88000000000001
297,298,CA-2017-111451,2017-12-26,2017-12-28,First Class,KL-16555,Kelly Lampkin,Corporate,United States,Colorado Springs,Colorado,80906.0,West,OFF-FA-10004854,Office Supplies,Fasteners,"Vinyl Coated Wire Paper Clips in Organizer Box, 800/Box",27.552000000000003,3,0.2,9.298799999999996
298,299,CA-2019-142545,2019-10-28,2019-11-03,Standard Class,JD-15895,Jonathan Doherty,Corporate,United States,Belleville,New Jersey,7109.0,East,OFF-PA-10002105,Office Supplies,Paper,Xerox 223,32.400000000000006,5,0.0,15.552000000000001
299,300,CA-2019-142545,2019-10-28,2019-11-03,Standard Class,JD-15895,Jonathan Doherty,Corporate,United States,Belleville,New Jersey,7109.0,East,OFF-ST-10002756,Office Supplies,Storage,"Tennsco Stur-D-Stor Boltless Shelving, 5 Shelves, 24"" Deep, Sand",1082.48,8,0.0,10.824800000000096
300,301,CA-2019-142545,2019-10-28,2019-11-03,Standard Class,JD-15895,Jonathan Doherty,Corporate,United States,Belleville,New Jersey,7109.0,East,OFF-PA-10004243,Office Supplies,Paper,Xerox 1939,56.91,3,0.0,27.316799999999997
301,302,CA-2019-142545,2019-10-28,2019-11-03,Standard Class,JD-15895,Jonathan Doherty,Corporate,United States,Belleville,New Jersey,7109.0,East,FUR-FU-10001861,Furniture,Furnishings,"Floodlight Indoor Halogen Bulbs, 1 Bulb per Pack, 60 Watts",77.6,4,0.0,38.023999999999994
302,303,CA-2019-142545,2019-10-28,2019-11-03,Standard Class,JD-15895,Jonathan Doherty,Corporate,United States,Belleville,New Jersey,7109.0,East,OFF-BI-10002706,Office Supplies,Binders,Avery Premier Heavy-Duty Binder with Round Locking Rings,14.28,1,0.0,6.5687999999999995
303,304,US-2020-152380,2020-11-19,2020-11-23,Standard Class,JH-15910,Jonathan Howell,Consumer,United States,Chicago,Illinois,60623.0,Central,FUR-TA-10002533,Furniture,Tables,BPI Conference Tables,219.07500000000002,3,0.5,-131.44500000000005
304,305,CA-2018-144253,2018-05-04,2018-05-09,Second Class,AS-10225,Alan Schoenberger,Corporate,United States,New York City,New York,10024.0,East,FUR-FU-10002671,Furniture,Furnishings,Electrix 20W Halogen Replacement Bulb for Zoom-In Desk Lamp,26.8,2,0.0,12.863999999999999
305,306,CA-2017-130960,2017-12-30,2018-01-04,Standard Class,KB-16600,Ken Brennan,Corporate,United States,Taylor,Michigan,48180.0,Central,OFF-AR-10003651,Office Supplies,Art,Newell 350,9.84,3,0.0,2.853599999999999
306,307,CA-2017-111003,2017-06-01,2017-06-06,Standard Class,CR-12625,Corey Roper,Home Office,United States,Lakewood,New Jersey,8701.0,East,OFF-BI-10001072,Office Supplies,Binders,"GBC Clear Cover, 8-1/2 x 11, unpunched, 25 covers per pack",45.480000000000004,3,0.0,20.9208
307,308,CA-2017-111003,2017-06-01,2017-06-06,Standard Class,CR-12625,Corey Roper,Home Office,United States,Lakewood,New Jersey,8701.0,East,OFF-AR-10002135,Office Supplies,Art,Boston Heavy-Duty Trimline Electric Pencil Sharpeners,289.20000000000005,6,0.0,83.86799999999997
308,309,CA-2020-126774,2020-04-15,2020-04-17,First Class,SH-20395,Shahid Hopkins,Consumer,United States,Arlington,Virginia,22204.0,South,OFF-AR-10002804,Office Supplies,Art,Faber Castell Col-Erase Pencils,4.89,1,0.0,2.0049
309,310,CA-2019-142902,2019-09-12,2019-09-14,Second Class,BP-11185,Ben Peterman,Corporate,United States,Arvada,Colorado,80004.0,West,FUR-FU-10001918,Furniture,Furnishings,C-Line Cubicle Keepers Polyproplyene Holder With Velcro Backings,15.136000000000003,4,0.2,3.594800000000001
310,311,CA-2019-142902,2019-09-12,2019-09-14,Second Class,BP-11185,Ben Peterman,Corporate,United States,Arvada,Colorado,80004.0,West,FUR-CH-10004086,Furniture,Chairs,Hon 4070 Series Pagoda Armless Upholstered Stacking Chairs,466.76800000000003,2,0.2,52.51139999999998
311,312,CA-2019-142902,2019-09-12,2019-09-14,Second Class,BP-11185,Ben Peterman,Corporate,United States,Arvada,Colorado,80004.0,West,FUR-FU-10001756,Furniture,Furnishings,"Eldon Expressions Desk Accessory, Wood Photo Frame, Mahogany",15.232,1,0.2,1.7135999999999978
312,313,CA-2019-142902,2019-09-12,2019-09-14,Second Class,BP-11185,Ben Peterman,Corporate,United States,Arvada,Colorado,80004.0,West,OFF-LA-10000634,Office Supplies,Labels,Avery 509,6.264,3,0.2,2.0358
313,314,CA-2017-120887,2017-09-27,2017-10-03,Standard Class,TS-21205,Thomas Seio,Corporate,United States,Hackensack,New Jersey,7601.0,East,FUR-FU-10001588,Furniture,Furnishings,"Deflect-o SuperTray Unbreakable Stackable Tray, Letter, Black",87.53999999999999,3,0.0,37.6422
314,315,CA-2017-167850,2017-08-09,2017-08-16,Standard Class,AG-10525,Andy Gerbode,Corporate,United States,Saint Petersburg,Florida,33710.0,South,TEC-PH-10002398,Technology,Phones,AT&T 1070 Corded Phone,178.38400000000001,2,0.2,22.297999999999973
315,316,CA-2017-167850,2017-08-09,2017-08-16,Standard Class,AG-10525,Andy Gerbode,Corporate,United States,Saint Petersburg,Florida,33710.0,South,OFF-PA-10001937,Office Supplies,Paper,Xerox 21,15.552000000000003,3,0.2,5.4432
316,317,CA-2017-164259,2017-12-28,2017-12-30,First Class,SP-20860,Sung Pak,Corporate,United States,Philadelphia,Pennsylvania,19143.0,East,OFF-AR-10003373,Office Supplies,Art,"Boston School Pro Electric Pencil Sharpener, 1670",99.13600000000001,4,0.2,8.674399999999995
317,318,CA-2017-164973,2017-11-04,2017-11-09,Standard Class,NM-18445,Nathan Mautz,Home Office,United States,New York City,New York,10024.0,East,FUR-CH-10002602,Furniture,Chairs,DMI Arturo Collection Mission-style Design Wood Chair,135.882,1,0.1,24.156800000000004
318,319,CA-2017-164973,2017-11-04,2017-11-09,Standard Class,NM-18445,Nathan Mautz,Home Office,United States,New York City,New York,10024.0,East,TEC-MA-10002927,Technology,Machines,Canon imageCLASS MF7460 Monochrome Digital Laser Multifunction Copier,3991.98,2,0.0,1995.99
319,320,CA-2017-164973,2017-11-04,2017-11-09,Standard Class,NM-18445,Nathan Mautz,Home Office,United States,New York City,New York,10024.0,East,TEC-PH-10004093,Technology,Phones,Panasonic Kx-TS550,275.94,6,0.0,80.0226
320,321,CA-2017-164973,2017-11-04,2017-11-09,Standard Class,NM-18445,Nathan Mautz,Home Office,United States,New York City,New York,10024.0,East,TEC-AC-10000892,Technology,Accessories,NETGEAR N750 Dual Band Wi-Fi Gigabit Router,360.0,4,0.0,129.6
321,322,CA-2017-164973,2017-11-04,2017-11-09,Standard Class,NM-18445,Nathan Mautz,Home Office,United States,New York City,New York,10024.0,East,OFF-ST-10002974,Office Supplies,Storage,"Trav-L-File Heavy-Duty Shuttle II, Black",43.57,1,0.0,13.070999999999998
322,323,CA-2017-156601,2017-09-19,2017-09-24,Standard Class,FA-14230,Frank Atkinson,Corporate,United States,Long Beach,California,90805.0,West,OFF-FA-10000624,Office Supplies,Fasteners,OIC Binder Clips,7.16,2,0.0,3.58
323,324,CA-2019-162138,2019-04-23,2019-04-27,Standard Class,GK-14620,Grace Kelly,Corporate,United States,Hesperia,California,92345.0,West,OFF-BI-10004593,Office Supplies,Binders,Ibico Laser Imprintable Binding System Covers,251.52,6,0.2,81.744
324,325,CA-2019-162138,2019-04-23,2019-04-27,Standard Class,GK-14620,Grace Kelly,Corporate,United States,Hesperia,California,92345.0,West,TEC-AC-10001908,Technology,Accessories,Logitech Wireless Headset h800,99.99,1,0.0,34.9965
325,326,CA-2020-153339,2020-11-03,2020-11-05,Second Class,DJ-13510,Don Jones,Corporate,United States,Murfreesboro,Tennessee,37130.0,South,FUR-FU-10001967,Furniture,Furnishings,Telescoping Adjustable Floor Lamp,15.991999999999999,1,0.2,0.999499999999999
326,327,US-2019-141544,2019-08-30,2019-09-01,First Class,PO-18850,Patrick O'Brill,Consumer,United States,Philadelphia,Pennsylvania,19143.0,East,TEC-PH-10003645,Technology,Phones,Aastra 57i VoIP phone,290.898,3,0.4,-67.8762
327,328,US-2019-141544,2019-08-30,2019-09-01,First Class,PO-18850,Patrick O'Brill,Consumer,United States,Philadelphia,Pennsylvania,19143.0,East,OFF-ST-10000675,Office Supplies,Storage,"File Shuttle II and Handi-File, Black",54.224000000000004,2,0.2,3.3889999999999993
328,329,US-2019-141544,2019-08-30,2019-09-01,First Class,PO-18850,Patrick O'Brill,Consumer,United States,Philadelphia,Pennsylvania,19143.0,East,FUR-CH-10003312,Furniture,Chairs,Hon 2090 “Pillow Soft” Series Mid Back Swivel/Tilt Chairs,786.744,4,0.3,-258.5016000000001
329,330,US-2019-141544,2019-08-30,2019-09-01,First Class,PO-18850,Patrick O'Brill,Consumer,United States,Philadelphia,Pennsylvania,19143.0,East,OFF-LA-10001074,Office Supplies,Labels,Round Specialty Laser Printer Labels,100.24000000000001,10,0.2,33.83099999999999
330,331,US-2019-141544,2019-08-30,2019-09-01,First Class,PO-18850,Patrick O'Brill,Consumer,United States,Philadelphia,Pennsylvania,19143.0,East,OFF-BI-10001524,Office Supplies,Binders,GBC Premium Transparent Covers with Diagonal Lined Pattern,37.76400000000001,6,0.7,-27.693600000000004
331,332,US-2019-150147,2019-04-25,2019-04-29,Second Class,JL-15850,John Lucas,Consumer,United States,Philadelphia,Pennsylvania,19134.0,East,TEC-PH-10004614,Technology,Phones,AT&T 841000 Phone,82.8,2,0.4,-20.700000000000003
332,333,US-2019-150147,2019-04-25,2019-04-29,Second Class,JL-15850,John Lucas,Consumer,United States,Philadelphia,Pennsylvania,19134.0,East,OFF-BI-10001153,Office Supplies,Binders,Ibico Recycled Grain-Textured Covers,20.724000000000004,2,0.7,-13.815999999999995
333,334,US-2019-150147,2019-04-25,2019-04-29,Second Class,JL-15850,John Lucas,Consumer,United States,Philadelphia,Pennsylvania,19134.0,East,OFF-BI-10001982,Office Supplies,Binders,Wilson Jones Custom Binder Spines & Labels,4.896000000000001,3,0.7,-3.427199999999999
334,335,CA-2018-137946,2018-09-01,2018-09-04,Second Class,DB-13615,Doug Bickford,Consumer,United States,Los Angeles,California,90045.0,West,OFF-BI-10001922,Office Supplies,Binders,Storex Dura Pro Binders,4.752000000000001,1,0.2,1.6037999999999997
335,336,CA-2018-137946,2018-09-01,2018-09-04,Second Class,DB-13615,Doug Bickford,Consumer,United States,Los Angeles,California,90045.0,West,TEC-CO-10001449,Technology,Copiers,Hewlett Packard LaserJet 3310 Copier,959.984,2,0.2,335.99440000000004
336,337,CA-2018-137946,2018-09-01,2018-09-04,Second Class,DB-13615,Doug Bickford,Consumer,United States,Los Angeles,California,90045.0,West,OFF-BI-10004140,Office Supplies,Binders,Avery Non-Stick Binders,14.368000000000002,4,0.2,4.489999999999998
337,338,CA-2017-129924,2017-07-12,2017-07-17,Standard Class,AC-10420,Alyssa Crouse,Corporate,United States,San Francisco,California,94122.0,West,OFF-BI-10003314,Office Supplies,Binders,Tuff Stuff Recycled Round Ring Binders,7.712000000000001,2,0.2,2.7956000000000003
338,339,CA-2017-129924,2017-07-12,2017-07-17,Standard Class,AC-10420,Alyssa Crouse,Corporate,United States,San Francisco,California,94122.0,West,FUR-TA-10004575,Furniture,Tables,Hon 5100 Series Wood Tables,698.3520000000001,3,0.2,-17.458800000000053
339,340,CA-2018-128167,2018-06-22,2018-06-26,Second Class,KL-16645,Ken Lonsdale,Consumer,United States,Layton,Utah,84041.0,West,OFF-FA-10000490,Office Supplies,Fasteners,"OIC Binder Clips, Mini, 1/4"" Capacity, Black",4.96,4,0.0,2.3312
340,341,CA-2017-122336,2017-04-13,2017-04-17,Second Class,JD-15895,Jonathan Doherty,Corporate,United States,Philadelphia,Pennsylvania,19140.0,East,OFF-AR-10000122,Office Supplies,Art,Newell 314,17.856,4,0.2,1.1159999999999979
341,342,CA-2017-122336,2017-04-13,2017-04-17,Second Class,JD-15895,Jonathan Doherty,Corporate,United States,Philadelphia,Pennsylvania,19140.0,East,OFF-BI-10003656,Office Supplies,Binders,Fellowes PB200 Plastic Comb Binding Machine,509.9700000000001,10,0.7,-407.9759999999999
342,343,CA-2017-122336,2017-04-13,2017-04-17,Second Class,JD-15895,Jonathan Doherty,Corporate,United States,Philadelphia,Pennsylvania,19140.0,East,OFF-FA-10002780,Office Supplies,Fasteners,Staples,30.991999999999997,13,0.2,10.072399999999996
343,344,CA-2017-122336,2017-04-13,2017-04-17,Second Class,JD-15895,Jonathan Doherty,Corporate,United States,Philadelphia,Pennsylvania,19140.0,East,TEC-PH-10000702,Technology,Phones,"Square Credit Card Reader, 4 1/2"" x 4 1/2"" x 1"", White",71.928,12,0.4,8.39159999999999
344,345,US-2018-120712,2018-12-20,2018-12-24,Standard Class,CS-12130,Chad Sievert,Consumer,United States,Austin,Texas,78745.0,Central,OFF-ST-10000107,Office Supplies,Storage,Fellowes Super Stor/Drawer,88.80000000000001,4,0.2,-2.220000000000013
345,346,CA-2020-169901,2020-06-15,2020-06-19,Standard Class,CC-12550,Clay Cheatham,Consumer,United States,San Francisco,California,94122.0,West,TEC-PH-10002293,Technology,Phones,Anker 36W 4-Port USB Wall Charger Travel Power Adapter for iPhone 5s 5c 5,47.976,3,0.2,4.797600000000003
346,347,CA-2020-134306,2020-07-08,2020-07-12,Standard Class,TD-20995,Tamara Dahlen,Consumer,United States,Lowell,Massachusetts,1852.0,East,OFF-AR-10004027,Office Supplies,Art,"Binney & Smith inkTank Erasable Desk Highlighter, Chisel Tip, Yellow, 12/Box",7.5600000000000005,3,0.0,3.0996000000000006
347,348,CA-2020-134306,2020-07-08,2020-07-12,Standard Class,TD-20995,Tamara Dahlen,Consumer,United States,Lowell,Massachusetts,1852.0,East,OFF-PA-10000249,Office Supplies,Paper,Easy-staple paper,24.56,2,0.0,11.543199999999999
348,349,CA-2020-134306,2020-07-08,2020-07-12,Standard Class,TD-20995,Tamara Dahlen,Consumer,United States,Lowell,Massachusetts,1852.0,East,OFF-AR-10001374,Office Supplies,Art,"BIC Brite Liner Highlighters, Chisel Tip",12.96,2,0.0,4.1472
349,350,CA-2019-129714,2019-09-01,2019-09-03,First Class,AB-10060,Adam Bellavance,Home Office,United States,New York City,New York,10009.0,East,TEC-AC-10000290,Technology,Accessories,Sabrent 4-Port USB 2.0 Hub,6.79,1,0.0,2.3086
350,351,CA-2019-129714,2019-09-01,2019-09-03,First Class,AB-10060,Adam Bellavance,Home Office,United States,New York City,New York,10009.0,East,OFF-PA-10001970,Office Supplies,Paper,Xerox 1881,24.56,2,0.0,11.543199999999999
351,352,CA-2019-129714,2019-09-01,2019-09-03,First Class,AB-10060,Adam Bellavance,Home Office,United States,New York City,New York,10009.0,East,OFF-BI-10002160,Office Supplies,Binders,Acco Hanging Data Binders,3.048,1,0.2,1.0668
352,353,CA-2019-129714,2019-09-01,2019-09-03,First Class,AB-10060,Adam Bellavance,Home Office,United States,New York City,New York,10009.0,East,OFF-PA-10001970,Office Supplies,Paper,Xerox 1881,49.12,4,0.0,23.086399999999998
353,354,CA-2019-129714,2019-09-01,2019-09-03,First Class,AB-10060,Adam Bellavance,Home Office,United States,New York City,New York,10009.0,East,OFF-BI-10004995,Office Supplies,Binders,GBC DocuBind P400 Electric Binding System,4355.168000000001,4,0.2,1415.4295999999997
354,355,CA-2019-138520,2019-04-08,2019-04-13,Standard Class,JL-15505,Jeremy Lonsdale,Consumer,United States,New York City,New York,10035.0,East,FUR-BO-10002268,Furniture,Bookcases,Sauder Barrister Bookcases,388.70400000000006,6,0.2,-4.858800000000002
355,356,CA-2019-138520,2019-04-08,2019-04-13,Standard Class,JL-15505,Jeremy Lonsdale,Consumer,United States,New York City,New York,10035.0,East,OFF-EN-10001137,Office Supplies,Envelopes,"#10 Gummed Flap White Envelopes, 100/Box",8.26,2,0.0,3.7996
356,357,CA-2019-138520,2019-04-08,2019-04-13,Standard Class,JL-15505,Jeremy Lonsdale,Consumer,United States,New York City,New York,10035.0,East,OFF-AR-10002399,Office Supplies,Art,"Dixon Prang Watercolor Pencils, 10-Color Set with Brush",17.04,4,0.0,6.9864
357,358,CA-2019-138520,2019-04-08,2019-04-13,Standard Class,JL-15505,Jeremy Lonsdale,Consumer,United States,New York City,New York,10035.0,East,OFF-PA-10002713,Office Supplies,Paper,"Adams Phone Message Book, 200 Message Capacity, 8 1/16” x 11”",34.4,5,0.0,15.823999999999998
358,359,CA-2019-130001,2019-04-23,2019-04-28,Standard Class,HK-14890,Heather Kirkland,Corporate,United States,Charlotte,North Carolina,28205.0,South,OFF-PA-10002666,Office Supplies,Paper,Southworth 25% Cotton Linen-Finish Paper & Envelopes,36.24000000000001,5,0.2,11.324999999999996
359,360,CA-2020-155698,2020-03-08,2020-03-11,First Class,VB-21745,Victoria Brennan,Corporate,United States,Columbus,Georgia,31907.0,South,OFF-AP-10001124,Office Supplies,Appliances,Belkin 8 Outlet SurgeMaster II Gold Surge Protector with Phone Protection,647.84,8,0.0,168.4384
360,361,CA-2020-155698,2020-03-08,2020-03-11,First Class,VB-21745,Victoria Brennan,Corporate,United States,Columbus,Georgia,31907.0,South,OFF-LA-10001158,Office Supplies,Labels,"Avery Address/Shipping Labels for Typewriters, 4"" x 2""",20.7,2,0.0,9.936
361,362,CA-2020-144904,2020-09-25,2020-10-01,Standard Class,KW-16435,Katrina Willman,Consumer,United States,New York City,New York,10009.0,East,OFF-LA-10001158,Office Supplies,Labels,"Avery Address/Shipping Labels for Typewriters, 4"" x 2""",20.7,2,0.0,9.936
362,363,CA-2020-144904,2020-09-25,2020-10-01,Standard Class,KW-16435,Katrina Willman,Consumer,United States,New York City,New York,10009.0,East,FUR-CH-10000785,Furniture,Chairs,Global Ergonomic Managers Chair,488.646,3,0.1,86.8704
363,364,CA-2020-144904,2020-09-25,2020-10-01,Standard Class,KW-16435,Katrina Willman,Consumer,United States,New York City,New York,10009.0,East,OFF-AR-10003732,Office Supplies,Art,Newell 333,5.56,2,0.0,1.4455999999999998
364,365,CA-2020-144904,2020-09-25,2020-10-01,Standard Class,KW-16435,Katrina Willman,Consumer,United States,New York City,New York,10009.0,East,FUR-FU-10000023,Furniture,Furnishings,Eldon Wave Desk Accessories,47.12,8,0.0,20.7328
365,366,CA-2017-123344,2017-09-24,2017-09-29,Standard Class,JD-16060,Julia Dunbar,Consumer,United States,San Francisco,California,94109.0,West,OFF-ST-10001713,Office Supplies,Storage,"Gould Plastics 9-Pocket Panel Bin, 18-3/8w x 5-1/4d x 20-1/2h, Black",211.96,4,0.0,8.478399999999993
366,367,CA-2019-155516,2019-10-21,2019-10-21,Same Day,MK-17905,Michael Kennedy,Corporate,United States,Manchester,Connecticut,6040.0,East,OFF-BI-10002412,Office Supplies,Binders,Wilson Jones “Snap” Scratch Pad Binder Tool for Ring Binders,23.2,4,0.0,10.44
367,368,CA-2019-155516,2019-10-21,2019-10-21,Same Day,MK-17905,Michael Kennedy,Corporate,United States,Manchester,Connecticut,6040.0,East,OFF-SU-10001225,Office Supplies,Supplies,Staple remover,7.36,2,0.0,0.14719999999999978
368,369,CA-2019-155516,2019-10-21,2019-10-21,Same Day,MK-17905,Michael Kennedy,Corporate,United States,Manchester,Connecticut,6040.0,East,OFF-ST-10002406,Office Supplies,Storage,Pizazz Global Quick File,104.79,7,0.0,29.341200000000008
369,370,CA-2019-155516,2019-10-21,2019-10-21,Same Day,MK-17905,Michael Kennedy,Corporate,United States,Manchester,Connecticut,6040.0,East,FUR-BO-10002545,Furniture,Bookcases,"Atlantic Metals Mobile 3-Shelf Bookcases, Custom Colors",1043.92,4,0.0,271.41920000000005
370,371,CA-2020-104745,2020-05-29,2020-06-04,Standard Class,GT-14755,Guy Thornton,Consumer,United States,Harlingen,Texas,78550.0,Central,OFF-PA-10002036,Office Supplies,Paper,Xerox 1930,25.920000000000005,5,0.2,9.396
371,372,CA-2020-104745,2020-05-29,2020-06-04,Standard Class,GT-14755,Guy Thornton,Consumer,United States,Harlingen,Texas,78550.0,Central,OFF-ST-10002205,Office Supplies,Storage,File Shuttle I and Handi-File,53.42400000000001,3,0.2,4.674600000000002
372,373,US-2017-119137,2017-07-23,2017-07-27,Standard Class,AG-10900,Arthur Gainer,Consumer,United States,Tucson,Arizona,85705.0,West,OFF-BI-10001982,Office Supplies,Binders,Wilson Jones Custom Binder Spines & Labels,8.160000000000002,5,0.7,-5.712
373,374,US-2017-119137,2017-07-23,2017-07-27,Standard Class,AG-10900,Arthur Gainer,Consumer,United States,Tucson,Arizona,85705.0,West,TEC-AC-10003911,Technology,Accessories,NETGEAR AC1750 Dual Band Gigabit Smart WiFi Router,1023.9360000000001,8,0.2,179.1887999999999
374,375,US-2017-119137,2017-07-23,2017-07-27,Standard Class,AG-10900,Arthur Gainer,Consumer,United States,Tucson,Arizona,85705.0,West,OFF-AR-10000658,Office Supplies,Art,Newell 324,9.24,1,0.2,0.9239999999999999
375,376,US-2017-119137,2017-07-23,2017-07-27,Standard Class,AG-10900,Arthur Gainer,Consumer,United States,Tucson,Arizona,85705.0,West,TEC-AC-10002076,Technology,Accessories,Microsoft Natural Keyboard Elite,479.04,10,0.2,-29.940000000000012
376,377,US-2019-134656,2019-09-28,2019-10-01,First Class,MM-18280,Muhammed MacIntyre,Corporate,United States,Quincy,Illinois,62301.0,Central,OFF-PA-10003039,Office Supplies,Paper,Xerox 1960,99.13600000000001,4,0.2,30.979999999999993
377,378,US-2020-134481,2020-08-27,2020-09-01,Standard Class,AR-10405,Allen Rosenblatt,Corporate,United States,Franklin,Massachusetts,2038.0,East,FUR-TA-10004915,Furniture,Tables,"Office Impressions End Table, 20-1/2""H x 24""W x 20""D",1488.4239999999998,7,0.3,-297.6847999999998
378,379,CA-2018-130792,2018-04-28,2018-05-05,Standard Class,RA-19915,Russell Applegate,Consumer,United States,Houston,Texas,77095.0,Central,OFF-AP-10000696,Office Supplies,Appliances,Holmes Odor Grabber,8.651999999999997,3,0.8,-20.332200000000007
379,380,CA-2018-130792,2018-04-28,2018-05-05,Standard Class,RA-19915,Russell Applegate,Consumer,United States,Houston,Texas,77095.0,Central,OFF-ST-10003327,Office Supplies,Storage,Akro-Mils 12-Gallon Tote,23.832,3,0.2,2.6810999999999954
380,381,CA-2018-130792,2018-04-28,2018-05-05,Standard Class,RA-19915,Russell Applegate,Consumer,United States,Houston,Texas,77095.0,Central,OFF-BI-10000309,Office Supplies,Binders,"GBC Twin Loop Wire Binding Elements, 9/16"" Spine, Black",12.175999999999998,4,0.8,-18.87280000000001
381,382,CA-2019-134775,2019-10-28,2019-10-29,First Class,AS-10285,Alejandro Savely,Corporate,United States,San Francisco,California,94109.0,West,OFF-PA-10004734,Office Supplies,Paper,Southworth Structures Collection,50.96,7,0.0,25.48
382,383,CA-2019-134775,2019-10-28,2019-10-29,First Class,AS-10285,Alejandro Savely,Corporate,United States,San Francisco,California,94109.0,West,OFF-BI-10002225,Office Supplies,Binders,"Square Ring Data Binders, Rigid 75 Pt. Covers, 11"" x 14-7/8""",49.536,3,0.2,17.3376
383,384,CA-2018-125395,2018-06-26,2018-06-29,Second Class,LA-16780,Laura Armstrong,Corporate,United States,Taylor,Michigan,48180.0,Central,TEC-AC-10004708,Technology,Accessories,Sony 32GB Class 10 Micro SDHC R40 Memory Card,41.9,2,0.0,8.799
384,385,US-2018-168935,2018-11-27,2018-12-02,Standard Class,DO-13435,Denny Ordway,Consumer,United States,Pembroke Pines,Florida,33024.0,South,FUR-TA-10000617,Furniture,Tables,"Hon Practical Foundations 30 x 60 Training Table, Light Gray/Charcoal",375.45750000000004,3,0.45,-157.00949999999997
385,386,US-2018-168935,2018-11-27,2018-12-02,Standard Class,DO-13435,Denny Ordway,Consumer,United States,Pembroke Pines,Florida,33024.0,South,TEC-AC-10002335,Technology,Accessories,Logitech Media Keyboard K200,83.97600000000001,3,0.2,-1.049700000000005
386,387,CA-2018-122756,2018-12-03,2018-12-07,Standard Class,DK-13225,Dean Katz,Corporate,United States,Philadelphia,Pennsylvania,19140.0,East,TEC-MA-10001681,Technology,Machines,Lexmark MarkNet N8150 Wireless Print Server,482.34000000000003,4,0.7,-337.6379999999998
387,388,CA-2018-122756,2018-12-03,2018-12-07,Standard Class,DK-13225,Dean Katz,Corporate,United States,Philadelphia,Pennsylvania,19140.0,East,FUR-FU-10001935,Furniture,Furnishings,3M Hangers With Command Adhesive,2.9600000000000004,1,0.2,0.7770000000000002
388,389,CA-2017-115973,2017-11-24,2017-11-26,First Class,NG-18430,Nathan Gelder,Consumer,United States,Cincinnati,Ohio,45231.0,East,OFF-AR-10004757,Office Supplies,Art,Crayola Colored Pencils,2.624,1,0.2,0.4263999999999998
389,390,CA-2020-101798,2020-12-11,2020-12-15,Standard Class,MV-18190,Mike Vittorini,Consumer,United States,New York City,New York,10009.0,East,OFF-BI-10000050,Office Supplies,Binders,"Angle-D Binders with Locking Rings, Label Holders",23.36,4,0.2,7.883999999999999
390,391,CA-2020-101798,2020-12-11,2020-12-15,Standard Class,MV-18190,Mike Vittorini,Consumer,United States,New York City,New York,10009.0,East,TEC-AC-10001998,Technology,Accessories,Logitech LS21 Speaker System - PC Multimedia - 2.1-CH - Wired,39.98,2,0.0,13.593199999999996
391,392,US-2017-135972,2017-09-21,2017-09-23,Second Class,JG-15115,Jack Garza,Consumer,United States,Des Moines,Washington,98198.0,West,TEC-PH-10003012,Technology,Phones,Nortel Meridian M3904 Professional Digital phone,246.38400000000001,2,0.2,27.718199999999968
392,393,US-2017-135972,2017-09-21,2017-09-23,Second Class,JG-15115,Jack Garza,Consumer,United States,Des Moines,Washington,98198.0,West,TEC-CO-10002313,Technology,Copiers,Canon PC1080F Personal Copier,1799.97,3,0.0,701.9883
393,394,US-2017-134971,2017-06-07,2017-06-10,Second Class,BP-11095,Bart Pistole,Corporate,United States,Peoria,Illinois,61604.0,Central,OFF-BI-10003982,Office Supplies,Binders,Wilson Jones Century Plastic Molded Ring Binders,12.461999999999996,3,0.8,-20.5623
394,395,CA-2020-102946,2020-06-30,2020-07-05,Standard Class,VP-21730,Victor Preis,Home Office,United States,Las Vegas,Nevada,89115.0,West,OFF-BI-10004492,Office Supplies,Binders,Tuf-Vin Binders,75.792,3,0.2,25.57979999999999
395,396,CA-2020-165603,2020-10-17,2020-10-19,Second Class,SS-20140,Saphhira Shifley,Corporate,United States,Warwick,Rhode Island,2886.0,East,OFF-ST-10000798,Office Supplies,Storage,2300 Heavy-Duty Transfer File Systems by Perma,49.96,2,0.0,9.492399999999996
396,397,CA-2020-165603,2020-10-17,2020-10-19,Second Class,SS-20140,Saphhira Shifley,Corporate,United States,Warwick,Rhode Island,2886.0,East,OFF-PA-10002552,Office Supplies,Paper,Xerox 1958,12.96,2,0.0,6.2208000000000006
397,398,CA-2018-122259,2018-10-31,2018-11-04,Standard Class,HP-14815,Harold Pawlan,Home Office,United States,Jackson,Michigan,49201.0,Central,OFF-SU-10002573,Office Supplies,Supplies,"Acme 10"" Easy Grip Assistive Scissors",70.12,4,0.0,21.035999999999994
398,399,CA-2019-108987,2019-09-08,2019-09-10,Second Class,AG-10675,Anna Gayman,Consumer,United States,Houston,Texas,77036.0,Central,OFF-ST-10001580,Office Supplies,Storage,Super Decoflex Portable Personal File,35.952000000000005,3,0.2,3.5951999999999984
399,400,CA-2019-108987,2019-09-08,2019-09-10,Second Class,AG-10675,Anna Gayman,Consumer,United States,Houston,Texas,77036.0,Central,FUR-BO-10004834,Furniture,Bookcases,"Riverside Palais Royal Lawyers Bookcase, Royale Cherry Finish",2396.2655999999997,4,0.32,-317.15280000000007
400,401,CA-2019-108987,2019-09-08,2019-09-10,Second Class,AG-10675,Anna Gayman,Consumer,United States,Houston,Texas,77036.0,Central,OFF-ST-10000934,Office Supplies,Storage,"Contico 72""H Heavy-Duty Storage System",131.136,4,0.2,-32.784
401,402,CA-2019-108987,2019-09-08,2019-09-10,Second Class,AG-10675,Anna Gayman,Consumer,United States,Houston,Texas,77036.0,Central,TEC-AC-10000158,Technology,Accessories,Sony 64GB Class 10 Micro SDHC R40 Memory Card,57.584,2,0.2,0.7197999999999993
402,403,CA-2017-113166,2017-12-24,2017-12-26,First Class,LF-17185,Luke Foster,Consumer,United States,Miami,Florida,33180.0,South,OFF-PA-10001947,Office Supplies,Paper,Xerox 1974,9.568000000000001,2,0.2,3.4684
403,404,CA-2017-155208,2017-04-16,2017-04-20,Standard Class,SP-20650,Stephanie Phelps,Corporate,United States,Wilmington,North Carolina,28403.0,South,OFF-AR-10003478,Office Supplies,Art,"Avery Hi-Liter EverBold Pen Style Fluorescent Highlighters, 4/Pack",39.072,6,0.2,9.768
404,405,CA-2020-117933,2020-12-24,2020-12-29,Standard Class,RF-19840,Roy Französisch,Consumer,United States,New York City,New York,10024.0,East,OFF-AP-10004249,Office Supplies,Appliances,Staple holder,35.910000000000004,3,0.0,9.695699999999999
405,406,CA-2020-117457,2020-12-08,2020-12-12,Standard Class,KH-16510,Keith Herrera,Consumer,United States,San Francisco,California,94110.0,West,TEC-AC-10000158,Technology,Accessories,Sony 64GB Class 10 Micro SDHC R40 Memory Card,179.95000000000002,5,0.0,37.789500000000004
406,407,CA-2020-117457,2020-12-08,2020-12-12,Standard Class,KH-16510,Keith Herrera,Consumer,United States,San Francisco,California,94110.0,West,TEC-CO-10004115,Technology,Copiers,Sharp AL-1530CS Digital Copier,1199.976,3,0.2,434.9913
407,408,CA-2020-117457,2020-12-08,2020-12-12,Standard Class,KH-16510,Keith Herrera,Consumer,United States,San Francisco,California,94110.0,West,OFF-PA-10003724,Office Supplies,Paper,"Wirebound Message Book, 4 per Page",27.15,5,0.0,13.3035
408,409,CA-2020-117457,2020-12-08,2020-12-12,Standard Class,KH-16510,Keith Herrera,Consumer,United States,San Francisco,California,94110.0,West,FUR-TA-10002041,Furniture,Tables,"Bevis Round Conference Table Top, X-Base",1004.0239999999999,7,0.2,-112.95269999999994
409,410,CA-2020-117457,2020-12-08,2020-12-12,Standard Class,KH-16510,Keith Herrera,Consumer,United States,San Francisco,California,94110.0,West,OFF-PA-10002893,Office Supplies,Paper,"Wirebound Service Call Books, 5 1/2"" x 4""",9.68,1,0.0,4.6464
410,411,CA-2020-117457,2020-12-08,2020-12-12,Standard Class,KH-16510,Keith Herrera,Consumer,United States,San Francisco,California,94110.0,West,OFF-LA-10003766,Office Supplies,Labels,Self-Adhesive Removable Labels,28.349999999999998,9,0.0,13.608
411,412,CA-2020-117457,2020-12-08,2020-12-12,Standard Class,KH-16510,Keith Herrera,Consumer,United States,San Francisco,California,94110.0,West,OFF-PA-10001970,Office Supplies,Paper,Xerox 1908,55.98,1,0.0,27.4302
412,413,CA-2020-117457,2020-12-08,2020-12-12,Standard Class,KH-16510,Keith Herrera,Consumer,United States,San Francisco,California,94110.0,West,FUR-BO-10001972,Furniture,Bookcases,O'Sullivan 4-Shelf Bookcase in Odessa Pine,1336.829,13,0.15,31.45479999999995
413,414,CA-2020-117457,2020-12-08,2020-12-12,Standard Class,KH-16510,Keith Herrera,Consumer,United States,San Francisco,California,94110.0,West,FUR-CH-10003956,Furniture,Chairs,Novimex High-Tech Fabric Mesh Task Chair,113.56800000000001,2,0.2,-18.454800000000013
414,415,CA-2020-142636,2020-11-03,2020-11-07,Standard Class,KC-16675,Kimberly Carter,Corporate,United States,Seattle,Washington,98105.0,West,OFF-PA-10000157,Office Supplies,Paper,Xerox 191,139.86,7,0.0,65.73419999999999
415,416,CA-2020-142636,2020-11-03,2020-11-07,Standard Class,KC-16675,Kimberly Carter,Corporate,United States,Seattle,Washington,98105.0,West,FUR-CH-10001891,Furniture,Chairs,Global Deluxe Office Fabric Chairs,307.136,4,0.2,26.874400000000023
416,417,CA-2020-122105,2020-06-24,2020-06-28,Standard Class,CJ-12010,Caroline Jumper,Consumer,United States,Huntington Beach,California,92646.0,West,OFF-AR-10004344,Office Supplies,Art,Bulldog Vacuum Base Pencil Sharpener,95.92,8,0.0,25.898399999999995
417,418,CA-2019-148796,2019-04-14,2019-04-18,Standard Class,PB-19150,Philip Brown,Consumer,United States,Los Angeles,California,90004.0,West,FUR-CH-10004886,Furniture,Chairs,Bevis Steel Folding Chairs,383.8,5,0.2,38.37999999999998
418,419,CA-2020-154816,2020-11-06,2020-11-10,Standard Class,VB-21745,Victoria Brennan,Corporate,United States,Richmond,Kentucky,40475.0,South,OFF-PA-10003845,Office Supplies,Paper,Xerox 1987,5.78,1,0.0,2.8322000000000003
419,420,CA-2020-110478,2020-03-04,2020-03-09,Standard Class,SP-20860,Sung Pak,Corporate,United States,Los Angeles,California,90045.0,West,OFF-AR-10001573,Office Supplies,Art,American Pencil,9.32,4,0.0,2.702799999999999
420,421,CA-2020-110478,2020-03-04,2020-03-09,Standard Class,SP-20860,Sung Pak,Corporate,United States,Los Angeles,California,90045.0,West,OFF-EN-10000483,Office Supplies,Envelopes,"White Envelopes, White Envelopes with Clear Poly Window",15.25,1,0.0,7.014999999999999
421,422,CA-2017-142048,2017-06-22,2017-06-25,First Class,JE-15745,Joel Eaton,Consumer,United States,Louisville,Colorado,80027.0,West,TEC-AC-10004114,Technology,Accessories,KeyTronic 6101 Series - Keyboard - Black,196.752,6,0.2,56.56620000000001
422,423,CA-2020-125388,2020-10-19,2020-10-23,Standard Class,MP-17965,Michael Paige,Corporate,United States,Lawrence,Massachusetts,1841.0,East,FUR-FU-10004712,Furniture,Furnishings,"Westinghouse Mesh Shade Clip-On Gooseneck Lamp, Black",56.56,4,0.0,14.705600000000004
423,424,CA-2020-125388,2020-10-19,2020-10-23,Standard Class,MP-17965,Michael Paige,Corporate,United States,Lawrence,Massachusetts,1841.0,East,OFF-ST-10000918,Office Supplies,Storage,Crate-A-Files,32.7,3,0.0,8.501999999999999
424,425,CA-2020-155705,2020-08-21,2020-08-23,Second Class,NF-18385,Natalie Fritzler,Consumer,United States,Jackson,Mississippi,39212.0,South,FUR-CH-10000015,Furniture,Chairs,Hon Multipurpose Stacking Arm Chairs,866.4,4,0.0,225.264
425,426,CA-2020-149160,2020-11-23,2020-11-26,Second Class,JM-15265,Janet Molinari,Corporate,United States,Canton,Michigan,48187.0,Central,FUR-FU-10003347,Furniture,Furnishings,Coloredge Poster Frame,28.4,2,0.0,11.076
426,427,CA-2020-149160,2020-11-23,2020-11-26,Second Class,JM-15265,Janet Molinari,Corporate,United States,Canton,Michigan,48187.0,Central,OFF-BI-10001543,Office Supplies,Binders,GBC VeloBinder Manual Binding System,287.92,8,0.0,138.2016
427,428,CA-2017-101476,2017-09-12,2017-09-13,First Class,SD-20485,Shirley Daniels,Home Office,United States,New Rochelle,New York,10801.0,East,TEC-MA-10000029,Technology,Machines,"Epson WorkForce WF-2530 All-in-One Printer, Copier Scanner",69.99,1,0.0,30.0957
428,429,CA-2020-152275,2020-10-01,2020-10-08,Standard Class,KH-16630,Ken Heidel,Corporate,United States,San Antonio,Texas,78207.0,Central,OFF-AR-10000369,Office Supplies,Art,Design Ebony Sketching Pencil,6.671999999999999,6,0.2,0.5004
429,430,US-2019-123750,2019-04-15,2019-04-21,Standard Class,RB-19795,Ross Baird,Home Office,United States,Gastonia,North Carolina,28052.0,South,OFF-BI-10004584,Office Supplies,Binders,GBC ProClick 150 Presentation Binding System,189.58800000000005,2,0.7,-145.3508
430,431,US-2019-123750,2019-04-15,2019-04-21,Standard Class,RB-19795,Ross Baird,Home Office,United States,Gastonia,North Carolina,28052.0,South,TEC-AC-10004659,Technology,Accessories,Imation Secure+ Hardware Encrypted USB 2.0 Flash Drive; 16GB,408.74399999999997,7,0.2,76.63949999999998
431,432,US-2019-123750,2019-04-15,2019-04-21,Standard Class,RB-19795,Ross Baird,Home Office,United States,Gastonia,North Carolina,28052.0,South,TEC-AC-10004659,Technology,Accessories,Imation Secure+ Hardware Encrypted USB 2.0 Flash Drive; 16GB,291.96,5,0.2,54.74249999999998
432,433,US-2019-123750,2019-04-15,2019-04-21,Standard Class,RB-19795,Ross Baird,Home Office,United States,Gastonia,North Carolina,28052.0,South,OFF-ST-10000617,Office Supplies,Storage,Woodgrain Magazine Files by Perma,4.768,2,0.2,-0.7748000000000006
433,434,CA-2019-127369,2019-06-06,2019-06-07,First Class,DB-13060,Dave Brooks,Consumer,United States,Lowell,Massachusetts,1852.0,East,OFF-ST-10003306,Office Supplies,Storage,Letter Size Cart,714.3000000000001,5,0.0,207.14699999999993
434,435,US-2017-150574,2017-12-19,2017-12-25,Standard Class,MK-18160,Mike Kennedy,Consumer,United States,Jacksonville,Florida,32216.0,South,OFF-BI-10000773,Office Supplies,Binders,Insertable Tab Post Binder Dividers,4.812,2,0.7,-3.6891999999999996
435,436,US-2017-150574,2017-12-19,2017-12-25,Standard Class,MK-18160,Mike Kennedy,Consumer,United States,Jacksonville,Florida,32216.0,South,TEC-AC-10002600,Technology,Accessories,Belkin QODE FastFit Bluetooth Keyboard,247.8,5,0.2,-18.584999999999994
436,437,CA-2019-147375,2019-06-12,2019-06-14,Second Class,PO-19180,Philisse Overcash,Home Office,United States,Chicago,Illinois,60623.0,Central,TEC-MA-10002937,Technology,Machines,"Canon Color ImageCLASS MF8580Cdw Wireless Laser All-In-One Printer, Copier, Scanner",1007.979,3,0.3,43.199100000000044
437,438,CA-2019-147375,2019-06-12,2019-06-14,Second Class,PO-19180,Philisse Overcash,Home Office,United States,Chicago,Illinois,60623.0,Central,OFF-PA-10001970,Office Supplies,Paper,Xerox 1908,313.488,7,0.2,113.63939999999998
438,439,CA-2020-130043,2020-09-15,2020-09-19,Standard Class,BB-11545,Brenda Bowman,Corporate,United States,Houston,Texas,77070.0,Central,OFF-PA-10002230,Office Supplies,Paper,Xerox 1897,31.872000000000003,8,0.2,11.553600000000003
439,440,CA-2020-157252,2020-01-20,2020-01-23,Second Class,CV-12805,Cynthia Voltz,Corporate,United States,New York City,New York,10024.0,East,FUR-CH-10003396,Furniture,Chairs,Global Deluxe Steno Chair,207.84600000000003,3,0.1,2.3093999999999895
440,441,CA-2019-115756,2019-09-05,2019-09-07,Second Class,PK-19075,Pete Kriz,Consumer,United States,Detroit,Michigan,48227.0,Central,FUR-FU-10000246,Furniture,Furnishings,Aluminum Document Frame,12.22,1,0.0,3.6659999999999986
441,442,CA-2019-115756,2019-09-05,2019-09-07,Second Class,PK-19075,Pete Kriz,Consumer,United States,Detroit,Michigan,48227.0,Central,OFF-ST-10000060,Office Supplies,Storage,Fellowes Bankers Box Staxonsteel Drawer File/Stacking System,194.94,3,0.0,23.39280000000001
442,443,CA-2019-115756,2019-09-05,2019-09-07,Second Class,PK-19075,Pete Kriz,Consumer,United States,Detroit,Michigan,48227.0,Central,OFF-ST-10003058,Office Supplies,Storage,Eldon Mobile Mega Data Cart  Mega Stackable  Add-On Trays,70.94999999999999,3,0.0,20.575499999999998
443,444,CA-2019-115756,2019-09-05,2019-09-07,Second Class,PK-19075,Pete Kriz,Consumer,United States,Detroit,Michigan,48227.0,Central,OFF-PA-10002222,Office Supplies,Paper,"Xerox Color Copier Paper, 11"" x 17"", Ream",91.36,4,0.0,42.0256
444,445,CA-2019-115756,2019-09-05,2019-09-07,Second Class,PK-19075,Pete Kriz,Consumer,United States,Detroit,Michigan,48227.0,Central,FUR-CH-10002372,Furniture,Chairs,Office Star - Ergonomically Designed Knee Chair,242.94,3,0.0,29.152800000000013
445,446,CA-2019-115756,2019-09-05,2019-09-07,Second Class,PK-19075,Pete Kriz,Consumer,United States,Detroit,Michigan,48227.0,Central,OFF-LA-10001317,Office Supplies,Labels,Avery 520,22.05,7,0.0,10.584
446,447,CA-2020-154214,2020-03-20,2020-03-25,Second Class,TB-21595,Troy Blackwell,Consumer,United States,Columbus,Indiana,47201.0,Central,FUR-FU-10000206,Furniture,Furnishings,"GE General Purpose, Extra Long Life, Showcase & Floodlight Incandescent Bulbs",2.91,1,0.0,1.3677
447,448,CA-2019-166674,2019-04-01,2019-04-03,Second Class,RB-19360,Raymond Buch,Consumer,United States,Auburn,New York,13021.0,East,OFF-AR-10000588,Office Supplies,Art,Newell 345,59.519999999999996,3,0.0,15.475200000000001
448,449,CA-2019-166674,2019-04-01,2019-04-03,Second Class,RB-19360,Raymond Buch,Consumer,United States,Auburn,New York,13021.0,East,OFF-ST-10001469,Office Supplies,Storage,Fellowes Bankers Box Recycled Super Stor/Drawer,161.94,3,0.0,9.716399999999993
449,450,CA-2019-166674,2019-04-01,2019-04-03,Second Class,RB-19360,Raymond Buch,Consumer,United States,Auburn,New York,13021.0,East,OFF-AR-10001953,Office Supplies,Art,Boston 1645 Deluxe Heavier-Duty Electric Pencil Sharpener,263.88,6,0.0,71.2476
450,451,CA-2019-166674,2019-04-01,2019-04-03,Second Class,RB-19360,Raymond Buch,Consumer,United States,Auburn,New York,13021.0,East,OFF-AR-10003156,Office Supplies,Art,50 Colored Long Pencils,30.48,3,0.0,7.924800000000001
451,452,CA-2019-166674,2019-04-01,2019-04-03,Second Class,RB-19360,Raymond Buch,Consumer,United States,Auburn,New York,13021.0,East,OFF-AR-10004974,Office Supplies,Art,Newell 342,9.84,3,0.0,2.853599999999999
452,453,CA-2019-166674,2019-04-01,2019-04-03,Second Class,RB-19360,Raymond Buch,Consumer,United States,Auburn,New York,13021.0,East,TEC-PH-10002365,Technology,Phones,Belkin Grip Candy Sheer Case / Cover for iPhone 5 and 5S,35.12,4,0.0,9.1312
453,454,CA-2020-147277,2020-10-20,2020-10-24,Standard Class,EB-13705,Ed Braxton,Corporate,United States,Akron,Ohio,44312.0,East,FUR-TA-10001539,Furniture,Tables,Chromcraft Rectangular Conference Tables,284.364,2,0.4,-75.83040000000005
454,455,CA-2020-147277,2020-10-20,2020-10-24,Standard Class,EB-13705,Ed Braxton,Corporate,United States,Akron,Ohio,44312.0,East,OFF-ST-10000142,Office Supplies,Storage,Deluxe Rollaway Locking File with Drawer,665.408,2,0.2,66.54079999999996
455,456,CA-2019-100153,2019-12-13,2019-12-17,Standard Class,KH-16630,Ken Heidel,Corporate,United States,Norman,Oklahoma,73071.0,Central,TEC-AC-10001772,Technology,Accessories,Memorex Mini Travel Drive 16 GB USB 2.0 Flash Drive,63.88,4,0.0,24.913200000000003
456,457,US-2017-110674,2017-02-12,2017-02-18,Standard Class,SC-20095,Sanjit Chand,Consumer,United States,Concord,California,94521.0,West,FUR-CH-10000225,Furniture,Chairs,"Global Geo Office Task Chair, Gray",129.568,2,0.2,-24.29400000000002
457,458,US-2019-157945,2019-09-26,2019-10-01,Standard Class,NF-18385,Natalie Fritzler,Consumer,United States,Decatur,Illinois,62521.0,Central,FUR-CH-10002331,Furniture,Chairs,Hon 4700 Series Mobuis Mid-Back Task Chairs with Adjustable Arms,747.558,3,0.3,-96.11460000000011
458,459,US-2019-157945,2019-09-26,2019-10-01,Standard Class,NF-18385,Natalie Fritzler,Consumer,United States,Decatur,Illinois,62521.0,Central,OFF-EN-10001415,Office Supplies,Envelopes,Staple envelope,8.928,2,0.2,3.348
459,460,CA-2018-109638,2018-12-15,2018-12-22,Standard Class,JH-15985,Joseph Holt,Consumer,United States,Seattle,Washington,98115.0,West,OFF-AP-10002472,Office Supplies,Appliances,3M Office Air Cleaner,103.92,4,0.0,36.372
460,461,CA-2018-109638,2018-12-15,2018-12-22,Standard Class,JH-15985,Joseph Holt,Consumer,United States,Seattle,Washington,98115.0,West,TEC-AC-10004571,Technology,Accessories,Logitech G700s Rechargeable Gaming Mouse,899.91,9,0.0,377.96220000000005
461,462,CA-2018-109638,2018-12-15,2018-12-22,Standard Class,JH-15985,Joseph Holt,Consumer,United States,Seattle,Washington,98115.0,West,OFF-BI-10001098,Office Supplies,Binders,Acco D-Ring Binder w/DublLock,51.312,3,0.2,18.600599999999996
462,463,CA-2019-109869,2019-04-22,2019-04-29,Standard Class,TN-21040,Tanja Norvell,Home Office,United States,Phoenix,Arizona,85023.0,West,FUR-FU-10000023,Furniture,Furnishings,Eldon Wave Desk Accessories,23.56,5,0.2,7.0680000000000005
463,464,CA-2019-109869,2019-04-22,2019-04-29,Standard Class,TN-21040,Tanja Norvell,Home Office,United States,Phoenix,Arizona,85023.0,West,FUR-TA-10001889,Furniture,Tables,Bush Advantage Collection Racetrack Conference Table,1272.6299999999999,6,0.5,-814.4831999999999
464,465,CA-2019-109869,2019-04-22,2019-04-29,Standard Class,TN-21040,Tanja Norvell,Home Office,United States,Phoenix,Arizona,85023.0,West,OFF-BI-10000315,Office Supplies,Binders,Poly Designer Cover & Back,28.485,5,0.7,-20.88899999999999
465,466,CA-2019-109869,2019-04-22,2019-04-29,Standard Class,TN-21040,Tanja Norvell,Home Office,United States,Phoenix,Arizona,85023.0,West,OFF-SU-10003505,Office Supplies,Supplies,Premier Electric Letter Opener,185.376,2,0.2,-34.75800000000002
466,467,CA-2019-109869,2019-04-22,2019-04-29,Standard Class,TN-21040,Tanja Norvell,Home Office,United States,Phoenix,Arizona,85023.0,West,OFF-AP-10002578,Office Supplies,Appliances,"Fellowes Premier Superior Surge Suppressor, 10-Outlet, With Phone and Remote",78.272,2,0.2,5.8704
467,468,US-2018-101399,2018-01-17,2018-01-24,Standard Class,JS-15940,Joni Sundaresam,Home Office,United States,Park Ridge,Illinois,60068.0,Central,FUR-FU-10002918,Furniture,Furnishings,Eldon ClusterMat Chair Mat with Cordless Antistatic Protection,254.74400000000003,7,0.6,-312.06139999999994
468,469,CA-2020-154907,2020-03-31,2020-04-04,Standard Class,DS-13180,David Smith,Corporate,United States,Amarillo,Texas,79109.0,Central,FUR-BO-10002824,Furniture,Bookcases,Bush Mission Pointe Library,205.33279999999996,2,0.32,-36.235200000000006
469,470,US-2019-100419,2019-12-16,2019-12-20,Second Class,CC-12670,Craig Carreira,Consumer,United States,Chicago,Illinois,60610.0,Central,OFF-BI-10002194,Office Supplies,Binders,Cardinal Hold-It CD Pocket,4.7879999999999985,3,0.8,-7.9002
470,471,CA-2018-154144,2018-12-20,2018-12-24,Standard Class,MH-17785,Maya Herman,Corporate,United States,Lindenhurst,New York,11757.0,East,OFF-PA-10004071,Office Supplies,Paper,"Eaton Premium Continuous-Feed Paper, 25% Cotton, Letter Size, White, 1000 Shts/Box",55.48,1,0.0,26.630399999999998
471,472,CA-2017-144666,2017-11-09,2017-11-11,Second Class,JP-15520,Jeremy Pistek,Consumer,United States,San Francisco,California,94110.0,West,OFF-ST-10002743,Office Supplies,Storage,SAFCO Boltless Steel Shelving,340.92,3,0.0,3.4091999999999842
472,473,CA-2017-144666,2017-11-09,2017-11-11,Second Class,JP-15520,Jeremy Pistek,Consumer,United States,San Francisco,California,94110.0,West,FUR-BO-10001601,Furniture,Bookcases,"Sauder Mission Library with Doors, Fruitwood Finish",222.66599999999997,2,0.15,10.47839999999998
473,474,CA-2017-144666,2017-11-09,2017-11-11,Second Class,JP-15520,Jeremy Pistek,Consumer,United States,San Francisco,California,94110.0,West,TEC-PH-10002680,Technology,Phones,Samsung Galaxy Note 3,703.9680000000001,4,0.2,87.99599999999992
474,475,CA-2017-144666,2017-11-09,2017-11-11,Second Class,JP-15520,Jeremy Pistek,Consumer,United States,San Francisco,California,94110.0,West,OFF-ST-10001321,Office Supplies,Storage,"Decoflex Hanging Personal Folder File, Blue",92.52,6,0.0,24.980400000000007
475,476,CA-2017-144666,2017-11-09,2017-11-11,Second Class,JP-15520,Jeremy Pistek,Consumer,United States,San Francisco,California,94110.0,West,OFF-PA-10001509,Office Supplies,Paper,"Recycled Desk Saver Line ""While You Were Out"" Book, 5 1/2"" X 4""",62.64999999999999,7,0.0,28.818999999999996
476,477,CA-2017-144666,2017-11-09,2017-11-11,Second Class,JP-15520,Jeremy Pistek,Consumer,United States,San Francisco,California,94110.0,West,OFF-PA-10003465,Office Supplies,Paper,Xerox 1912,94.85,5,0.0,45.52799999999999
477,478,CA-2019-103891,2019-07-12,2019-07-19,Standard Class,KH-16690,Kristen Hastings,Corporate,United States,Los Angeles,California,90008.0,West,TEC-PH-10000149,Technology,Phones,Cisco SPA525G2 IP Phone - Wireless,95.76,6,0.2,7.181999999999995
478,479,CA-2019-152632,2019-10-27,2019-11-02,Standard Class,JE-15475,Jeremy Ellison,Consumer,United States,Troy,New York,12180.0,East,FUR-FU-10002671,Furniture,Furnishings,Electrix 20W Halogen Replacement Bulb for Zoom-In Desk Lamp,40.2,3,0.0,19.296
479,480,CA-2019-100790,2019-06-26,2019-07-02,Standard Class,JG-15805,John Grady,Corporate,United States,New York City,New York,10024.0,East,OFF-AR-10003045,Office Supplies,Art,Prang Colored Pencils,14.7,5,0.0,6.615
480,481,CA-2019-100790,2019-06-26,2019-07-02,Standard Class,JG-15805,John Grady,Corporate,United States,New York City,New York,10024.0,East,OFF-ST-10000689,Office Supplies,Storage,"Fellowes Strictly Business Drawer File, Letter/Legal Size",704.25,5,0.0,84.51
481,482,CA-2017-134677,2017-10-06,2017-10-10,Standard Class,XP-21865,Xylona Preis,Consumer,United States,San Diego,California,92024.0,West,TEC-AC-10001445,Technology,Accessories,Imation USB 2.0 Swivel Flash Drive USB flash drive - 4 GB - Pink,9.09,3,0.0,1.9088999999999996
482,483,CA-2017-127691,2017-07-22,2017-07-27,Standard Class,EM-14065,Erin Mull,Consumer,United States,New York City,New York,10024.0,East,OFF-AR-10002053,Office Supplies,Art,"Premium Writing Pencils, Soft, #2 by Central Association for the Blind",5.96,2,0.0,1.6688
483,484,CA-2017-127691,2017-07-22,2017-07-27,Standard Class,EM-14065,Erin Mull,Consumer,United States,New York City,New York,10024.0,East,TEC-AC-10002567,Technology,Accessories,Logitech G602 Wireless Gaming Mouse,159.98,2,0.0,57.5928
484,485,CA-2020-140963,2020-06-10,2020-06-13,First Class,MT-18070,Michelle Tran,Home Office,United States,Los Angeles,California,90045.0,West,OFF-LA-10003923,Office Supplies,Labels,Alphabetical Labels for Top Tab Filing,29.6,2,0.0,14.8
485,486,CA-2020-140963,2020-06-10,2020-06-13,First Class,MT-18070,Michelle Tran,Home Office,United States,Los Angeles,California,90045.0,West,FUR-BO-10001337,Furniture,Bookcases,O'Sullivan Living Dimensions 2-Shelf Bookcases,514.165,5,0.15,-30.24499999999999
486,487,CA-2020-140963,2020-06-10,2020-06-13,First Class,MT-18070,Michelle Tran,Home Office,United States,Los Angeles,California,90045.0,West,TEC-PH-10001924,Technology,Phones,iHome FM Clock Radio with Lightning Dock,279.96,5,0.2,17.497500000000016
487,488,CA-2017-154627,2017-10-29,2017-10-31,First Class,SA-20830,Sue Ann Reed,Consumer,United States,Chicago,Illinois,60610.0,Central,TEC-PH-10001363,Technology,Phones,Apple iPhone 5S,2735.952,6,0.2,341.9939999999997
488,489,CA-2017-133753,2017-06-09,2017-06-13,Second Class,CW-11905,Carl Weiss,Home Office,United States,Huntsville,Texas,77340.0,Central,TEC-PH-10000376,Technology,Phones,Square Credit Card Reader,7.992000000000001,1,0.2,0.5994000000000002
489,490,CA-2017-133753,2017-06-09,2017-06-13,Second Class,CW-11905,Carl Weiss,Home Office,United States,Huntsville,Texas,77340.0,Central,TEC-AC-10000303,Technology,Accessories,Logitech M510 Wireless Mouse,63.98400000000001,2,0.2,10.397399999999998
490,491,CA-2017-133753,2017-06-09,2017-06-13,Second Class,CW-11905,Carl Weiss,Home Office,United States,Huntsville,Texas,77340.0,Central,OFF-AR-10001953,Office Supplies,Art,Boston 1645 Deluxe Heavier-Duty Electric Pencil Sharpener,70.368,2,0.2,6.157200000000003
491,492,CA-2017-113362,2017-09-14,2017-09-19,Standard Class,AJ-10960,Astrea Jones,Consumer,United States,Rochester,New York,14609.0,East,OFF-ST-10001809,Office Supplies,Storage,Fellowes Officeware Wire Shelving,449.15,5,0.0,8.98299999999999
492,493,CA-2017-113362,2017-09-14,2017-09-19,Standard Class,AJ-10960,Astrea Jones,Consumer,United States,Rochester,New York,14609.0,East,OFF-EN-10003845,Office Supplies,Envelopes,Colored Envelopes,11.07,3,0.0,5.092199999999999
493,494,CA-2019-169166,2019-05-09,2019-05-14,Standard Class,SS-20590,Sonia Sunley,Consumer,United States,Seattle,Washington,98115.0,West,TEC-AC-10000991,Technology,Accessories,Sony Micro Vault Click 8 GB USB 2.0 Flash Drive,93.98,2,0.0,13.157200000000003
494,495,US-2019-120929,2019-03-18,2019-03-21,Second Class,RO-19780,Rose O'Brian,Consumer,United States,Memphis,Tennessee,38109.0,South,FUR-TA-10001857,Furniture,Tables,Balt Solid Wood Rectangular Table,189.882,3,0.4,-94.94100000000002
495,496,CA-2018-134782,2018-12-27,2018-12-31,Standard Class,MD-17350,Maribeth Dona,Consumer,United States,Fayetteville,Arkansas,72701.0,South,OFF-EN-10001434,Office Supplies,Envelopes,"Strathmore #10 Envelopes, Ultimate White",105.42,2,0.0,51.6558
496,497,CA-2019-126158,2019-07-25,2019-07-31,Standard Class,SC-20095,Sanjit Chand,Consumer,United States,Costa Mesa,California,92627.0,West,OFF-BI-10002498,Office Supplies,Binders,Clear Mylar Reinforcing Strips,119.61600000000001,8,0.2,40.3704
497,498,CA-2019-126158,2019-07-25,2019-07-31,Standard Class,SC-20095,Sanjit Chand,Consumer,United States,Costa Mesa,California,92627.0,West,FUR-FU-10004864,Furniture,Furnishings,"Howard Miller 14-1/2"" Diameter Chrome Round Wall Clock",255.76,4,0.0,81.8432
498,499,CA-2019-126158,2019-07-25,2019-07-31,Standard Class,SC-20095,Sanjit Chand,Consumer,United States,Costa Mesa,California,92627.0,West,FUR-CH-10002602,Furniture,Chairs,DMI Arturo Collection Mission-style Design Wood Chair,241.56799999999998,2,0.2,18.11760000000001
499,500,CA-2019-126158,2019-07-25,2019-07-31,Standard Class,SC-20095,Sanjit Chand,Consumer,United States,Costa Mesa,California,92627.0,West,FUR-FU-10000073,Furniture,Furnishings,Deflect-O Glasstique Clear Desk Accessories,69.3,9,0.0,22.868999999999996
500,501,US-2019-105578,2019-05-30,2019-06-04,Standard Class,MY-17380,Maribeth Yedwab,Corporate,United States,Parker,Colorado,80134.0,West,OFF-BI-10001670,Office Supplies,Binders,Vinyl Sectional Post Binders,22.620000000000005,2,0.7,-15.079999999999998
501,502,US-2019-105578,2019-05-30,2019-06-04,Standard Class,MY-17380,Maribeth Yedwab,Corporate,United States,Parker,Colorado,80134.0,West,OFF-BI-10001658,Office Supplies,Binders,GBC Standard Therm-A-Bind Covers,14.952000000000004,2,0.7,-11.961599999999997
502,503,US-2019-105578,2019-05-30,2019-06-04,Standard Class,MY-17380,Maribeth Yedwab,Corporate,United States,Parker,Colorado,80134.0,West,FUR-CH-10001215,Furniture,Chairs,Global Troy Executive Leather Low-Back Tilter,801.5680000000001,2,0.2,50.097999999999985
503,504,US-2019-105578,2019-05-30,2019-06-04,Standard Class,MY-17380,Maribeth Yedwab,Corporate,United States,Parker,Colorado,80134.0,West,OFF-BI-10000831,Office Supplies,Binders,Storex Flexible Poly Binders with Double Pockets,2.3760000000000003,3,0.7,-1.9007999999999998
504,505,US-2019-105578,2019-05-30,2019-06-04,Standard Class,MY-17380,Maribeth Yedwab,Corporate,United States,Parker,Colorado,80134.0,West,OFF-PA-10000357,Office Supplies,Paper,"White Dual Perf Computer Printout Paper, 2700 Sheets, 1 Part, Heavyweight, 20 lbs., 14 7/8 x 11",32.792,1,0.2,11.8871
505,506,CA-2020-134978,2020-11-12,2020-11-15,Second Class,EB-13705,Ed Braxton,Corporate,United States,New York City,New York,10024.0,East,OFF-BI-10003274,Office Supplies,Binders,"Avery Durable Slant Ring Binders, No Labels",15.920000000000002,5,0.2,5.372999999999999
506,507,CA-2018-145352,2018-03-16,2018-03-22,Standard Class,CM-12385,Christopher Martinez,Consumer,United States,Atlanta,Georgia,30318.0,South,OFF-AR-10001662,Office Supplies,Art,Rogers Handheld Barrel Pencil Sharpener,2.74,1,0.0,0.7398000000000002
507,508,CA-2018-145352,2018-03-16,2018-03-22,Standard Class,CM-12385,Christopher Martinez,Consumer,United States,Atlanta,Georgia,30318.0,South,OFF-AR-10003856,Office Supplies,Art,Newell 344,8.34,3,0.0,2.1683999999999997
508,509,CA-2018-145352,2018-03-16,2018-03-22,Standard Class,CM-12385,Christopher Martinez,Consumer,United States,Atlanta,Georgia,30318.0,South,OFF-ST-10001228,Office Supplies,Storage,Personal File Boxes with Fold-Down Carry Handle,46.74,3,0.0,11.684999999999999
509,510,CA-2018-145352,2018-03-16,2018-03-22,Standard Class,CM-12385,Christopher Martinez,Consumer,United States,Atlanta,Georgia,30318.0,South,OFF-BI-10003527,Office Supplies,Binders,Fellowes PB500 Electric Punch Plastic Comb Binding Machine with Manual Bind,6354.95,5,0.0,3177.475
510,511,CA-2020-135307,2020-11-26,2020-11-27,First Class,LS-17245,Lynn Smith,Consumer,United States,Gladstone,Missouri,64118.0,Central,FUR-FU-10001290,Furniture,Furnishings,Executive Impressions Supervisor Wall Clock,126.30000000000001,3,0.0,40.416
511,512,CA-2020-135307,2020-11-26,2020-11-27,First Class,LS-17245,Lynn Smith,Consumer,United States,Gladstone,Missouri,64118.0,Central,TEC-AC-10002399,Technology,Accessories,SanDisk Cruzer 32 GB USB Flash Drive,38.04,2,0.0,12.172799999999999
512,513,CA-2019-106341,2019-10-20,2019-10-23,First Class,LF-17185,Luke Foster,Consumer,United States,Newark,Ohio,43055.0,East,OFF-AR-10002053,Office Supplies,Art,"Premium Writing Pencils, Soft, #2 by Central Association for the Blind",7.151999999999999,3,0.2,0.7152000000000003
513,514,CA-2020-163405,2020-12-21,2020-12-25,Standard Class,BN-11515,Bradley Nguyen,Consumer,United States,Los Angeles,California,90049.0,West,OFF-AR-10003811,Office Supplies,Art,Newell 327,6.63,3,0.0,1.7901
514,515,CA-2020-163405,2020-12-21,2020-12-25,Standard Class,BN-11515,Bradley Nguyen,Consumer,United States,Los Angeles,California,90049.0,West,OFF-AR-10001246,Office Supplies,Art,Newell 317,5.88,2,0.0,1.7051999999999996
515,516,CA-2020-127432,2020-01-22,2020-01-27,Standard Class,AD-10180,Alan Dominguez,Home Office,United States,Great Falls,Montana,59405.0,West,TEC-CO-10003236,Technology,Copiers,Canon Image Class D660 Copier,2999.95,5,0.0,1379.9769999999999
516,517,CA-2020-127432,2020-01-22,2020-01-27,Standard Class,AD-10180,Alan Dominguez,Home Office,United States,Great Falls,Montana,59405.0,West,OFF-ST-10004507,Office Supplies,Storage,Advantus Rolling Storage Box,51.449999999999996,3,0.0,13.891499999999999
517,518,CA-2020-127432,2020-01-22,2020-01-27,Standard Class,AD-10180,Alan Dominguez,Home Office,United States,Great Falls,Montana,59405.0,West,OFF-PA-10001667,Office Supplies,Paper,Great White Multi-Use Recycled Paper (20Lb. and 84 Bright),11.96,2,0.0,5.382
518,519,CA-2020-127432,2020-01-22,2020-01-27,Standard Class,AD-10180,Alan Dominguez,Home Office,United States,Great Falls,Montana,59405.0,West,OFF-ST-10004459,Office Supplies,Storage,Tennsco Single-Tier Lockers,1126.02,3,0.0,56.30099999999999
519,520,CA-2018-157812,2018-03-22,2018-03-26,Standard Class,DB-13210,Dean Braden,Consumer,United States,Houston,Texas,77041.0,Central,TEC-AC-10000171,Technology,Accessories,"Verbatim 25 GB 6x Blu-ray Single Layer Recordable Disc, 25/Pack",18.392,1,0.2,5.2877
520,521,CA-2018-157812,2018-03-22,2018-03-26,Standard Class,DB-13210,Dean Braden,Consumer,United States,Houston,Texas,77041.0,Central,OFF-ST-10000736,Office Supplies,Storage,Carina Double Wide Media Storage Towers in Natural & Black,129.568,2,0.2,-25.91360000000001
521,522,CA-2018-157812,2018-03-22,2018-03-26,Standard Class,DB-13210,Dean Braden,Consumer,United States,Houston,Texas,77041.0,Central,OFF-BI-10000285,Office Supplies,Binders,XtraLife ClearVue Slant-D Ring Binders by Cardinal,14.111999999999997,9,0.8,-21.168
522,523,CA-2020-145142,2020-01-23,2020-01-25,First Class,MC-17605,Matt Connell,Corporate,United States,Detroit,Michigan,48234.0,Central,FUR-TA-10001857,Furniture,Tables,Balt Solid Wood Rectangular Table,210.98,2,0.0,21.097999999999985
523,524,US-2019-139486,2019-05-21,2019-05-23,First Class,LH-17155,Logan Haushalter,Consumer,United States,Los Angeles,California,90032.0,West,TEC-PH-10003555,Technology,Phones,Motorola HK250 Universal Bluetooth Headset,55.176,3,0.2,-12.414599999999997
524,525,US-2019-139486,2019-05-21,2019-05-23,First Class,LH-17155,Logan Haushalter,Consumer,United States,Los Angeles,California,90032.0,West,TEC-AC-10003832,Technology,Accessories,Imation 16GB Mini TravelDrive USB 2.0 Flash Drive,66.26,2,0.0,27.166600000000003
525,526,CA-2018-158792,2018-12-26,2019-01-02,Standard Class,BD-11605,Brian Dahlen,Consumer,United States,Lawrence,Massachusetts,1841.0,East,OFF-FA-10002815,Office Supplies,Fasteners,Staples,22.200000000000003,5,0.0,10.434000000000001
526,527,CA-2020-113558,2020-10-21,2020-10-26,Standard Class,PH-18790,Patricia Hirasaki,Home Office,United States,Lakeland,Florida,33801.0,South,FUR-CH-10003379,Furniture,Chairs,Global Commerce Series High-Back Swivel/Tilt Chairs,683.9520000000001,3,0.2,42.746999999999986
527,528,CA-2020-113558,2020-10-21,2020-10-26,Standard Class,PH-18790,Patricia Hirasaki,Home Office,United States,Lakeland,Florida,33801.0,South,FUR-FU-10001756,Furniture,Furnishings,"Eldon Expressions Desk Accessory, Wood Photo Frame, Mahogany",45.696,3,0.2,5.140799999999992
528,529,US-2018-138303,2018-09-03,2018-09-07,Standard Class,MG-18145,Mike Gockenbach,Consumer,United States,Philadelphia,Pennsylvania,19134.0,East,OFF-ST-10004963,Office Supplies,Storage,Eldon Gobal File Keepers,36.336000000000006,3,0.2,-7.267200000000004
529,530,US-2018-138303,2018-09-03,2018-09-07,Standard Class,MG-18145,Mike Gockenbach,Consumer,United States,Philadelphia,Pennsylvania,19134.0,East,OFF-SU-10002881,Office Supplies,Supplies,Martin Yale Chadless Opener Electric Letter Opener,666.248,1,0.2,-149.9058
530,531,US-2018-138303,2018-09-03,2018-09-07,Standard Class,MG-18145,Mike Gockenbach,Consumer,United States,Philadelphia,Pennsylvania,19134.0,East,OFF-EN-10001335,Office Supplies,Envelopes,"White Business Envelopes with Contemporary Seam, Recycled White Business Envelopes",52.512,6,0.2,19.692
531,532,CA-2018-102848,2018-11-07,2018-11-09,Second Class,KB-16240,Karen Bern,Corporate,United States,Los Angeles,California,90036.0,West,FUR-CH-10000595,Furniture,Chairs,Safco Contoured Stacking Chairs,190.72000000000003,1,0.2,11.919999999999987
532,533,US-2020-129441,2020-09-07,2020-09-11,Standard Class,JC-15340,Jasper Cacioppo,Consumer,United States,Los Angeles,California,90032.0,West,FUR-FU-10000448,Furniture,Furnishings,Tenex Chairmats For Use With Carpeted Floors,47.94,3,0.0,2.3969999999999985
533,534,CA-2019-168753,2019-05-29,2019-06-01,Second Class,RL-19615,Rob Lucas,Consumer,United States,Montgomery,Alabama,36116.0,South,TEC-PH-10000984,Technology,Phones,Panasonic KX-TG9471B,979.95,5,0.0,274.3860000000001
534,535,CA-2019-168753,2019-05-29,2019-06-01,Second Class,RL-19615,Rob Lucas,Consumer,United States,Montgomery,Alabama,36116.0,South,OFF-BI-10002557,Office Supplies,Binders,Presstex Flexible Ring Binders,22.75,5,0.0,11.375
535,536,CA-2019-126613,2019-07-10,2019-07-16,Standard Class,AA-10375,Allen Armold,Consumer,United States,Mesa,Arizona,85204.0,West,OFF-ST-10001325,Office Supplies,Storage,Sterilite Officeware Hinged File Box,16.768,2,0.2,1.4672
536,537,US-2020-122637,2020-09-03,2020-09-08,Second Class,EP-13915,Emily Phan,Consumer,United States,Chicago,Illinois,60653.0,Central,OFF-BI-10002429,Office Supplies,Binders,"Premier Elliptical Ring Binder, Black",42.61599999999999,7,0.8,-68.18560000000002
537,538,CA-2018-147851,2018-12-03,2018-12-08,Standard Class,MP-17470,Mark Packer,Home Office,United States,New York City,New York,10009.0,East,OFF-BI-10004528,Office Supplies,Binders,Cardinal Poly Pocket Divider Pockets for Ring Binders,10.752,4,0.2,3.359999999999999
538,539,CA-2018-134894,2018-12-07,2018-12-11,Standard Class,DK-12985,Darren Koutras,Consumer,United States,Henderson,Kentucky,42420.0,South,OFF-AP-10001271,Office Supplies,Appliances,Eureka The Boss Cordless Rechargeable Stick Vac,152.94,3,0.0,41.293800000000005
539,540,CA-2018-134894,2018-12-07,2018-12-11,Standard Class,DK-12985,Darren Koutras,Consumer,United States,Henderson,Kentucky,42420.0,South,FUR-CH-10002647,Furniture,Chairs,"Situations Contoured Folding Chairs, 4/Set",283.92,4,0.0,70.98000000000002
540,541,CA-2017-140795,2017-02-01,2017-02-03,First Class,BD-11500,Bradley Drucker,Consumer,United States,Green Bay,Wisconsin,54302.0,Central,TEC-AC-10001432,Technology,Accessories,Enermax Aurora Lite Keyboard,468.90000000000003,6,0.0,206.31600000000006
541,542,CA-2019-136924,2019-07-14,2019-07-17,First Class,ES-14080,Erin Smith,Corporate,United States,Tucson,Arizona,85705.0,West,TEC-PH-10002262,Technology,Phones,LG Electronics Tone+ HBS-730 Bluetooth Headset,380.86400000000003,8,0.2,38.086400000000026
542,543,US-2018-120161,2018-12-18,2018-12-23,Standard Class,LM-17065,Liz MacKendrick,Consumer,United States,Springfield,Ohio,45503.0,East,OFF-ST-10001809,Office Supplies,Storage,Fellowes Officeware Wire Shelving,646.7760000000001,9,0.2,-145.52460000000002
543,544,CA-2017-103849,2017-05-11,2017-05-16,Standard Class,PG-18895,Paul Gonzalez,Consumer,United States,Fort Worth,Texas,76106.0,Central,TEC-AC-10001465,Technology,Accessories,SanDisk Cruzer 64 GB USB Flash Drive,58.112,2,0.2,7.263999999999994
544,545,CA-2017-103849,2017-05-11,2017-05-16,Standard Class,PG-18895,Paul Gonzalez,Consumer,United States,Fort Worth,Texas,76106.0,Central,TEC-PH-10002597,Technology,Phones,Xblue XB-1670-86 X16 Small Office Telephone - Titanium,100.792,1,0.2,6.299500000000002
545,546,CA-2017-103849,2017-05-11,2017-05-16,Standard Class,PG-18895,Paul Gonzalez,Consumer,United States,Fort Worth,Texas,76106.0,Central,FUR-FU-10000723,Furniture,Furnishings,"Deflect-o EconoMat Studded, No Bevel Mat for Low Pile Carpeting",66.11200000000001,4,0.6,-84.29279999999999
546,547,CA-2020-162929,2020-11-19,2020-11-22,First Class,AS-10135,Adrian Shami,Home Office,United States,New York City,New York,10035.0,East,OFF-BI-10000404,Office Supplies,Binders,Avery Printable Repositionable Plastic Tabs,41.28,6,0.2,13.931999999999999
547,548,CA-2020-162929,2020-11-19,2020-11-22,First Class,AS-10135,Adrian Shami,Home Office,United States,New York City,New York,10035.0,East,OFF-PA-10002986,Office Supplies,Paper,Xerox 1898,13.36,2,0.0,6.4128
548,549,CA-2018-113173,2018-11-15,2018-11-17,Second Class,DK-13225,Dean Katz,Corporate,United States,Chicago,Illinois,60653.0,Central,OFF-ST-10000604,Office Supplies,Storage,Home/Office Personal File Carts,250.272,9,0.2,15.641999999999982
549,550,CA-2018-113173,2018-11-15,2018-11-17,Second Class,DK-13225,Dean Katz,Corporate,United States,Chicago,Illinois,60653.0,Central,OFF-BI-10004738,Office Supplies,Binders,Flexible Leather- Look Classic Collection Ring Binder,11.363999999999997,3,0.8,-17.046
550,551,CA-2018-113173,2018-11-15,2018-11-17,Second Class,DK-13225,Dean Katz,Corporate,United States,Chicago,Illinois,60653.0,Central,OFF-SU-10001935,Office Supplies,Supplies,Staple remover,8.72,5,0.2,-1.7440000000000015
551,552,CA-2019-136406,2019-04-15,2019-04-17,Second Class,BD-11320,Bill Donatelli,Consumer,United States,San Francisco,California,94110.0,West,FUR-CH-10002024,Furniture,Chairs,HON 5400 Series Task Chairs for Big and Tall,1121.568,2,0.2,0.0
552,553,CA-2020-112774,2020-09-11,2020-09-12,First Class,RC-19960,Ryan Crowe,Consumer,United States,Jacksonville,Florida,32216.0,South,FUR-FU-10003039,Furniture,Furnishings,"Howard Miller 11-1/2"" Diameter Grantwood Wall Clock",34.504000000000005,1,0.2,6.0382
553,554,CA-2020-101945,2020-11-24,2020-11-28,Standard Class,GT-14710,Greg Tran,Consumer,United States,Houston,Texas,77070.0,Central,OFF-FA-10004248,Office Supplies,Fasteners,Advantus T-Pin Paper Clips,10.824,3,0.2,2.5707
554,555,CA-2020-100650,2020-06-29,2020-07-03,Second Class,DK-13225,Dean Katz,Corporate,United States,Anaheim,California,92804.0,West,OFF-ST-10001780,Office Supplies,Storage,Tennsco 16-Compartment Lockers with Coat Rack,1295.78,2,0.0,310.98720000000003
555,556,CA-2017-155852,2017-03-03,2017-03-07,Second Class,AJ-10945,Ashley Jarboe,Consumer,United States,Wilmington,North Carolina,28403.0,South,OFF-AR-10003560,Office Supplies,Art,Zebra Zazzle Fluorescent Highlighters,19.456000000000003,4,0.2,3.404799999999998
556,557,CA-2019-113243,2019-06-10,2019-06-15,Standard Class,OT-18730,Olvera Toch,Consumer,United States,Los Angeles,California,90045.0,West,OFF-LA-10001297,Office Supplies,Labels,Avery 473,20.7,2,0.0,9.936
557,558,CA-2019-113243,2019-06-10,2019-06-15,Standard Class,OT-18730,Olvera Toch,Consumer,United States,Los Angeles,California,90045.0,West,FUR-TA-10004256,Furniture,Tables,Bretford “Just In Time” Height-Adjustable Multi-Task Work Tables,1335.68,4,0.2,-217.04800000000017
558,559,CA-2019-113243,2019-06-10,2019-06-15,Standard Class,OT-18730,Olvera Toch,Consumer,United States,Los Angeles,California,90045.0,West,OFF-PA-10003441,Office Supplies,Paper,Xerox 226,32.400000000000006,5,0.0,15.552000000000001
559,560,CA-2020-118731,2020-11-20,2020-11-22,Second Class,LP-17080,Liz Pelletier,Consumer,United States,San Francisco,California,94110.0,West,FUR-FU-10003347,Furniture,Furnishings,Coloredge Poster Frame,42.599999999999994,3,0.0,16.614
560,561,CA-2020-118731,2020-11-20,2020-11-22,Second Class,LP-17080,Liz Pelletier,Consumer,United States,San Francisco,California,94110.0,West,OFF-BI-10000069,Office Supplies,Binders,"GBC Prepunched Paper, 19-Hole, for Binding Systems, 24-lb",84.05600000000001,7,0.2,27.318199999999983
561,562,CA-2017-145576,2017-09-14,2017-09-18,Second Class,CA-12775,Cynthia Arntzen,Consumer,United States,Tampa,Florida,33614.0,South,OFF-AP-10003914,Office Supplies,Appliances,"Sanitaire Vibra Groomer IR Commercial Upright Vacuum, Replacement Belts",13.0,5,0.2,1.3000000000000007
562,563,CA-2017-145576,2017-09-14,2017-09-18,Second Class,CA-12775,Cynthia Arntzen,Consumer,United States,Tampa,Florida,33614.0,South,FUR-FU-10004020,Furniture,Furnishings,Advantus Panel Wall Acrylic Frame,13.128,3,0.2,3.7743
563,564,CA-2018-130736,2018-12-07,2018-12-09,First Class,JF-15490,Jeremy Farry,Consumer,United States,Seattle,Washington,98105.0,West,OFF-FA-10003467,Office Supplies,Fasteners,"Alliance Big Bands Rubber Bands, 12/Pack",3.96,2,0.0,0.0
564,565,CA-2018-130736,2018-12-07,2018-12-09,First Class,JF-15490,Jeremy Farry,Consumer,United States,Seattle,Washington,98105.0,West,OFF-LA-10000634,Office Supplies,Labels,Avery 509,2.61,1,0.0,1.2006
565,566,CA-2020-137099,2020-12-07,2020-12-10,First Class,FP-14320,Frank Preis,Consumer,United States,Los Angeles,California,90008.0,West,TEC-PH-10002496,Technology,Phones,Cisco SPA301,374.37600000000003,3,0.2,46.79699999999998
566,567,CA-2020-156951,2020-10-01,2020-10-08,Standard Class,EB-13840,Ellis Ballard,Corporate,United States,Seattle,Washington,98105.0,West,OFF-PA-10004530,Office Supplies,Paper,Personal Creations Ink Jet Cards and Labels,91.84,8,0.0,45.0016
567,568,CA-2020-156951,2020-10-01,2020-10-08,Standard Class,EB-13840,Ellis Ballard,Corporate,United States,Seattle,Washington,98105.0,West,OFF-BI-10001107,Office Supplies,Binders,"GBC White Gloss Covers, Plain Front",81.08800000000001,7,0.2,27.3672
568,569,CA-2020-156951,2020-10-01,2020-10-08,Standard Class,EB-13840,Ellis Ballard,Corporate,United States,Seattle,Washington,98105.0,West,OFF-PA-10004451,Office Supplies,Paper,Xerox 222,19.44,3,0.0,9.3312
569,570,CA-2020-156951,2020-10-01,2020-10-08,Standard Class,EB-13840,Ellis Ballard,Corporate,United States,Seattle,Washington,98105.0,West,FUR-CH-10004997,Furniture,Chairs,Hon Every-Day Series Multi-Task Chairs,451.15199999999993,3,0.2,0.0
570,571,CA-2020-164826,2020-12-28,2021-01-04,Standard Class,JF-15415,Jennifer Ferguson,Consumer,United States,New York City,New York,10024.0,East,OFF-LA-10001297,Office Supplies,Labels,Avery 473,72.45,7,0.0,34.775999999999996
571,572,CA-2020-164826,2020-12-28,2021-01-04,Standard Class,JF-15415,Jennifer Ferguson,Consumer,United States,New York City,New York,10024.0,East,OFF-FA-10000585,Office Supplies,Fasteners,OIC Bulk Pack Metal Binder Clips,13.96,4,0.0,6.4216
572,573,CA-2020-164826,2020-12-28,2021-01-04,Standard Class,JF-15415,Jennifer Ferguson,Consumer,United States,New York City,New York,10024.0,East,OFF-BI-10001922,Office Supplies,Binders,Storex Dura Pro Binders,33.264,7,0.2,11.2266
573,574,CA-2020-164826,2020-12-28,2021-01-04,Standard Class,JF-15415,Jennifer Ferguson,Consumer,United States,New York City,New York,10024.0,East,TEC-PH-10000347,Technology,Phones,Cush Cases Heavy Duty Rugged Cover Case for Samsung Galaxy S5 - Purple,14.850000000000001,3,0.0,4.0095
574,575,CA-2019-127250,2019-11-03,2019-11-07,Standard Class,SF-20200,Sarah Foster,Consumer,United States,Marysville,Washington,98270.0,West,OFF-AR-10003394,Office Supplies,Art,Newell 332,8.82,3,0.0,2.3814
575,576,CA-2018-149713,2018-09-18,2018-09-22,Second Class,TG-21640,Trudy Glocke,Consumer,United States,Long Beach,California,90805.0,West,OFF-PA-10004530,Office Supplies,Paper,Personal Creations Ink Jet Cards and Labels,160.72,14,0.0,78.75280000000001
576,577,CA-2018-149713,2018-09-18,2018-09-22,Second Class,TG-21640,Trudy Glocke,Consumer,United States,Long Beach,California,90805.0,West,OFF-PA-10001450,Office Supplies,Paper,Rediform S.O.S. Phone Message Books,19.92,4,0.0,9.760800000000001
577,578,CA-2018-149713,2018-09-18,2018-09-22,Second Class,TG-21640,Trudy Glocke,Consumer,United States,Long Beach,California,90805.0,West,OFF-SU-10001574,Office Supplies,Supplies,Acme Value Line Scissors,7.3,2,0.0,2.1899999999999995
578,579,CA-2020-118640,2020-07-20,2020-07-26,Standard Class,CS-11950,Carlos Soltero,Consumer,United States,Chicago,Illinois,60610.0,Central,OFF-ST-10002974,Office Supplies,Storage,"Trav-L-File Heavy-Duty Shuttle II, Black",69.712,2,0.2,8.713999999999995
579,580,CA-2020-118640,2020-07-20,2020-07-26,Standard Class,CS-11950,Carlos Soltero,Consumer,United States,Chicago,Illinois,60610.0,Central,FUR-FU-10001475,Furniture,Furnishings,"Contract Clock, 14"", Brown",8.792,1,0.6,-5.7148
580,581,CA-2018-132906,2018-09-10,2018-09-14,Standard Class,CC-12145,Charles Crestani,Consumer,United States,Los Angeles,California,90004.0,West,OFF-SU-10004498,Office Supplies,Supplies,Martin-Yale Premier Letter Opener,51.52,4,0.0,1.5456000000000003
581,582,CA-2020-145233,2020-12-01,2020-12-05,Standard Class,DV-13465,Dianna Vittorini,Consumer,United States,Denver,Colorado,80219.0,West,TEC-PH-10004977,Technology,Phones,GE 30524EE4,470.3760000000001,3,0.2,52.917299999999955
582,583,CA-2020-145233,2020-12-01,2020-12-05,Standard Class,DV-13465,Dianna Vittorini,Consumer,United States,Denver,Colorado,80219.0,West,TEC-PH-10000586,Technology,Phones,AT&T SB67148 SynJ,105.584,2,0.2,9.238600000000005
583,584,CA-2020-145233,2020-12-01,2020-12-05,Standard Class,DV-13465,Dianna Vittorini,Consumer,United States,Denver,Colorado,80219.0,West,OFF-AP-10000358,Office Supplies,Appliances,Fellowes Basic Home/Office Series Surge Protectors,31.152,3,0.2,3.5045999999999964
584,585,CA-2020-145233,2020-12-01,2020-12-05,Standard Class,DV-13465,Dianna Vittorini,Consumer,United States,Denver,Colorado,80219.0,West,OFF-BI-10002764,Office Supplies,Binders,Recycled Pressboard Report Cover with Reinforced Top Hinge,6.783,7,0.7,-4.748099999999997
585,586,CA-2020-145233,2020-12-01,2020-12-05,Standard Class,DV-13465,Dianna Vittorini,Consumer,United States,Denver,Colorado,80219.0,West,TEC-PH-10001254,Technology,Phones,Jabra BIZ 2300 Duo QD Duo Corded Headset,406.368,4,0.2,30.47759999999998
586,587,CA-2018-128139,2018-07-03,2018-07-09,Standard Class,BD-11725,Bruce Degenhardt,Consumer,United States,Richmond,Kentucky,40475.0,South,FUR-CH-10003956,Furniture,Chairs,Novimex High-Tech Fabric Mesh Task Chair,70.98,1,0.0,4.968599999999995
587,588,CA-2018-128139,2018-07-03,2018-07-09,Standard Class,BD-11725,Bruce Degenhardt,Consumer,United States,Richmond,Kentucky,40475.0,South,OFF-LA-10003930,Office Supplies,Labels,"Dot Matrix Printer Tape Reel Labels, White, 5000/Box",294.93,3,0.0,144.5157
588,589,US-2019-156986,2019-03-20,2019-03-24,Standard Class,ZC-21910,Zuschuss Carroll,Consumer,United States,Salem,Oregon,97301.0,West,TEC-PH-10003800,Technology,Phones,i.Sound Portable Power - 8000 mAh,84.784,2,0.2,-20.136200000000006
589,590,US-2019-156986,2019-03-20,2019-03-24,Standard Class,ZC-21910,Zuschuss Carroll,Consumer,United States,Salem,Oregon,97301.0,West,OFF-PA-10002005,Office Supplies,Paper,Xerox 225,20.736000000000004,4,0.2,7.2576
590,591,US-2019-156986,2019-03-20,2019-03-24,Standard Class,ZC-21910,Zuschuss Carroll,Consumer,United States,Salem,Oregon,97301.0,West,OFF-BI-10002498,Office Supplies,Binders,Clear Mylar Reinforcing Strips,16.821000000000005,3,0.7,-12.896100000000004
591,592,US-2019-156986,2019-03-20,2019-03-24,Standard Class,ZC-21910,Zuschuss Carroll,Consumer,United States,Salem,Oregon,97301.0,West,OFF-PA-10004101,Office Supplies,Paper,Xerox 1894,10.368000000000002,2,0.2,3.6288
592,593,CA-2017-135405,2017-01-09,2017-01-13,Standard Class,MS-17830,Melanie Seite,Consumer,United States,Laredo,Texas,78041.0,Central,OFF-AR-10004078,Office Supplies,Art,Newell 312,9.344,2,0.2,1.1679999999999997
593,594,CA-2017-135405,2017-01-09,2017-01-13,Standard Class,MS-17830,Melanie Seite,Consumer,United States,Laredo,Texas,78041.0,Central,TEC-AC-10001266,Technology,Accessories,Memorex Micro Travel Drive 8 GB,31.200000000000003,3,0.2,9.749999999999996
594,595,CA-2017-131450,2017-08-08,2017-08-15,Standard Class,LR-16915,Lena Radford,Consumer,United States,San Diego,California,92024.0,West,OFF-AP-10004708,Office Supplies,Appliances,Fellowes Superior 10 Outlet Split Surge Protector,76.12,2,0.0,22.074799999999996
595,596,CA-2017-131450,2017-08-08,2017-08-15,Standard Class,LR-16915,Lena Radford,Consumer,United States,San Diego,California,92024.0,West,TEC-CO-10004115,Technology,Copiers,Sharp AL-1530CS Digital Copier,1199.976,3,0.2,434.9913
596,597,CA-2017-131450,2017-08-08,2017-08-15,Standard Class,LR-16915,Lena Radford,Consumer,United States,San Diego,California,92024.0,West,TEC-PH-10002398,Technology,Phones,AT&T 1070 Corded Phone,445.96000000000004,5,0.2,55.74499999999995
597,598,CA-2017-131450,2017-08-08,2017-08-15,Standard Class,LR-16915,Lena Radford,Consumer,United States,San Diego,California,92024.0,West,FUR-FU-10001979,Furniture,Furnishings,Dana Halogen Swing-Arm Architect Lamp,327.76,8,0.0,91.77280000000002
598,599,CA-2019-120180,2019-07-14,2019-07-16,First Class,TP-21130,Theone Pippenger,Consumer,United States,Philadelphia,Pennsylvania,19134.0,East,OFF-SU-10004115,Office Supplies,Supplies,Acme Stainless Steel Office Snips,11.632,2,0.2,1.0178000000000007
599,600,US-2019-100720,2019-07-16,2019-07-21,Standard Class,CK-12205,Chloris Kastensmidt,Consumer,United States,Philadelphia,Pennsylvania,19120.0,East,TEC-PH-10001425,Technology,Phones,Mophie Juice Pack Helium for iPhone,143.98199999999997,3,0.4,-28.796400000000006
600,601,US-2019-100720,2019-07-16,2019-07-21,Standard Class,CK-12205,Chloris Kastensmidt,Consumer,United States,Philadelphia,Pennsylvania,19120.0,East,TEC-PH-10003963,Technology,Phones,GE 2-Jack Phone Line Splitter,494.376,4,0.4,-115.35440000000006
601,602,US-2019-100720,2019-07-16,2019-07-21,Standard Class,CK-12205,Chloris Kastensmidt,Consumer,United States,Philadelphia,Pennsylvania,19120.0,East,OFF-SU-10001574,Office Supplies,Supplies,Acme Value Line Scissors,5.84,2,0.2,0.7299999999999995
602,603,CA-2017-149958,2017-03-15,2017-03-19,Standard Class,AS-10240,Alan Shonely,Consumer,United States,Tampa,Florida,33614.0,South,OFF-ST-10001490,Office Supplies,Storage,"Hot File 7-Pocket, Floor Stand",142.776,1,0.2,17.84699999999998
603,604,CA-2017-149958,2017-03-15,2017-03-19,Standard Class,AS-10240,Alan Shonely,Consumer,United States,Tampa,Florida,33614.0,South,FUR-FU-10001756,Furniture,Furnishings,"Eldon Expressions Desk Accessory, Wood Photo Frame, Mahogany",45.696,3,0.2,5.140799999999992
604,605,CA-2017-149958,2017-03-15,2017-03-19,Standard Class,AS-10240,Alan Shonely,Consumer,United States,Tampa,Florida,33614.0,South,OFF-BI-10000773,Office Supplies,Binders,Insertable Tab Post Binder Dividers,7.218,3,0.7,-5.533800000000001
605,606,CA-2017-149958,2017-03-15,2017-03-19,Standard Class,AS-10240,Alan Shonely,Consumer,United States,Tampa,Florida,33614.0,South,OFF-BI-10001543,Office Supplies,Binders,GBC VeloBinder Manual Binding System,43.18800000000001,4,0.7,-31.6712
606,607,CA-2017-149958,2017-03-15,2017-03-19,Standard Class,AS-10240,Alan Shonely,Consumer,United States,Tampa,Florida,33614.0,South,OFF-PA-10002120,Office Supplies,Paper,Xerox 1889,131.904,3,0.2,47.815200000000004
607,608,US-2017-105767,2017-05-23,2017-05-27,Standard Class,AR-10510,Andrew Roberts,Consumer,United States,Philadelphia,Pennsylvania,19134.0,East,OFF-BI-10000848,Office Supplies,Binders,Angle-D Ring Binders,3.2820000000000005,2,0.7,-2.6256000000000004
608,609,US-2017-105767,2017-05-23,2017-05-27,Standard Class,AR-10510,Andrew Roberts,Consumer,United States,Philadelphia,Pennsylvania,19134.0,East,OFF-AR-10001246,Office Supplies,Art,Newell 317,21.168,9,0.2,2.3813999999999984
609,610,US-2017-105767,2017-05-23,2017-05-27,Standard Class,AR-10510,Andrew Roberts,Consumer,United States,Philadelphia,Pennsylvania,19134.0,East,TEC-PH-10003092,Technology,Phones,Motorola L804,55.188,2,0.4,-10.117800000000003
610,611,CA-2019-161816,2019-04-28,2019-05-01,First Class,NB-18655,Nona Balk,Corporate,United States,Dallas,Texas,75217.0,Central,TEC-PH-10003012,Technology,Phones,Nortel Meridian M3904 Professional Digital phone,369.576,3,0.2,41.57729999999995
611,612,CA-2019-161816,2019-04-28,2019-05-01,First Class,NB-18655,Nona Balk,Corporate,United States,Dallas,Texas,75217.0,Central,OFF-LA-10004345,Office Supplies,Labels,Avery 493,15.712000000000002,4,0.2,5.695599999999999
612,613,CA-2019-121223,2019-09-11,2019-09-13,Second Class,GD-14590,Giulietta Dortch,Corporate,United States,Philadelphia,Pennsylvania,19143.0,East,OFF-PA-10001204,Office Supplies,Paper,Xerox 1972,8.448,2,0.2,2.6399999999999997
613,614,CA-2019-121223,2019-09-11,2019-09-13,Second Class,GD-14590,Giulietta Dortch,Corporate,United States,Philadelphia,Pennsylvania,19143.0,East,TEC-PH-10004667,Technology,Phones,Cisco 8x8 Inc. 6753i IP Business Phone System,728.946,9,0.4,-157.93830000000008
614,615,CA-2020-138611,2020-11-14,2020-11-17,Second Class,CK-12595,Clytie Kelty,Consumer,United States,Grove City,Ohio,43123.0,East,TEC-PH-10000011,Technology,Phones,PureGear Roll-On Screen Protector,119.93999999999998,10,0.4,15.99199999999999
615,616,CA-2020-138611,2020-11-14,2020-11-17,Second Class,CK-12595,Clytie Kelty,Consumer,United States,Grove City,Ohio,43123.0,East,OFF-BI-10002949,Office Supplies,Binders,Prestige Round Ring Binders,3.6480000000000006,2,0.7,-2.7967999999999993
616,617,CA-2020-117947,2020-08-18,2020-08-23,Second Class,NG-18355,Nat Gilpin,Corporate,United States,New York City,New York,10011.0,East,FUR-FU-10003849,Furniture,Furnishings,"DAX Metal Frame, Desktop, Stepped-Edge",40.48,2,0.0,15.787199999999999
617,618,CA-2020-117947,2020-08-18,2020-08-23,Second Class,NG-18355,Nat Gilpin,Corporate,United States,New York City,New York,10011.0,East,FUR-FU-10000010,Furniture,Furnishings,"DAX Value U-Channel Document Frames, Easel Back",9.94,2,0.0,3.0813999999999995
618,619,CA-2020-117947,2020-08-18,2020-08-23,Second Class,NG-18355,Nat Gilpin,Corporate,United States,New York City,New York,10011.0,East,OFF-BI-10002824,Office Supplies,Binders,Recycled Easel Ring Binders,107.424,9,0.2,33.569999999999986
619,620,CA-2020-117947,2020-08-18,2020-08-23,Second Class,NG-18355,Nat Gilpin,Corporate,United States,New York City,New York,10011.0,East,TEC-PH-10002538,Technology,Phones,Grandstream GXP1160 VoIP phone,37.91,1,0.0,10.993899999999996
620,621,CA-2020-117947,2020-08-18,2020-08-23,Second Class,NG-18355,Nat Gilpin,Corporate,United States,New York City,New York,10011.0,East,FUR-FU-10000521,Furniture,Furnishings,"Seth Thomas 14"" Putty-Colored Wall Clock",88.02,3,0.0,27.286199999999994
621,622,US-2017-111171,2017-12-26,2017-12-31,Standard Class,CA-12265,Christina Anderson,Consumer,United States,Chicago,Illinois,60610.0,Central,OFF-BI-10002103,Office Supplies,Binders,"Cardinal Slant-D Ring Binder, Heavy Gauge Vinyl",8.689999999999998,5,0.8,-14.773
622,623,CA-2018-138009,2018-11-29,2018-12-03,Standard Class,SF-20965,Sylvia Foulston,Corporate,United States,Dearborn,Michigan,48126.0,Central,FUR-CH-10004853,Furniture,Chairs,"Global Manager's Adjustable Task Chair, Storm",301.96,2,0.0,87.56839999999997
623,624,CA-2018-138009,2018-11-29,2018-12-03,Standard Class,SF-20965,Sylvia Foulston,Corporate,United States,Dearborn,Michigan,48126.0,Central,OFF-AP-10000179,Office Supplies,Appliances,Honeywell Enviracaire Portable HEPA Air Cleaner for up to 10 x 16 Room,555.21,5,0.1,178.901
624,625,CA-2018-138009,2018-11-29,2018-12-03,Standard Class,SF-20965,Sylvia Foulston,Corporate,United States,Dearborn,Michigan,48126.0,Central,OFF-ST-10001272,Office Supplies,Storage,"Mini 13-1/2 Capacity Data Binder Rack, Pearl",523.48,4,0.0,130.87
625,626,CA-2018-138009,2018-11-29,2018-12-03,Standard Class,SF-20965,Sylvia Foulston,Corporate,United States,Dearborn,Michigan,48126.0,Central,OFF-AR-10004042,Office Supplies,Art,"BOSTON Model 1800 Electric Pencil Sharpeners, Putty/Woodgrain",161.82,9,0.0,46.92779999999998
626,627,CA-2020-163020,2020-09-15,2020-09-19,Standard Class,MO-17800,Meg O'Connel,Home Office,United States,New York City,New York,10009.0,East,FUR-FU-10000221,Furniture,Furnishings,"Master Caster Door Stop, Brown",35.56,7,0.0,12.090399999999999
627,628,CA-2020-153787,2020-05-19,2020-05-23,Standard Class,AT-10735,Annie Thurman,Consumer,United States,Seattle,Washington,98115.0,West,OFF-AP-10001563,Office Supplies,Appliances,Belkin Premiere Surge Master II 8-outlet surge protector,97.16,2,0.0,28.176399999999987
628,629,CA-2020-133431,2020-12-17,2020-12-21,Standard Class,LC-17140,Logan Currie,Consumer,United States,San Francisco,California,94122.0,West,OFF-BI-10000605,Office Supplies,Binders,"Acco Pressboard Covers with Storage Hooks, 9 1/2"" x 11"", Executive Red",15.24,5,0.2,5.143499999999998
629,630,CA-2020-133431,2020-12-17,2020-12-21,Standard Class,LC-17140,Logan Currie,Consumer,United States,San Francisco,California,94122.0,West,OFF-PA-10002615,Office Supplies,Paper,"Ampad Gold Fibre Wirebound Steno Books, 6"" x 9"", Gregg Ruled",13.23,3,0.0,6.0858
630,631,US-2019-135720,2019-12-11,2019-12-13,Second Class,FM-14380,Fred McMath,Consumer,United States,Aurora,Colorado,80013.0,West,OFF-ST-10001963,Office Supplies,Storage,Tennsco Regal Shelving Units,243.38400000000001,3,0.2,-51.71910000000001
631,632,US-2019-135720,2019-12-11,2019-12-13,Second Class,FM-14380,Fred McMath,Consumer,United States,Aurora,Colorado,80013.0,West,TEC-AC-10001267,Technology,Accessories,Imation 32GB Pocket Pro USB 3.0 Flash Drive - 32 GB - Black - 1 P ...,119.80000000000001,5,0.2,29.950000000000003
632,633,US-2019-135720,2019-12-11,2019-12-13,Second Class,FM-14380,Fred McMath,Consumer,United States,Aurora,Colorado,80013.0,West,TEC-PH-10002103,Technology,Phones,Jabra SPEAK 410,300.768,4,0.2,30.076800000000006
633,634,CA-2020-144694,2020-09-24,2020-09-26,Second Class,BD-11605,Brian Dahlen,Consumer,United States,Miami,Florida,33180.0,South,TEC-AC-10002857,Technology,Accessories,"Verbatim 25 GB 6x Blu-ray Single Layer Recordable Disc, 1/Pack",17.880000000000003,3,0.2,2.458499999999999
634,635,CA-2020-144694,2020-09-24,2020-09-26,Second Class,BD-11605,Brian Dahlen,Consumer,United States,Miami,Florida,33180.0,South,OFF-LA-10003930,Office Supplies,Labels,"Dot Matrix Printer Tape Reel Labels, White, 5000/Box",235.94400000000002,3,0.2,85.5297
635,636,CA-2018-168004,2018-10-04,2018-10-09,Second Class,DJ-13420,Denny Joy,Corporate,United States,Warner Robins,Georgia,31088.0,South,FUR-CH-10001482,Furniture,Chairs,Office Star - Mesh Screen back chair with Vinyl seat,392.93999999999994,3,0.0,43.223399999999984
636,637,US-2019-123470,2019-08-15,2019-08-21,Standard Class,ME-17725,Max Engle,Consumer,United States,Aurora,Colorado,80013.0,West,OFF-BI-10001989,Office Supplies,Binders,Premium Transparent Presentation Covers by GBC,18.882000000000005,3,0.7,-13.846800000000002
637,638,US-2019-123470,2019-08-15,2019-08-21,Standard Class,ME-17725,Max Engle,Consumer,United States,Aurora,Colorado,80013.0,West,OFF-AP-10003287,Office Supplies,Appliances,Tripp Lite TLP810NET Broadband Surge for Modem/Fax,122.328,3,0.2,12.232799999999997
638,639,CA-2019-115917,2019-05-20,2019-05-25,Standard Class,RB-19465,Rick Bensley,Home Office,United States,Vallejo,California,94591.0,West,FUR-FU-10000576,Furniture,Furnishings,Luxo Professional Fluorescent Magnifier Lamp with Clamp-Mount Base,1049.2,5,0.0,272.79200000000003
639,640,CA-2019-115917,2019-05-20,2019-05-25,Standard Class,RB-19465,Rick Bensley,Home Office,United States,Vallejo,California,94591.0,West,OFF-BI-10004728,Office Supplies,Binders,Wilson Jones Turn Tabs Binder Tool for Ring Binders,15.424000000000001,4,0.2,5.0128
640,641,CA-2019-147067,2019-12-18,2019-12-22,Standard Class,JD-16150,Justin Deggeller,Corporate,United States,Minneapolis,Minnesota,55407.0,Central,FUR-FU-10000732,Furniture,Furnishings,Eldon 200 Class Desk Accessories,18.84,3,0.0,6.0287999999999995
641,642,CA-2020-167913,2020-07-30,2020-08-03,Second Class,JL-15835,John Lee,Consumer,United States,Mission Viejo,California,92691.0,West,OFF-ST-10000585,Office Supplies,Storage,Economy Rollaway Files,330.4,2,0.0,85.904
642,643,CA-2020-167913,2020-07-30,2020-08-03,Second Class,JL-15835,John Lee,Consumer,United States,Mission Viejo,California,92691.0,West,OFF-LA-10002787,Office Supplies,Labels,Avery 480,26.25,7,0.0,12.599999999999998
643,644,CA-2020-106103,2020-06-10,2020-06-15,Standard Class,SC-20305,Sean Christensen,Consumer,United States,Rochester Hills,Michigan,48307.0,Central,TEC-AC-10003832,Technology,Accessories,Imation 16GB Mini TravelDrive USB 2.0 Flash Drive,132.52,4,0.0,54.333200000000005
644,645,US-2020-127719,2020-07-21,2020-07-25,Standard Class,TW-21025,Tamara Willingham,Home Office,United States,Plainfield,New Jersey,7060.0,East,OFF-PA-10001934,Office Supplies,Paper,Xerox 1993,6.48,1,0.0,3.1752000000000002
645,646,CA-2020-126221,2020-12-30,2021-01-05,Standard Class,CC-12430,Chuck Clark,Home Office,United States,Columbus,Indiana,47201.0,Central,OFF-AP-10002457,Office Supplies,Appliances,"Eureka The Boss Plus 12-Amp Hard Box Upright Vacuum, Red",209.3,2,0.0,56.510999999999996
646,647,CA-2019-103947,2019-04-01,2019-04-08,Standard Class,BB-10990,Barry Blumstein,Corporate,United States,Sierra Vista,Arizona,85635.0,West,OFF-FA-10003112,Office Supplies,Fasteners,Staples,31.560000000000002,5,0.2,9.862499999999997
647,648,CA-2019-103947,2019-04-01,2019-04-08,Standard Class,BB-10990,Barry Blumstein,Corporate,United States,Sierra Vista,Arizona,85635.0,West,OFF-AP-10002350,Office Supplies,Appliances,Belkin F9H710-06 7 Outlet SurgeMaster Surge Protector,30.144000000000002,2,0.2,3.0143999999999993
648,649,CA-2019-160745,2019-12-11,2019-12-16,Second Class,AR-10825,Anthony Rawles,Corporate,United States,Vancouver,Washington,98661.0,West,FUR-FU-10001935,Furniture,Furnishings,3M Hangers With Command Adhesive,14.8,4,0.0,6.068000000000001
649,650,CA-2019-160745,2019-12-11,2019-12-16,Second Class,AR-10825,Anthony Rawles,Corporate,United States,Vancouver,Washington,98661.0,West,TEC-PH-10003273,Technology,Phones,AT&T TR1909W,302.376,3,0.2,22.678200000000018
650,651,CA-2019-160745,2019-12-11,2019-12-16,Second Class,AR-10825,Anthony Rawles,Corporate,United States,Vancouver,Washington,98661.0,West,TEC-AC-10001142,Technology,Accessories,First Data FD10 PIN Pad,316.0,4,0.0,31.599999999999966
651,652,CA-2019-132661,2019-10-23,2019-10-29,Standard Class,SR-20740,Steven Roelle,Home Office,United States,New York City,New York,10024.0,East,OFF-PA-10000482,Office Supplies,Paper,"Snap-A-Way Black Print Carbonless Ruled Speed Letter, Triplicate",379.4,10,0.0,178.31799999999998
652,653,CA-2020-140844,2020-06-19,2020-06-23,Standard Class,AR-10405,Allen Rosenblatt,Corporate,United States,New York City,New York,10035.0,East,OFF-PA-10003892,Office Supplies,Paper,Xerox 1943,97.82,2,0.0,45.97539999999999
653,654,CA-2020-140844,2020-06-19,2020-06-23,Standard Class,AR-10405,Allen Rosenblatt,Corporate,United States,New York City,New York,10035.0,East,TEC-AC-10001101,Technology,Accessories,Sony 16GB Class 10 Micro SDHC R40 Memory Card,103.12,8,0.0,10.311999999999998
654,655,CA-2019-137239,2019-08-22,2019-08-28,Standard Class,CR-12730,Craig Reiter,Consumer,United States,Columbus,Ohio,43229.0,East,OFF-AP-10002439,Office Supplies,Appliances,Tripp Lite Isotel 8 Ultra 8 Outlet Metal Surge,113.552,2,0.2,8.516399999999994
655,656,CA-2019-137239,2019-08-22,2019-08-28,Standard Class,CR-12730,Craig Reiter,Consumer,United States,Columbus,Ohio,43229.0,East,OFF-BI-10002827,Office Supplies,Binders,Avery Durable Poly Binders,3.3180000000000005,2,0.7,-2.6544
656,657,CA-2019-137239,2019-08-22,2019-08-28,Standard Class,CR-12730,Craig Reiter,Consumer,United States,Columbus,Ohio,43229.0,East,OFF-EN-10002230,Office Supplies,Envelopes,Airmail Envelopes,134.288,2,0.2,45.322199999999995
657,658,US-2019-156097,2019-09-19,2019-09-19,Same Day,EH-14125,Eugene Hildebrand,Home Office,United States,Aurora,Illinois,60505.0,Central,FUR-CH-10001215,Furniture,Chairs,Global Troy Executive Leather Low-Back Tilter,701.372,2,0.3,-50.09800000000001
658,659,US-2019-156097,2019-09-19,2019-09-19,Same Day,EH-14125,Eugene Hildebrand,Home Office,United States,Aurora,Illinois,60505.0,Central,OFF-BI-10004654,Office Supplies,Binders,Avery Binding System Hidden Tab Executive Style Index Sets,2.3079999999999994,2,0.8,-3.4619999999999997
659,660,CA-2018-146563,2018-08-24,2018-08-28,Standard Class,CB-12025,Cassandra Brandow,Consumer,United States,Arlington,Texas,76017.0,Central,OFF-ST-10001490,Office Supplies,Storage,"Hot File 7-Pocket, Floor Stand",999.432,7,0.2,124.92899999999986
660,661,CA-2018-146563,2018-08-24,2018-08-28,Standard Class,CB-12025,Cassandra Brandow,Consumer,United States,Arlington,Texas,76017.0,Central,OFF-ST-10001511,Office Supplies,Storage,Space Solutions Commercial Steel Shelving,724.08,14,0.2,-135.7650000000001
661,662,CA-2018-146563,2018-08-24,2018-08-28,Standard Class,CB-12025,Cassandra Brandow,Consumer,United States,Arlington,Texas,76017.0,Central,FUR-TA-10001768,Furniture,Tables,Hon Racetrack Conference Tables,918.7849999999999,5,0.3,-118.12950000000006
662,663,CA-2018-146563,2018-08-24,2018-08-28,Standard Class,CB-12025,Cassandra Brandow,Consumer,United States,Arlington,Texas,76017.0,Central,OFF-BI-10003981,Office Supplies,Binders,"Avery Durable Plastic 1"" Binders",2.7239999999999993,3,0.8,-4.222200000000001
663,664,CA-2019-123666,2019-03-26,2019-03-30,Standard Class,SP-20545,Sibella Parks,Corporate,United States,New York City,New York,10011.0,East,OFF-ST-10001522,Office Supplies,Storage,"Gould Plastics 18-Pocket Panel Bin, 34w x 5-1/4d x 20-1/2h",459.95,5,0.0,18.397999999999968
664,665,CA-2019-143308,2019-11-04,2019-11-04,Same Day,RC-19825,Roy Collins,Consumer,United States,Louisville,Kentucky,40214.0,South,OFF-FA-10000621,Office Supplies,Fasteners,"OIC Colored Binder Clips, Assorted Sizes",10.74,3,0.0,5.2626
665,666,CA-2020-132682,2020-06-08,2020-06-10,Second Class,TH-21235,Tiffany House,Corporate,United States,Dallas,Texas,75081.0,Central,OFF-SU-10004231,Office Supplies,Supplies,Acme Tagit Stainless Steel Antibacterial Scissors,23.76,3,0.2,2.0789999999999997
666,667,CA-2020-132682,2020-06-08,2020-06-10,Second Class,TH-21235,Tiffany House,Corporate,United States,Dallas,Texas,75081.0,Central,OFF-PA-10000474,Office Supplies,Paper,Easy-staple paper,85.056,3,0.2,28.70639999999999
667,668,CA-2020-132682,2020-06-08,2020-06-10,Second Class,TH-21235,Tiffany House,Corporate,United States,Dallas,Texas,75081.0,Central,TEC-PH-10004042,Technology,Phones,ClearOne Communications CHAT 70 OC Speaker Phone,381.576,3,0.2,28.6182
668,669,CA-2017-156314,2017-12-24,2017-12-26,First Class,RP-19390,Resi Pölking,Consumer,United States,Cleveland,Ohio,44105.0,East,FUR-FU-10003096,Furniture,Furnishings,"Master Giant Foot Doorstop, Safety Yellow",30.36,5,0.2,8.7285
669,670,US-2020-106663,2020-06-09,2020-06-13,Standard Class,MO-17800,Meg O'Connel,Home Office,United States,Chicago,Illinois,60653.0,Central,FUR-FU-10002759,Furniture,Furnishings,12-1/2 Diameter Round Wall Clock,23.976000000000003,3,0.6,-14.385599999999997
670,671,US-2020-106663,2020-06-09,2020-06-13,Standard Class,MO-17800,Meg O'Connel,Home Office,United States,Chicago,Illinois,60653.0,Central,FUR-TA-10000688,Furniture,Tables,"Chromcraft Bull-Nose Wood Round Conference Table Top, Wood Base",108.925,1,0.5,-71.89050000000002
671,672,US-2020-106663,2020-06-09,2020-06-13,Standard Class,MO-17800,Meg O'Connel,Home Office,United States,Chicago,Illinois,60653.0,Central,OFF-PA-10002377,Office Supplies,Paper,"Adams Telephone Message Book W/Dividers/Space For Phone Numbers, 5 1/4""X8 1/2"", 200/Messages",36.352,8,0.2,11.359999999999998
672,673,CA-2020-111178,2020-06-15,2020-06-22,Standard Class,TD-20995,Tamara Dahlen,Consumer,United States,Quincy,Illinois,62301.0,Central,OFF-AR-10001954,Office Supplies,Art,Newell 331,19.56,5,0.2,1.7115
673,674,CA-2020-130351,2020-12-05,2020-12-08,First Class,RB-19570,Rob Beeghly,Consumer,United States,Columbus,Indiana,47201.0,Central,OFF-AP-10004532,Office Supplies,Appliances,Kensington 6 Outlet Guardian Standard Surge Protector,61.44,3,0.0,16.5888
674,675,CA-2020-130351,2020-12-05,2020-12-08,First Class,RB-19570,Rob Beeghly,Consumer,United States,Columbus,Indiana,47201.0,Central,OFF-PA-10002137,Office Supplies,Paper,"Southworth 100% Résumé Paper, 24lb.",38.9,5,0.0,17.504999999999995
675,676,CA-2020-130351,2020-12-05,2020-12-08,First Class,RB-19570,Rob Beeghly,Consumer,United States,Columbus,Indiana,47201.0,Central,TEC-AC-10003832,Technology,Accessories,Imation 16GB Mini TravelDrive USB 2.0 Flash Drive,99.39000000000001,3,0.0,40.749900000000004
676,677,US-2020-119438,2020-03-18,2020-03-23,Standard Class,CD-11980,Carol Darley,Consumer,United States,Tyler,Texas,75701.0,Central,OFF-AP-10000804,Office Supplies,Appliances,Hoover Portapower Portable Vacuum,2.6879999999999997,3,0.8,-7.392000000000002
677,678,US-2020-119438,2020-03-18,2020-03-23,Standard Class,CD-11980,Carol Darley,Consumer,United States,Tyler,Texas,75701.0,Central,TEC-AC-10003614,Technology,Accessories,"Verbatim 25 GB 6x Blu-ray Single Layer Recordable Disc, 10/Pack",27.816000000000003,3,0.2,4.520099999999996
678,679,US-2020-119438,2020-03-18,2020-03-23,Standard Class,CD-11980,Carol Darley,Consumer,United States,Tyler,Texas,75701.0,Central,FUR-FU-10003553,Furniture,Furnishings,"Howard Miller 13-1/2"" Diameter Rosebrook Wall Clock",82.524,3,0.6,-41.26199999999997
679,680,US-2020-119438,2020-03-18,2020-03-23,Standard Class,CD-11980,Carol Darley,Consumer,United States,Tyler,Texas,75701.0,Central,OFF-BI-10004632,Office Supplies,Binders,Ibico Hi-Tech Manual Binding System,182.99399999999997,3,0.8,-320.23950000000013
680,681,CA-2019-164511,2019-11-19,2019-11-24,Standard Class,DJ-13630,Doug Jacobs,Consumer,United States,New York City,New York,10024.0,East,OFF-BI-10003305,Office Supplies,Binders,Avery Hanging File Binders,14.352000000000002,3,0.2,4.664399999999999
681,682,CA-2019-164511,2019-11-19,2019-11-24,Standard Class,DJ-13630,Doug Jacobs,Consumer,United States,New York City,New York,10024.0,East,OFF-ST-10002583,Office Supplies,Storage,Fellowes Neat Ideas Storage Cubes,64.96,2,0.0,2.598399999999998
682,683,CA-2019-164511,2019-11-19,2019-11-24,Standard Class,DJ-13630,Doug Jacobs,Consumer,United States,New York City,New York,10024.0,East,OFF-ST-10004507,Office Supplies,Storage,Advantus Rolling Storage Box,68.6,4,0.0,18.522
683,684,US-2020-168116,2020-11-04,2020-11-04,Same Day,GT-14635,Grant Thornton,Corporate,United States,Burlington,North Carolina,27217.0,South,TEC-MA-10004125,Technology,Machines,Cubify CubeX 3D Printer Triple Head Print,7999.98,4,0.5,-3839.9903999999988
684,685,US-2020-168116,2020-11-04,2020-11-04,Same Day,GT-14635,Grant Thornton,Corporate,United States,Burlington,North Carolina,27217.0,South,OFF-AP-10002457,Office Supplies,Appliances,"Eureka The Boss Plus 12-Amp Hard Box Upright Vacuum, Red",167.44000000000003,2,0.2,14.65099999999999
685,686,CA-2017-157784,2017-07-05,2017-07-08,First Class,MC-17845,Michael Chen,Consumer,United States,Jackson,Mississippi,39212.0,South,TEC-AC-10003911,Technology,Accessories,NETGEAR AC1750 Dual Band Gigabit Smart WiFi Router,479.97,3,0.0,163.1898
686,687,CA-2017-157784,2017-07-05,2017-07-08,First Class,MC-17845,Michael Chen,Consumer,United States,Jackson,Mississippi,39212.0,South,OFF-LA-10001934,Office Supplies,Labels,Avery 516,14.62,2,0.0,6.8713999999999995
687,688,CA-2017-157784,2017-07-05,2017-07-08,First Class,MC-17845,Michael Chen,Consumer,United States,Jackson,Mississippi,39212.0,South,OFF-PA-10000304,Office Supplies,Paper,Xerox 1995,19.44,3,0.0,9.3312
688,689,CA-2020-161480,2020-12-25,2020-12-29,Standard Class,RA-19285,Ralph Arnett,Consumer,United States,New York City,New York,10035.0,East,FUR-BO-10004015,Furniture,Bookcases,"Bush Andora Bookcase, Maple/Graphite Gray Finish",191.984,2,0.2,4.799599999999977
689,690,US-2017-117135,2017-06-21,2017-06-23,Second Class,NP-18325,Naresj Patel,Consumer,United States,Waynesboro,Virginia,22980.0,South,FUR-FU-10004071,Furniture,Furnishings,Luxo Professional Magnifying Clamp-On Fluorescent Lamps,104.01,1,0.0,14.561400000000006
690,691,US-2017-117135,2017-06-21,2017-06-23,Second Class,NP-18325,Naresj Patel,Consumer,United States,Waynesboro,Virginia,22980.0,South,TEC-PH-10002033,Technology,Phones,Konftel 250 Conference phone - Charcoal black,284.82,1,0.0,74.0532
691,692,US-2017-117135,2017-06-21,2017-06-23,Second Class,NP-18325,Naresj Patel,Consumer,United States,Waynesboro,Virginia,22980.0,South,OFF-ST-10002444,Office Supplies,Storage,Recycled Eldon Regeneration Jumbo File,36.839999999999996,3,0.0,10.315199999999999
692,693,CA-2018-131534,2018-03-28,2018-04-02,Standard Class,AB-10165,Alan Barnes,Consumer,United States,Los Angeles,California,90036.0,West,TEC-AC-10002253,Technology,Accessories,Imation Bio 8GB USB Flash Drive Imation Corp,166.24,1,0.0,24.936000000000007
693,694,CA-2018-131534,2018-03-28,2018-04-02,Standard Class,AB-10165,Alan Barnes,Consumer,United States,Los Angeles,California,90036.0,West,OFF-PA-10000743,Office Supplies,Paper,Xerox 1977,33.4,5,0.0,16.032
694,695,CA-2018-119291,2018-05-14,2018-05-17,First Class,JO-15550,Jesus Ocampo,Home Office,United States,Chester,Pennsylvania,19013.0,East,OFF-AR-10003373,Office Supplies,Art,"Boston School Pro Electric Pencil Sharpener, 1670",198.27200000000002,8,0.2,17.34879999999999
695,696,CA-2018-119291,2018-05-14,2018-05-17,First Class,JO-15550,Jesus Ocampo,Home Office,United States,Chester,Pennsylvania,19013.0,East,OFF-LA-10002312,Office Supplies,Labels,Avery 490,47.36000000000001,4,0.2,17.759999999999998
696,697,CA-2018-119291,2018-05-14,2018-05-17,First Class,JO-15550,Jesus Ocampo,Home Office,United States,Chester,Pennsylvania,19013.0,East,OFF-EN-10000927,Office Supplies,Envelopes,Jet-Pak Recycled Peel 'N' Seal Padded Mailers,200.98400000000004,7,0.2,62.807499999999976
697,698,CA-2018-119291,2018-05-14,2018-05-17,First Class,JO-15550,Jesus Ocampo,Home Office,United States,Chester,Pennsylvania,19013.0,East,OFF-LA-10003510,Office Supplies,Labels,"Avery 4027 File Folder Labels for Dot Matrix Printers, 5000 Labels per Box, White",97.69600000000001,4,0.2,31.7512
698,699,CA-2018-119291,2018-05-14,2018-05-17,First Class,JO-15550,Jesus Ocampo,Home Office,United States,Chester,Pennsylvania,19013.0,East,OFF-AR-10001118,Office Supplies,Art,"Binney & Smith Crayola Metallic Crayons, 16-Color Pack",2.696,1,0.2,0.8088000000000003
699,700,CA-2018-119291,2018-05-14,2018-05-17,First Class,JO-15550,Jesus Ocampo,Home Office,United States,Chester,Pennsylvania,19013.0,East,OFF-BI-10001575,Office Supplies,Binders,GBC Linen Binding Covers,18.588000000000005,2,0.7,-13.6312
700,701,CA-2018-119291,2018-05-14,2018-05-17,First Class,JO-15550,Jesus Ocampo,Home Office,United States,Chester,Pennsylvania,19013.0,East,OFF-BI-10001982,Office Supplies,Binders,Wilson Jones Custom Binder Spines & Labels,4.896000000000001,3,0.7,-3.427199999999999
701,702,CA-2020-114552,2020-09-02,2020-09-08,Standard Class,Dl-13600,Dorris liebe,Corporate,United States,Cleveland,Ohio,44105.0,East,FUR-FU-10002960,Furniture,Furnishings,"Eldon 200 Class Desk Accessories, Burgundy",15.072000000000003,3,0.2,4.1448
702,703,CA-2019-163755,2019-11-04,2019-11-08,Second Class,AS-10285,Alejandro Savely,Corporate,United States,Seattle,Washington,98103.0,West,FUR-FU-10003394,Furniture,Furnishings,"Tenex ""The Solids"" Textured Chair Mats",209.88,3,0.0,35.67959999999998
703,704,CA-2018-142027,2018-04-09,2018-04-14,Standard Class,JK-15370,Jay Kimmel,Consumer,United States,Long Beach,California,90805.0,West,FUR-TA-10002774,Furniture,Tables,Laminate Occasional Tables,369.91200000000003,3,0.2,-13.871700000000047
704,705,CA-2017-138527,2017-09-12,2017-09-17,Standard Class,BN-11470,Brad Norvell,Corporate,United States,Cary,North Carolina,27511.0,South,OFF-PA-10001800,Office Supplies,Paper,Xerox 220,10.368000000000002,2,0.2,3.6288
705,706,CA-2017-138527,2017-09-12,2017-09-17,Standard Class,BN-11470,Brad Norvell,Corporate,United States,Cary,North Carolina,27511.0,South,OFF-AP-10001469,Office Supplies,Appliances,Fellowes 8 Outlet Superior Workstation Surge Protector,166.84,5,0.2,18.769499999999987
706,707,CA-2017-138527,2017-09-12,2017-09-17,Standard Class,BN-11470,Brad Norvell,Corporate,United States,Cary,North Carolina,27511.0,South,TEC-AC-10002399,Technology,Accessories,SanDisk Cruzer 32 GB USB Flash Drive,15.216000000000001,1,0.2,2.282399999999999
707,708,CA-2017-112158,2017-12-02,2017-12-04,First Class,DP-13165,David Philippe,Consumer,United States,New York City,New York,10035.0,East,TEC-AC-10003628,Technology,Accessories,Logitech 910-002974 M325 Wireless Mouse for Web Scrolling,119.96,4,0.0,52.78240000000001
708,709,CA-2017-112158,2017-12-02,2017-12-04,First Class,DP-13165,David Philippe,Consumer,United States,New York City,New York,10035.0,East,FUR-BO-10003272,Furniture,Bookcases,O'Sullivan Living Dimensions 5-Shelf Bookcases,883.92,5,0.2,-110.49000000000007
709,710,CA-2017-112158,2017-12-02,2017-12-04,First Class,DP-13165,David Philippe,Consumer,United States,New York City,New York,10035.0,East,OFF-BI-10000050,Office Supplies,Binders,"Angle-D Binders with Locking Rings, Label Holders",46.72,8,0.2,15.767999999999997
710,711,CA-2017-113887,2017-04-05,2017-04-07,First Class,TH-21550,Tracy Hopkins,Home Office,United States,New York City,New York,10035.0,East,OFF-PA-10004071,Office Supplies,Paper,"Eaton Premium Continuous-Feed Paper, 25% Cotton, Letter Size, White, 1000 Shts/Box",55.48,1,0.0,26.630399999999998
711,712,CA-2020-146136,2020-09-03,2020-09-07,Standard Class,AP-10915,Arthur Prichep,Consumer,United States,Palm Coast,Florida,32137.0,South,OFF-EN-10001219,Office Supplies,Envelopes,"#10- 4 1/8"" x 9 1/2"" Security-Tint Envelopes",24.448,4,0.2,8.8624
712,713,US-2020-100048,2020-05-19,2020-05-24,Standard Class,RS-19765,Roland Schwarz,Corporate,United States,Mount Vernon,New York,10550.0,East,OFF-AP-10001154,Office Supplies,Appliances,Bionaire Personal Warm Mist Humidifier/Vaporizer,281.34000000000003,6,0.0,109.72260000000001
713,714,US-2020-100048,2020-05-19,2020-05-24,Standard Class,RS-19765,Roland Schwarz,Corporate,United States,Mount Vernon,New York,10550.0,East,TEC-PH-10003012,Technology,Phones,Nortel Meridian M3904 Professional Digital phone,307.98,2,0.0,89.31419999999997
714,715,US-2020-100048,2020-05-19,2020-05-24,Standard Class,RS-19765,Roland Schwarz,Corporate,United States,Mount Vernon,New York,10550.0,East,TEC-AC-10001606,Technology,Accessories,Logitech Wireless Performance Mouse MX for PC and Mac,299.96999999999997,3,0.0,113.9886
715,716,CA-2017-153150,2017-07-01,2017-07-06,Second Class,Dl-13600,Dorris liebe,Corporate,United States,Seattle,Washington,98105.0,West,OFF-BI-10003355,Office Supplies,Binders,Cardinal Holdit Business Card Pockets,19.92,5,0.2,6.9719999999999995
716,717,CA-2017-130092,2017-01-11,2017-01-14,First Class,SV-20365,Seth Vernon,Consumer,United States,Dover,Delaware,19901.0,East,FUR-FU-10000010,Furniture,Furnishings,"DAX Value U-Channel Document Frames, Easel Back",9.94,2,0.0,3.0813999999999995
717,718,CA-2020-108910,2020-09-24,2020-09-29,Standard Class,KC-16540,Kelly Collister,Consumer,United States,Newark,Ohio,43055.0,East,FUR-FU-10002253,Furniture,Furnishings,"Howard Miller 13"" Diameter Pewter Finish Round Wall Clock",103.05599999999998,3,0.2,24.475800000000007
718,719,CA-2017-104472,2017-06-02,2017-06-07,Standard Class,CK-12325,Christine Kargatis,Home Office,United States,Orem,Utah,84057.0,West,OFF-BI-10001658,Office Supplies,Binders,GBC Standard Therm-A-Bind Covers,59.80800000000001,3,0.2,19.4376
719,720,CA-2017-104472,2017-06-02,2017-06-07,Standard Class,CK-12325,Christine Kargatis,Home Office,United States,Orem,Utah,84057.0,West,FUR-FU-10000246,Furniture,Furnishings,Aluminum Document Frame,73.32000000000001,6,0.0,21.99599999999999
720,721,CA-2019-112942,2019-02-13,2019-02-18,Standard Class,RD-19810,Ross DeVincentis,Home Office,United States,Los Angeles,California,90045.0,West,OFF-PA-10004092,Office Supplies,Paper,Tops Green Bar Computer Printout Paper,146.82,3,0.0,73.41
721,722,CA-2019-142335,2019-12-15,2019-12-19,Standard Class,MP-17965,Michael Paige,Corporate,United States,Detroit,Michigan,48205.0,Central,FUR-TA-10000198,Furniture,Tables,Chromcraft Bull-Nose Wood Oval Conference Tables & Bases,1652.94,3,0.0,231.41160000000002
722,723,CA-2019-142335,2019-12-15,2019-12-19,Standard Class,MP-17965,Michael Paige,Corporate,United States,Detroit,Michigan,48205.0,Central,OFF-ST-10000036,Office Supplies,Storage,"Recycled Data-Pak for Archival Bound Computer Printouts, 12-1/2 x 12-1/2 x 16",296.37,3,0.0,80.01989999999999
723,724,CA-2017-117429,2017-10-07,2017-10-13,Standard Class,MR-17545,Mathew Reese,Home Office,United States,Philadelphia,Pennsylvania,19140.0,East,FUR-FU-10000222,Furniture,Furnishings,"Seth Thomas 16"" Steel Case Clock",129.92,5,0.2,21.112000000000002
724,725,CA-2019-114713,2019-07-07,2019-07-12,Standard Class,SC-20695,Steve Chapman,Corporate,United States,Hialeah,Florida,33012.0,South,OFF-SU-10004664,Office Supplies,Supplies,Acme Softgrip Scissors,45.584,7,0.2,5.1282
725,726,CA-2020-144113,2020-09-16,2020-09-20,Standard Class,JF-15355,Jay Fein,Consumer,United States,Austin,Texas,78745.0,Central,OFF-EN-10001141,Office Supplies,Envelopes,"Manila Recycled Extra-Heavyweight Clasp Envelopes, 6"" x 9""",17.568,2,0.2,6.3684
726,727,CA-2020-144113,2020-09-16,2020-09-20,Standard Class,JF-15355,Jay Fein,Consumer,United States,Austin,Texas,78745.0,Central,TEC-PH-10002170,Technology,Phones,ClearSounds CSC500 Amplified Spirit Phone Corded phone,55.992,1,0.2,5.5992000000000015
727,728,US-2019-150861,2019-12-03,2019-12-06,First Class,EG-13900,Emily Grady,Consumer,United States,Oceanside,New York,11572.0,East,OFF-PA-10001954,Office Supplies,Paper,Xerox 1964,182.72,8,0.0,84.0512
728,729,US-2019-150861,2019-12-03,2019-12-06,First Class,EG-13900,Emily Grady,Consumer,United States,Oceanside,New York,11572.0,East,FUR-TA-10002228,Furniture,Tables,"Bevis Traditional Conference Table Top, Plinth Base",400.032,2,0.4,-153.34560000000005
729,730,US-2019-150861,2019-12-03,2019-12-06,First Class,EG-13900,Emily Grady,Consumer,United States,Oceanside,New York,11572.0,East,OFF-ST-10004634,Office Supplies,Storage,"Personal Folder Holder, Ebony",33.63,3,0.0,10.088999999999999
730,731,US-2019-150861,2019-12-03,2019-12-06,First Class,EG-13900,Emily Grady,Consumer,United States,Oceanside,New York,11572.0,East,FUR-CH-10002965,Furniture,Chairs,"Global Leather Highback Executive Chair with Pneumatic Height Adjustment, Black",542.646,3,0.1,102.49980000000001
731,732,US-2019-150861,2019-12-03,2019-12-06,First Class,EG-13900,Emily Grady,Consumer,United States,Oceanside,New York,11572.0,East,OFF-LA-10001317,Office Supplies,Labels,Avery 520,6.3,2,0.0,3.024
732,733,CA-2020-131954,2020-01-21,2020-01-25,Standard Class,DS-13030,Darrin Sayre,Home Office,United States,Seattle,Washington,98115.0,West,OFF-ST-10000736,Office Supplies,Storage,Carina Double Wide Media Storage Towers in Natural & Black,242.94,3,0.0,9.71759999999999
733,734,CA-2020-131954,2020-01-21,2020-01-25,Standard Class,DS-13030,Darrin Sayre,Home Office,United States,Seattle,Washington,98115.0,West,TEC-AC-10003610,Technology,Accessories,Logitech Illuminated - Keyboard,179.97,3,0.0,86.38560000000001
734,735,CA-2020-131954,2020-01-21,2020-01-25,Standard Class,DS-13030,Darrin Sayre,Home Office,United States,Seattle,Washington,98115.0,West,OFF-BI-10003982,Office Supplies,Binders,Wilson Jones Century Plastic Molded Ring Binders,99.696,6,0.2,33.6474
735,736,CA-2020-131954,2020-01-21,2020-01-25,Standard Class,DS-13030,Darrin Sayre,Home Office,United States,Seattle,Washington,98115.0,West,OFF-BI-10003291,Office Supplies,Binders,Wilson Jones Leather-Like Binders with DublLock Round Rings,27.936000000000003,4,0.2,9.428399999999996
736,737,CA-2020-131954,2020-01-21,2020-01-25,Standard Class,DS-13030,Darrin Sayre,Home Office,United States,Seattle,Washington,98115.0,West,FUR-BO-10001619,Furniture,Bookcases,O'Sullivan Cherrywood Estates Traditional Bookcase,84.98,1,0.0,18.6956
737,738,CA-2020-131954,2020-01-21,2020-01-25,Standard Class,DS-13030,Darrin Sayre,Home Office,United States,Seattle,Washington,98115.0,West,OFF-BI-10000138,Office Supplies,Binders,Acco Translucent Poly Ring Binders,18.72,5,0.2,6.552
738,739,CA-2017-132500,2017-09-08,2017-09-12,Standard Class,GZ-14470,Gary Zandusky,Consumer,United States,San Francisco,California,94110.0,West,TEC-AC-10001383,Technology,Accessories,Logitech Wireless Touch Keyboard K400,49.98,2,0.0,8.496599999999994
739,740,CA-2017-112326,2017-01-04,2017-01-08,Standard Class,PO-19195,Phillina Ober,Home Office,United States,Naperville,Illinois,60540.0,Central,OFF-LA-10003223,Office Supplies,Labels,Avery 508,11.784,3,0.2,4.271699999999999
740,741,CA-2017-112326,2017-01-04,2017-01-08,Standard Class,PO-19195,Phillina Ober,Home Office,United States,Naperville,Illinois,60540.0,Central,OFF-ST-10002743,Office Supplies,Storage,SAFCO Boltless Steel Shelving,272.736,3,0.2,-64.77480000000001
741,742,CA-2017-112326,2017-01-04,2017-01-08,Standard Class,PO-19195,Phillina Ober,Home Office,United States,Naperville,Illinois,60540.0,Central,OFF-BI-10004094,Office Supplies,Binders,GBC Standard Plastic Binding Systems Combs,3.539999999999999,2,0.8,-5.487
742,743,US-2019-146710,2019-08-27,2019-09-01,Standard Class,SS-20875,Sung Shariari,Consumer,United States,Dallas,Texas,75220.0,Central,OFF-SU-10004498,Office Supplies,Supplies,Martin-Yale Premier Letter Opener,51.52000000000001,5,0.2,-10.948000000000002
743,744,US-2019-146710,2019-08-27,2019-09-01,Standard Class,SS-20875,Sung Shariari,Consumer,United States,Dallas,Texas,75220.0,Central,OFF-PA-10002615,Office Supplies,Paper,"Ampad Gold Fibre Wirebound Steno Books, 6"" x 9"", Gregg Ruled",3.5280000000000005,1,0.2,1.1465999999999998
744,745,US-2019-146710,2019-08-27,2019-09-01,Standard Class,SS-20875,Sung Shariari,Consumer,United States,Dallas,Texas,75220.0,Central,OFF-PA-10004971,Office Supplies,Paper,Xerox 196,4.6240000000000006,1,0.2,1.6762000000000001
745,746,US-2019-146710,2019-08-27,2019-09-01,Standard Class,SS-20875,Sung Shariari,Consumer,United States,Dallas,Texas,75220.0,Central,OFF-SU-10004261,Office Supplies,Supplies,"Fiskars 8"" Scissors, 2/Pack",55.168,4,0.2,6.20639999999999
746,747,CA-2017-124429,2017-05-27,2017-05-27,Same Day,MH-17785,Maya Herman,Corporate,United States,San Diego,California,92105.0,West,FUR-TA-10002607,Furniture,Tables,KI Conference Tables,567.12,10,0.2,-28.355999999999952
747,748,CA-2017-124429,2017-05-27,2017-05-27,Same Day,MH-17785,Maya Herman,Corporate,United States,San Diego,California,92105.0,West,OFF-ST-10001809,Office Supplies,Storage,Fellowes Officeware Wire Shelving,359.32,4,0.0,7.186399999999992
748,749,CA-2019-150889,2019-03-20,2019-03-22,Second Class,PB-19105,Peter Bühler,Consumer,United States,Evanston,Illinois,60201.0,Central,TEC-PH-10000004,Technology,Phones,Belkin iPhone and iPad Lightning Cable,11.992,1,0.2,0.8993999999999991
749,750,CA-2020-126074,2020-10-02,2020-10-06,Standard Class,RF-19735,Roland Fjeld,Consumer,United States,Trenton,Michigan,48183.0,Central,OFF-BI-10003638,Office Supplies,Binders,GBC Durable Plastic Covers,58.050000000000004,3,0.0,26.703
750,751,CA-2020-126074,2020-10-02,2020-10-06,Standard Class,RF-19735,Roland Fjeld,Consumer,United States,Trenton,Michigan,48183.0,Central,FUR-FU-10003577,Furniture,Furnishings,Nu-Dell Leatherette Frames,157.74,11,0.0,56.7864
751,752,CA-2020-126074,2020-10-02,2020-10-06,Standard Class,RF-19735,Roland Fjeld,Consumer,United States,Trenton,Michigan,48183.0,Central,OFF-AR-10003478,Office Supplies,Art,"Avery Hi-Liter EverBold Pen Style Fluorescent Highlighters, 4/Pack",56.980000000000004,7,0.0,22.792
752,753,CA-2020-126074,2020-10-02,2020-10-06,Standard Class,RF-19735,Roland Fjeld,Consumer,United States,Trenton,Michigan,48183.0,Central,OFF-BI-10000546,Office Supplies,Binders,Avery Durable Binders,2.88,1,0.0,1.4112
753,754,CA-2019-110499,2019-04-07,2019-04-09,First Class,YC-21895,Yoseph Carroll,Corporate,United States,San Francisco,California,94110.0,West,TEC-CO-10002095,Technology,Copiers,Hewlett Packard 610 Color Digital Copier / Printer,1199.976,3,0.2,374.99249999999995
754,755,CA-2018-135272,2018-12-07,2018-12-12,Standard Class,MS-17830,Melanie Seite,Consumer,United States,Los Angeles,California,90036.0,West,FUR-FU-10002759,Furniture,Furnishings,12-1/2 Diameter Round Wall Clock,79.92,4,0.0,28.7712
755,756,CA-2019-140928,2019-09-18,2019-09-22,Standard Class,NB-18655,Nona Balk,Corporate,United States,Jacksonville,Florida,32216.0,South,FUR-TA-10001095,Furniture,Tables,Chromcraft Round Conference Tables,383.438,4,0.45,-167.3184
756,757,CA-2017-106803,2017-12-29,2018-01-02,Standard Class,DC-13285,Debra Catini,Consumer,United States,Cottage Grove,Minnesota,55016.0,Central,OFF-ST-10002444,Office Supplies,Storage,Recycled Eldon Regeneration Jumbo File,24.56,2,0.0,6.876799999999999
757,758,CA-2017-106803,2017-12-29,2018-01-02,Standard Class,DC-13285,Debra Catini,Consumer,United States,Cottage Grove,Minnesota,55016.0,Central,TEC-AC-10001267,Technology,Accessories,Imation 32GB Pocket Pro USB 3.0 Flash Drive - 32 GB - Black - 1 P ...,119.8,4,0.0,47.92
758,759,CA-2020-117240,2020-07-23,2020-07-28,Standard Class,CP-12340,Christine Phan,Corporate,United States,New York City,New York,10009.0,East,OFF-BI-10000848,Office Supplies,Binders,Angle-D Ring Binders,13.128,3,0.2,4.266599999999999
759,760,CA-2020-133333,2020-09-18,2020-09-22,Standard Class,BF-11020,Barry Französisch,Corporate,United States,Green Bay,Wisconsin,54302.0,Central,OFF-PA-10002377,Office Supplies,Paper,"Adams Telephone Message Book W/Dividers/Space For Phone Numbers, 5 1/4""X8 1/2"", 200/Messages",22.72,4,0.0,10.223999999999998
760,761,CA-2018-112319,2018-08-31,2018-09-05,Standard Class,AR-10510,Andrew Roberts,Consumer,United States,Los Angeles,California,90004.0,West,OFF-PA-10003441,Office Supplies,Paper,Xerox 226,58.32000000000001,9,0.0,27.9936
761,762,CA-2020-126046,2020-11-03,2020-11-07,Standard Class,JC-16105,Julie Creighton,Corporate,United States,Atlanta,Georgia,30318.0,South,OFF-LA-10004484,Office Supplies,Labels,Avery 476,12.39,3,0.0,5.6994
762,763,CA-2018-114923,2018-02-08,2018-02-13,Standard Class,LH-17020,Lisa Hazard,Consumer,United States,Columbus,Ohio,43229.0,East,TEC-PH-10003931,Technology,Phones,JBL Micro Wireless Portable Bluetooth Speaker,107.982,3,0.4,-26.995499999999993
763,764,CA-2017-162775,2017-01-13,2017-01-15,Second Class,CS-12250,Chris Selesnick,Corporate,United States,Bossier City,Louisiana,71111.0,South,OFF-EN-10001990,Office Supplies,Envelopes,Staple envelope,11.36,2,0.0,5.339199999999999
764,765,CA-2017-162775,2017-01-13,2017-01-15,Second Class,CS-12250,Chris Selesnick,Corporate,United States,Bossier City,Louisiana,71111.0,South,OFF-EN-10001532,Office Supplies,Envelopes,Brown Kraft Recycled Envelopes,50.94,3,0.0,25.47
765,766,CA-2017-162775,2017-01-13,2017-01-15,Second Class,CS-12250,Chris Selesnick,Corporate,United States,Bossier City,Louisiana,71111.0,South,TEC-AC-10003174,Technology,Accessories,Plantronics S12 Corded Telephone Headset System,646.74,6,0.0,258.696
766,767,CA-2017-162775,2017-01-13,2017-01-15,Second Class,CS-12250,Chris Selesnick,Corporate,United States,Bossier City,Louisiana,71111.0,South,OFF-BI-10004187,Office Supplies,Binders,3-ring staple pack,5.64,3,0.0,2.7071999999999994
767,768,CA-2017-162775,2017-01-13,2017-01-15,Second Class,CS-12250,Chris Selesnick,Corporate,United States,Bossier City,Louisiana,71111.0,South,OFF-ST-10000025,Office Supplies,Storage,Fellowes Stor/Drawer Steel Plus Storage Drawers,572.58,6,0.0,34.354799999999955
768,769,CA-2017-106810,2017-05-14,2017-05-20,Standard Class,AJ-10795,Anthony Johnson,Corporate,United States,Saint Petersburg,Florida,33710.0,South,FUR-FU-10004306,Furniture,Furnishings,Electrix Halogen Magnifier Lamp,310.88000000000005,2,0.2,23.31599999999999
769,770,CA-2019-157245,2019-05-19,2019-05-24,Standard Class,LE-16810,Laurel Elliston,Consumer,United States,Arlington,Virginia,22204.0,South,FUR-CH-10003746,Furniture,Chairs,Hon 4070 Series Pagoda Round Back Stacking Chairs,641.96,2,0.0,179.74880000000002
770,771,CA-2020-104220,2020-01-30,2020-02-05,Standard Class,BV-11245,Benjamin Venier,Corporate,United States,Des Moines,Iowa,50315.0,Central,OFF-BI-10001036,Office Supplies,Binders,Cardinal EasyOpen D-Ring Binders,18.28,2,0.0,9.14
771,772,CA-2020-104220,2020-01-30,2020-02-05,Standard Class,BV-11245,Benjamin Venier,Corporate,United States,Des Moines,Iowa,50315.0,Central,TEC-PH-10004614,Technology,Phones,AT&T 841000 Phone,207.0,3,0.0,51.75
772,773,CA-2020-104220,2020-01-30,2020-02-05,Standard Class,BV-11245,Benjamin Venier,Corporate,United States,Des Moines,Iowa,50315.0,Central,OFF-BI-10000301,Office Supplies,Binders,GBC Instant Report Kit,32.35,5,0.0,16.175
773,774,CA-2020-104220,2020-01-30,2020-02-05,Standard Class,BV-11245,Benjamin Venier,Corporate,United States,Des Moines,Iowa,50315.0,Central,OFF-BI-10003910,Office Supplies,Binders,DXL Angle-View Binders with Locking Rings by Samsill,7.71,1,0.0,3.4695
774,775,CA-2020-104220,2020-01-30,2020-02-05,Standard Class,BV-11245,Benjamin Venier,Corporate,United States,Des Moines,Iowa,50315.0,Central,OFF-AR-10004648,Office Supplies,Art,Boston 19500 Mighty Mite Electric Pencil Sharpener,40.3,2,0.0,10.881
775,776,CA-2020-104220,2020-01-30,2020-02-05,Standard Class,BV-11245,Benjamin Venier,Corporate,United States,Des Moines,Iowa,50315.0,Central,FUR-FU-10002597,Furniture,Furnishings,"C-Line Magnetic Cubicle Keepers, Clear Polypropylene",34.580000000000005,7,0.0,14.523600000000002
776,777,CA-2017-165974,2017-06-29,2017-07-06,Standard Class,DL-12865,Dan Lawera,Consumer,United States,Cincinnati,Ohio,45231.0,East,OFF-AR-10003405,Office Supplies,Art,"Dixon My First Ticonderoga Pencil, #2",32.76,7,0.2,3.685499999999996
777,778,CA-2018-144267,2018-08-21,2018-08-23,First Class,NZ-18565,Nick Zandusky,Home Office,United States,San Francisco,California,94110.0,West,FUR-CH-10002335,Furniture,Chairs,Hon GuestStacker Chair,544.008,3,0.2,40.8006
778,779,CA-2018-144267,2018-08-21,2018-08-23,First Class,NZ-18565,Nick Zandusky,Home Office,United States,San Francisco,California,94110.0,West,OFF-PA-10000157,Office Supplies,Paper,Xerox 191,59.94,3,0.0,28.171799999999998
779,780,CA-2018-144267,2018-08-21,2018-08-23,First Class,NZ-18565,Nick Zandusky,Home Office,United States,San Francisco,California,94110.0,West,OFF-PA-10001947,Office Supplies,Paper,Xerox 1974,23.92,4,0.0,11.7208
780,781,CA-2018-144267,2018-08-21,2018-08-23,First Class,NZ-18565,Nick Zandusky,Home Office,United States,San Francisco,California,94110.0,West,OFF-PA-10003657,Office Supplies,Paper,Xerox 1927,4.28,1,0.0,1.9259999999999997
781,782,US-2018-157014,2018-10-03,2018-10-06,Second Class,BM-11785,Bryan Mills,Consumer,United States,Columbus,Ohio,43229.0,East,OFF-BI-10001098,Office Supplies,Binders,Acco D-Ring Binder w/DublLock,32.07,5,0.7,-22.44899999999999
782,783,US-2018-157014,2018-10-03,2018-10-06,Second Class,BM-11785,Bryan Mills,Consumer,United States,Columbus,Ohio,43229.0,East,TEC-AC-10002167,Technology,Accessories,Imation 8gb Micro Traveldrive Usb 2.0 Flash Drive,24.0,2,0.2,-2.6999999999999993
783,784,US-2018-157014,2018-10-03,2018-10-06,Second Class,BM-11785,Bryan Mills,Consumer,United States,Columbus,Ohio,43229.0,East,FUR-BO-10004409,Furniture,Bookcases,"Safco Value Mate Series Steel Bookcases, Baked Enamel Finish on Steel, Gray",35.49,1,0.5,-15.6156
784,785,US-2018-157014,2018-10-03,2018-10-06,Second Class,BM-11785,Bryan Mills,Consumer,United States,Columbus,Ohio,43229.0,East,TEC-AC-10000057,Technology,Accessories,Microsoft Natural Ergonomic Keyboard 4000,47.984,2,0.2,0.5997999999999966
785,786,CA-2018-154921,2018-05-23,2018-05-28,Standard Class,EA-14035,Erin Ashbrook,Corporate,United States,Columbia,South Carolina,29203.0,South,OFF-EN-10000056,Office Supplies,Envelopes,Cameo Buff Policy Envelopes,186.69,3,0.0,87.74429999999998
786,787,CA-2020-129567,2020-03-17,2020-03-21,Second Class,CL-12565,Clay Ludtke,Consumer,United States,Lancaster,California,93534.0,West,OFF-BI-10000014,Office Supplies,Binders,Heavy-Duty E-Z-D Binders,17.456,2,0.2,5.8914
787,788,CA-2018-154620,2018-12-12,2018-12-16,Standard Class,LT-17110,Liz Thompson,Consumer,United States,Lancaster,California,93534.0,West,FUR-CH-10004675,Furniture,Chairs,"Lifetime Advantage Folding Chairs, 4/Carton",348.92800000000005,2,0.2,34.89279999999998
788,789,CA-2018-115938,2018-06-26,2018-06-30,Standard Class,SA-20830,Sue Ann Reed,Consumer,United States,Richmond,Virginia,23223.0,South,OFF-BI-10001543,Office Supplies,Binders,GBC VeloBinder Manual Binding System,143.96,4,0.0,69.1008
789,790,CA-2018-115938,2018-06-26,2018-06-30,Standard Class,SA-20830,Sue Ann Reed,Consumer,United States,Richmond,Virginia,23223.0,South,OFF-ST-10001321,Office Supplies,Storage,"Decoflex Hanging Personal Folder File, Blue",15.42,1,0.0,4.163400000000001
790,791,CA-2018-115938,2018-06-26,2018-06-30,Standard Class,SA-20830,Sue Ann Reed,Consumer,United States,Richmond,Virginia,23223.0,South,OFF-BI-10001132,Office Supplies,Binders,"Acco PRESSTEX Data Binder with Storage Hooks, Dark Blue, 9 1/2"" X 11""",43.04,8,0.0,21.0896
791,792,CA-2018-115938,2018-06-26,2018-06-30,Standard Class,SA-20830,Sue Ann Reed,Consumer,United States,Richmond,Virginia,23223.0,South,FUR-CH-10003199,Furniture,Chairs,Office Star - Contemporary Task Swivel Chair,332.94,3,0.0,79.90559999999999
792,793,CA-2019-105256,2019-05-20,2019-05-20,Same Day,JK-15730,Joe Kamberova,Consumer,United States,Asheville,North Carolina,28806.0,South,TEC-PH-10001530,Technology,Phones,Cisco Unified IP Phone 7945G VoIP phone,1363.96,5,0.2,85.2475
793,794,CA-2017-156433,2017-09-20,2017-09-26,Standard Class,ES-14020,Erica Smith,Consumer,United States,San Francisco,California,94110.0,West,OFF-LA-10001569,Office Supplies,Labels,Avery 499,9.96,2,0.0,4.5816
794,795,CA-2017-156433,2017-09-20,2017-09-26,Standard Class,ES-14020,Erica Smith,Consumer,United States,San Francisco,California,94110.0,West,OFF-PA-10003724,Office Supplies,Paper,"Wirebound Message Book, 4 per Page",21.72,4,0.0,10.6428
795,796,CA-2020-151428,2020-09-21,2020-09-26,Standard Class,RH-19495,Rick Hansen,Consumer,United States,Rochester,Minnesota,55901.0,Central,OFF-BI-10000546,Office Supplies,Binders,Avery Durable Binders,20.16,7,0.0,9.8784
796,797,CA-2018-124653,2018-12-24,2018-12-26,First Class,DB-13120,David Bremer,Corporate,United States,Rochester,New York,14609.0,East,OFF-PA-10000176,Office Supplies,Paper,Xerox 1887,132.79,7,0.0,63.7392
797,798,CA-2018-124653,2018-12-24,2018-12-26,First Class,DB-13120,David Bremer,Corporate,United States,Rochester,New York,14609.0,East,OFF-PA-10002365,Office Supplies,Paper,Xerox 1967,12.96,2,0.0,6.2208000000000006
798,799,CA-2018-124653,2018-12-24,2018-12-26,First Class,DB-13120,David Bremer,Corporate,United States,Rochester,New York,14609.0,East,OFF-LA-10002271,Office Supplies,Labels,Smead Alpha-Z Color-Coded Second Alphabetical Labels and Starter Set,21.560000000000002,7,0.0,10.348799999999999
799,800,CA-2018-101910,2018-11-27,2018-12-03,Standard Class,CD-11920,Carlos Daly,Consumer,United States,Lake Elsinore,California,92530.0,West,FUR-CH-10002647,Furniture,Chairs,"Situations Contoured Folding Chairs, 4/Set",283.92,5,0.2,17.74500000000002
800,801,CA-2020-105809,2020-02-20,2020-02-23,First Class,HW-14935,Helen Wasserman,Corporate,United States,San Diego,California,92105.0,West,FUR-FU-10004090,Furniture,Furnishings,"Executive Impressions 14"" Contract Wall Clock",22.23,1,0.0,7.335899999999999
801,802,CA-2020-105809,2020-02-20,2020-02-23,First Class,HW-14935,Helen Wasserman,Corporate,United States,San Diego,California,92105.0,West,TEC-PH-10001580,Technology,Phones,Logitech Mobile Speakerphone P710e - speaker phone,215.968,2,0.2,18.89719999999999
802,803,CA-2019-136133,2019-08-18,2019-08-23,Second Class,HW-14935,Helen Wasserman,Corporate,United States,New York City,New York,10024.0,East,OFF-AP-10000576,Office Supplies,Appliances,Belkin 7 Outlet SurgeMaster II,355.32,9,0.0,99.48960000000001
803,804,CA-2019-115504,2019-03-12,2019-03-17,Standard Class,MC-18130,Mike Caudle,Corporate,United States,Monroe,Louisiana,71203.0,South,OFF-PA-10003953,Office Supplies,Paper,Xerox 218,12.96,2,0.0,6.2208000000000006
804,805,CA-2020-135783,2020-04-22,2020-04-24,First Class,GM-14440,Gary McGarr,Consumer,United States,San Francisco,California,94122.0,West,FUR-FU-10000794,Furniture,Furnishings,"Eldon Stackable Tray, Side-Load, Legal, Smoke",18.28,2,0.0,6.215199999999999
805,806,CA-2017-134313,2017-11-01,2017-11-07,Standard Class,RA-19915,Russell Applegate,Consumer,United States,Denver,Colorado,80219.0,West,OFF-AR-10001897,Office Supplies,Art,Model L Table or Wall-Mount Pencil Sharpener,43.176,3,0.2,4.3176000000000005
806,807,CA-2017-134313,2017-11-01,2017-11-07,Standard Class,RA-19915,Russell Applegate,Consumer,United States,Denver,Colorado,80219.0,West,TEC-PH-10001795,Technology,Phones,ClearOne CHATAttach 160 - speaker phone,1983.968,4,0.2,247.9959999999998
807,808,CA-2018-140921,2018-02-03,2018-02-05,First Class,AA-10375,Allen Armold,Consumer,United States,Omaha,Nebraska,68104.0,Central,FUR-FU-10003347,Furniture,Furnishings,Coloredge Poster Frame,28.4,2,0.0,11.076
808,809,CA-2018-140921,2018-02-03,2018-02-05,First Class,AA-10375,Allen Armold,Consumer,United States,Omaha,Nebraska,68104.0,Central,TEC-AC-10004901,Technology,Accessories,Kensington SlimBlade Notebook Wireless Mouse with Nano Receiver,149.97,3,0.0,50.9898
809,810,CA-2017-151995,2017-10-13,2017-10-15,First Class,ZC-21910,Zuschuss Carroll,Consumer,United States,Edmonds,Washington,98026.0,West,OFF-AR-10003190,Office Supplies,Art,Newell 32,11.52,4,0.0,3.2256
810,811,CA-2017-151995,2017-10-13,2017-10-15,First Class,ZC-21910,Zuschuss Carroll,Consumer,United States,Edmonds,Washington,98026.0,West,FUR-TA-10002903,Furniture,Tables,"Bevis Round Bullnose 29"" High Table Top",1298.55,5,0.0,311.652
811,812,CA-2017-151995,2017-10-13,2017-10-15,First Class,ZC-21910,Zuschuss Carroll,Consumer,United States,Edmonds,Washington,98026.0,West,OFF-AP-10000240,Office Supplies,Appliances,Belkin F9G930V10-GRY 9 Outlet Surge,213.92,4,0.0,62.03679999999997
812,813,CA-2017-151995,2017-10-13,2017-10-15,First Class,ZC-21910,Zuschuss Carroll,Consumer,United States,Edmonds,Washington,98026.0,West,TEC-AC-10001101,Technology,Accessories,Sony 16GB Class 10 Micro SDHC R40 Memory Card,25.78,2,0.0,2.5779999999999994
813,814,CA-2020-143686,2020-05-14,2020-05-14,Same Day,PJ-19015,Pauline Johnson,Consumer,United States,Santa Ana,California,92704.0,West,FUR-FU-10000794,Furniture,Furnishings,"Eldon Stackable Tray, Side-Load, Legal, Smoke",18.28,2,0.0,6.215199999999999
814,815,CA-2020-143686,2020-05-14,2020-05-14,Same Day,PJ-19015,Pauline Johnson,Consumer,United States,Santa Ana,California,92704.0,West,TEC-AC-10001838,Technology,Accessories,Razer Tiamat Over Ear 7.1 Surround Sound PC Gaming Headset,1399.93,7,0.0,601.9699
815,816,CA-2018-106565,2018-03-20,2018-03-23,First Class,BW-11110,Bart Watters,Corporate,United States,Milwaukee,Wisconsin,53209.0,Central,OFF-PA-10000061,Office Supplies,Paper,Xerox 205,51.84,8,0.0,24.883200000000002
816,817,CA-2019-149370,2019-09-15,2019-09-19,Standard Class,DB-13210,Dean Braden,Consumer,United States,Philadelphia,Pennsylvania,19140.0,East,OFF-PA-10003651,Office Supplies,Paper,Xerox 1968,5.344,1,0.2,1.8703999999999998
817,818,CA-2017-140858,2017-06-28,2017-07-02,Standard Class,CA-12775,Cynthia Arntzen,Consumer,United States,Philadelphia,Pennsylvania,19140.0,East,OFF-PA-10000304,Office Supplies,Paper,Xerox 1995,41.47200000000001,8,0.2,14.5152
818,819,CA-2017-140858,2017-06-28,2017-07-02,Standard Class,CA-12775,Cynthia Arntzen,Consumer,United States,Philadelphia,Pennsylvania,19140.0,East,OFF-BI-10003094,Office Supplies,Binders,Self-Adhesive Ring Binder Labels,3.168000000000001,3,0.7,-2.4288
819,820,CA-2017-140858,2017-06-28,2017-07-02,Standard Class,CA-12775,Cynthia Arntzen,Consumer,United States,Philadelphia,Pennsylvania,19140.0,East,FUR-CH-10001394,Furniture,Chairs,Global Leather Executive Chair,1228.465,5,0.3,0.0
820,821,CA-2017-140858,2017-06-28,2017-07-02,Standard Class,CA-12775,Cynthia Arntzen,Consumer,United States,Philadelphia,Pennsylvania,19140.0,East,OFF-BI-10004230,Office Supplies,Binders,GBC Recycled Grain Textured Covers,31.086000000000006,3,0.7,-22.79639999999999
821,822,CA-2017-140858,2017-06-28,2017-07-02,Standard Class,CA-12775,Cynthia Arntzen,Consumer,United States,Philadelphia,Pennsylvania,19140.0,East,OFF-PA-10003395,Office Supplies,Paper,Xerox 1941,335.52,4,0.2,117.43199999999999
822,823,CA-2020-101434,2020-06-20,2020-06-27,Standard Class,TR-21325,Toby Ritter,Consumer,United States,Belleville,New Jersey,7109.0,East,TEC-AC-10002402,Technology,Accessories,Razer Kraken PRO Over Ear PC and Music Headset,239.96999999999997,3,0.0,71.99099999999999
823,824,CA-2020-101434,2020-06-20,2020-06-27,Standard Class,TR-21325,Toby Ritter,Consumer,United States,Belleville,New Jersey,7109.0,East,OFF-LA-10003223,Office Supplies,Labels,Avery 508,9.82,2,0.0,4.8118
824,825,US-2017-102071,2017-05-09,2017-05-15,Standard Class,PG-18820,Patrick Gardner,Consumer,United States,San Francisco,California,94110.0,West,TEC-AC-10003441,Technology,Accessories,Kingston Digital DataTraveler 32GB USB 2.0,67.8,4,0.0,4.067999999999998
825,826,US-2017-102071,2017-05-09,2017-05-15,Standard Class,PG-18820,Patrick Gardner,Consumer,United States,San Francisco,California,94110.0,West,TEC-AC-10000109,Technology,Accessories,Sony Micro Vault Click 16 GB USB 2.0 Flash Drive,167.97,3,0.0,40.31280000000001
826,827,CA-2020-126956,2020-08-21,2020-08-28,Standard Class,GT-14710,Greg Tran,Consumer,United States,Lakeville,Minnesota,55044.0,Central,OFF-FA-10002280,Office Supplies,Fasteners,Advantus Plastic Paper Clips,35.0,7,0.0,16.8
827,828,CA-2020-126956,2020-08-21,2020-08-28,Standard Class,GT-14710,Greg Tran,Consumer,United States,Lakeville,Minnesota,55044.0,Central,OFF-SU-10000381,Office Supplies,Supplies,Acme Forged Steel Scissors with Black Enamel Handles,37.24,4,0.0,10.799599999999998
828,829,CA-2020-126956,2020-08-21,2020-08-28,Standard Class,GT-14710,Greg Tran,Consumer,United States,Lakeville,Minnesota,55044.0,Central,OFF-EN-10004459,Office Supplies,Envelopes,Security-Tint Envelopes,15.28,2,0.0,7.4872
829,830,CA-2020-129462,2020-06-16,2020-06-21,Second Class,JE-15745,Joel Eaton,Consumer,United States,Florence,Kentucky,41042.0,South,FUR-CH-10000665,Furniture,Chairs,"Global Airflow Leather Mesh Back Chair, Black",301.96,2,0.0,90.58799999999997
830,831,CA-2020-129462,2020-06-16,2020-06-21,Second Class,JE-15745,Joel Eaton,Consumer,United States,Florence,Kentucky,41042.0,South,OFF-AP-10003884,Office Supplies,Appliances,"Fellowes Smart Surge Ten-Outlet Protector, Platinum",180.66,3,0.0,50.58480000000001
831,832,CA-2020-129462,2020-06-16,2020-06-21,Second Class,JE-15745,Joel Eaton,Consumer,United States,Florence,Kentucky,41042.0,South,TEC-PH-10001557,Technology,Phones,Pyle PMP37LED,191.98,2,0.0,51.834599999999995
832,833,CA-2020-129462,2020-06-16,2020-06-21,Second Class,JE-15745,Joel Eaton,Consumer,United States,Florence,Kentucky,41042.0,South,TEC-PH-10002085,Technology,Phones,Clarity 53712,65.99,1,0.0,17.157400000000003
833,834,CA-2019-165316,2019-07-23,2019-07-27,Standard Class,JB-15400,Jennifer Braxton,Corporate,United States,Tampa,Florida,33614.0,South,OFF-AR-10002956,Office Supplies,Art,Boston 16801 Nautilus Battery Pencil Sharpener,35.216,2,0.2,2.6411999999999995
834,835,CA-2019-165316,2019-07-23,2019-07-27,Standard Class,JB-15400,Jennifer Braxton,Corporate,United States,Tampa,Florida,33614.0,South,OFF-AP-10003266,Office Supplies,Appliances,"Holmes Replacement Filter for HEPA Air Cleaner, Large Room",23.696,2,0.2,6.5164
835,836,CA-2019-165316,2019-07-23,2019-07-27,Standard Class,JB-15400,Jennifer Braxton,Corporate,United States,Tampa,Florida,33614.0,South,TEC-MA-10004002,Technology,Machines,Zebra GX420t Direct Thermal/Thermal Transfer Printer,265.475,1,0.5,-111.49950000000007
836,837,US-2017-115987,2017-09-08,2017-09-13,Second Class,LH-17020,Lisa Hazard,Consumer,United States,Tyler,Texas,75701.0,Central,OFF-BI-10001071,Office Supplies,Binders,GBC ProClick Punch Binding System,51.18399999999998,4,0.8,-79.33519999999999
837,838,US-2020-156083,2020-11-04,2020-11-11,Standard Class,JL-15175,James Lanier,Home Office,United States,Columbia,Tennessee,38401.0,South,OFF-PA-10001560,Office Supplies,Paper,"Adams Telephone Message Books, 5 1/4” x 11”",9.664000000000001,2,0.2,3.2615999999999996
838,839,US-2019-137547,2019-03-07,2019-03-12,Standard Class,EB-13705,Ed Braxton,Corporate,United States,Fort Worth,Texas,76106.0,Central,TEC-PH-10002365,Technology,Phones,Belkin Grip Candy Sheer Case / Cover for iPhone 5 and 5S,21.072,3,0.2,1.5804
839,840,CA-2018-100454,2018-11-20,2018-11-25,Standard Class,BM-11650,Brian Moss,Corporate,United States,New York City,New York,10035.0,East,OFF-AR-10004648,Office Supplies,Art,Boston 19500 Mighty Mite Electric Pencil Sharpener,60.449999999999996,3,0.0,16.3215
840,841,CA-2018-100454,2018-11-20,2018-11-25,Standard Class,BM-11650,Brian Moss,Corporate,United States,New York City,New York,10035.0,East,OFF-AR-10002578,Office Supplies,Art,Newell 335,11.52,4,0.0,3.3407999999999998
841,842,CA-2018-100454,2018-11-20,2018-11-25,Standard Class,BM-11650,Brian Moss,Corporate,United States,New York City,New York,10035.0,East,FUR-BO-10001519,Furniture,Bookcases,O'Sullivan 3-Shelf Heavy-Duty Bookcases,186.048,4,0.2,9.302400000000006
842,843,CA-2019-161669,2019-11-07,2019-11-09,First Class,EM-14095,Eudokia Martin,Corporate,United States,Los Angeles,California,90036.0,West,OFF-BI-10001294,Office Supplies,Binders,Fellowes Binding Cases,37.44,4,0.2,11.699999999999996
843,844,CA-2019-161669,2019-11-07,2019-11-09,First Class,EM-14095,Eudokia Martin,Corporate,United States,Los Angeles,California,90036.0,West,OFF-BI-10001636,Office Supplies,Binders,Ibico Plastic and Wire Spiral Binding Combs,26.976,4,0.2,8.767199999999999
844,845,CA-2019-161669,2019-11-07,2019-11-09,First Class,EM-14095,Eudokia Martin,Corporate,United States,Los Angeles,California,90036.0,West,OFF-SU-10002503,Office Supplies,Supplies,Acme Preferred Stainless Steel Scissors,11.36,2,0.0,3.2943999999999996
845,846,CA-2019-161669,2019-11-07,2019-11-09,First Class,EM-14095,Eudokia Martin,Corporate,United States,Los Angeles,California,90036.0,West,OFF-LA-10004093,Office Supplies,Labels,Avery 486,14.62,2,0.0,6.8713999999999995
846,847,CA-2018-114300,2018-10-13,2018-10-17,Standard Class,AF-10885,Art Foster,Consumer,United States,Louisville,Kentucky,40214.0,South,TEC-PH-10001552,Technology,Phones,I Need's 3d Hello Kitty Hybrid Silicone Case Cover for HTC One X 4g with 3d Hello Kitty Stylus Pen Green/pink,83.72,7,0.0,23.441600000000005
847,848,CA-2018-114300,2018-10-13,2018-10-17,Standard Class,AF-10885,Art Foster,Consumer,United States,Louisville,Kentucky,40214.0,South,FUR-CH-10001891,Furniture,Chairs,Global Deluxe Office Fabric Chairs,287.94,3,0.0,77.74380000000002
848,849,CA-2020-107503,2020-01-01,2020-01-06,Standard Class,GA-14725,Guy Armstrong,Consumer,United States,Lorain,Ohio,44052.0,East,FUR-FU-10003878,Furniture,Furnishings,"Linden 10"" Round Wall Clock, Black",48.896,4,0.2,8.556799999999999
849,850,CA-2017-107755,2017-02-07,2017-02-12,Standard Class,CK-12760,Cyma Kinney,Corporate,United States,Linden,New Jersey,7036.0,East,TEC-AC-10000710,Technology,Accessories,Maxell DVD-RAM Discs,115.36,7,0.0,49.60480000000001
850,851,CA-2019-152534,2019-06-20,2019-06-25,Second Class,DP-13105,Dave Poirier,Corporate,United States,Salinas,California,93905.0,West,OFF-AR-10002335,Office Supplies,Art,DIXON Oriole Pencils,5.16,2,0.0,1.3416000000000001
851,852,CA-2019-152534,2019-06-20,2019-06-25,Second Class,DP-13105,Dave Poirier,Corporate,United States,Salinas,California,93905.0,West,OFF-PA-10001870,Office Supplies,Paper,Xerox 202,38.88,6,0.0,18.6624
852,853,CA-2019-113747,2019-05-28,2019-06-04,Standard Class,VD-21670,Valerie Dominguez,Consumer,United States,Jackson,Mississippi,39212.0,South,OFF-AR-10003373,Office Supplies,Art,"Boston School Pro Electric Pencil Sharpener, 1670",185.88,6,0.0,50.187599999999996
853,854,CA-2019-123274,2019-02-19,2019-02-24,Standard Class,GT-14710,Greg Tran,Consumer,United States,New York City,New York,10035.0,East,FUR-FU-10004090,Furniture,Furnishings,"Executive Impressions 14"" Contract Wall Clock",44.46,2,0.0,14.671799999999998
854,855,CA-2019-123274,2019-02-19,2019-02-24,Standard Class,GT-14710,Greg Tran,Consumer,United States,New York City,New York,10035.0,East,OFF-ST-10000736,Office Supplies,Storage,Carina Double Wide Media Storage Towers in Natural & Black,242.94,3,0.0,9.71759999999999
855,856,CA-2017-125612,2017-08-03,2017-08-08,Standard Class,BK-11260,Berenike Kampe,Consumer,United States,New York City,New York,10035.0,East,OFF-PA-10001019,Office Supplies,Paper,Xerox 1884,39.96,2,0.0,18.7812
856,857,CA-2017-125612,2017-08-03,2017-08-08,Standard Class,BK-11260,Berenike Kampe,Consumer,United States,New York City,New York,10035.0,East,OFF-SU-10002537,Office Supplies,Supplies,Acme Box Cutter Scissors,102.30000000000001,10,0.0,26.598000000000006
857,858,CA-2017-125612,2017-08-03,2017-08-08,Standard Class,BK-11260,Berenike Kampe,Consumer,United States,New York City,New York,10035.0,East,OFF-ST-10003221,Office Supplies,Storage,Staple magnet,21.36,2,0.0,5.767200000000001
858,859,CA-2020-161984,2020-04-10,2020-04-15,Standard Class,SJ-20125,Sanjit Jacobs,Home Office,United States,New Brunswick,New Jersey,8901.0,East,OFF-PA-10004569,Office Supplies,Paper,"Wirebound Message Books, Two 4 1/4"" x 5"" Forms per Page",7.61,1,0.0,3.5766999999999998
859,860,CA-2020-161984,2020-04-10,2020-04-15,Standard Class,SJ-20125,Sanjit Jacobs,Home Office,United States,New Brunswick,New Jersey,8901.0,East,OFF-FA-10000624,Office Supplies,Fasteners,OIC Binder Clips,7.16,2,0.0,3.58
860,861,CA-2017-133851,2017-06-09,2017-06-16,Standard Class,CM-12445,Chuck Magee,Consumer,United States,San Francisco,California,94122.0,West,OFF-SU-10001225,Office Supplies,Supplies,Staple remover,7.36,2,0.0,0.14719999999999978
861,862,CA-2017-133851,2017-06-09,2017-06-16,Standard Class,CM-12445,Chuck Magee,Consumer,United States,San Francisco,California,94122.0,West,OFF-AR-10003752,Office Supplies,Art,Deluxe Chalkboard Eraser Cleaner,23.1,2,0.0,10.626
862,863,CA-2019-134474,2019-01-05,2019-01-07,Second Class,AJ-10795,Anthony Johnson,Corporate,United States,Jacksonville,Florida,32216.0,South,TEC-AC-10001714,Technology,Accessories,Logitech MX Performance Wireless Mouse,191.472,6,0.2,40.6878
863,864,CA-2019-134474,2019-01-05,2019-01-07,Second Class,AJ-10795,Anthony Johnson,Corporate,United States,Jacksonville,Florida,32216.0,South,OFF-AR-10003958,Office Supplies,Art,Newell 337,5.248,2,0.2,0.5903999999999991
864,865,CA-2019-134474,2019-01-05,2019-01-07,Second Class,AJ-10795,Anthony Johnson,Corporate,United States,Jacksonville,Florida,32216.0,South,TEC-PH-10002923,Technology,Phones,"Logitech B530 USB Headset - headset - Full size, Binaural",59.184000000000005,2,0.2,5.178600000000001
865,866,CA-2017-149020,2017-01-10,2017-01-15,Standard Class,AJ-10780,Anthony Jacobs,Corporate,United States,Springfield,Virginia,22153.0,South,OFF-LA-10004272,Office Supplies,Labels,Avery 482,2.89,1,0.0,1.3583
866,867,CA-2017-149020,2017-01-10,2017-01-15,Standard Class,AJ-10780,Anthony Jacobs,Corporate,United States,Springfield,Virginia,22153.0,South,FUR-FU-10000965,Furniture,Furnishings,"Howard Miller 11-1/2"" Diameter Ridgewood Wall Clock",51.94,1,0.0,21.2954
867,868,CA-2019-134362,2019-09-29,2019-10-02,First Class,LS-16945,Linda Southworth,Corporate,United States,Philadelphia,Pennsylvania,19140.0,East,OFF-LA-10004853,Office Supplies,Labels,Avery 483,15.936000000000002,4,0.2,5.1792
868,869,CA-2017-136742,2017-04-06,2017-04-10,Standard Class,GP-14740,Guy Phonely,Corporate,United States,Lancaster,Pennsylvania,17602.0,East,OFF-BI-10003719,Office Supplies,Binders,Large Capacity Hanging Post Binders,44.91000000000001,6,0.7,-35.928
869,870,CA-2019-158099,2019-09-03,2019-09-05,First Class,PK-18910,Paul Knutson,Home Office,United States,Philadelphia,Pennsylvania,19143.0,East,OFF-BI-10000545,Office Supplies,Binders,GBC Ibimaster 500 Manual ProClick Binding System,1141.4700000000003,5,0.7,-760.9800000000002
870,871,CA-2019-158099,2019-09-03,2019-09-05,First Class,PK-18910,Paul Knutson,Home Office,United States,Philadelphia,Pennsylvania,19143.0,East,TEC-PH-10002496,Technology,Phones,Cisco SPA301,280.78200000000004,3,0.4,-46.797000000000025
871,872,CA-2018-131128,2018-10-19,2018-10-20,First Class,TB-21520,Tracy Blumstein,Consumer,United States,Concord,New Hampshire,3301.0,East,OFF-PA-10003591,Office Supplies,Paper,Southworth 100% Cotton The Best Paper,34.44,3,0.0,17.22
872,873,CA-2017-148488,2017-12-10,2017-12-15,Standard Class,SM-20005,Sally Matthias,Consumer,United States,New York City,New York,10009.0,East,OFF-PA-10004470,Office Supplies,Paper,"Adams Write n' Stick Phone Message Book, 11"" X 5 1/4"", 200 Messages",11.36,2,0.0,5.225599999999999
873,874,CA-2017-148488,2017-12-10,2017-12-15,Standard Class,SM-20005,Sally Matthias,Consumer,United States,New York City,New York,10009.0,East,OFF-BI-10000315,Office Supplies,Binders,Poly Designer Cover & Back,106.344,7,0.2,37.2204
874,875,CA-2020-114636,2020-08-25,2020-08-29,Standard Class,GA-14725,Guy Armstrong,Consumer,United States,Charlotte,North Carolina,28205.0,South,OFF-PA-10001790,Office Supplies,Paper,Xerox 1910,192.16000000000003,5,0.2,67.25599999999999
875,876,CA-2019-116736,2019-01-17,2019-01-21,Standard Class,CC-12430,Chuck Clark,Home Office,United States,Concord,New Hampshire,3301.0,East,FUR-FU-10004017,Furniture,Furnishings,"Tenex Contemporary Contur Chairmats for Low and Medium Pile Carpet, Computer, 39"" x 49""",322.59000000000003,3,0.0,64.518
876,877,CA-2019-116736,2019-01-17,2019-01-21,Standard Class,CC-12430,Chuck Clark,Home Office,United States,Concord,New Hampshire,3301.0,East,TEC-AC-10003628,Technology,Accessories,Logitech 910-002974 M325 Wireless Mouse for Web Scrolling,29.99,1,0.0,13.195600000000002
877,878,CA-2019-116736,2019-01-17,2019-01-21,Standard Class,CC-12430,Chuck Clark,Home Office,United States,Concord,New Hampshire,3301.0,East,TEC-AC-10002049,Technology,Accessories,Logitech G19 Programmable Gaming Keyboard,371.96999999999997,3,0.0,66.95459999999997
878,879,US-2017-158638,2017-09-17,2017-09-21,Standard Class,AG-10765,Anthony Garverick,Home Office,United States,Philadelphia,Pennsylvania,19120.0,East,OFF-BI-10003712,Office Supplies,Binders,"Acco Pressboard Covers with Storage Hooks, 14 7/8"" x 11"", Light Blue",5.892000000000001,4,0.7,-4.1244
879,880,CA-2020-111689,2020-11-30,2020-12-02,Second Class,HP-14815,Harold Pawlan,Home Office,United States,New York City,New York,10024.0,East,OFF-BI-10003984,Office Supplies,Binders,Lock-Up Easel 'Spel-Binder',68.47200000000001,3,0.2,23.109299999999998
880,881,CA-2020-111689,2020-11-30,2020-12-02,Second Class,HP-14815,Harold Pawlan,Home Office,United States,New York City,New York,10024.0,East,FUR-CH-10004287,Furniture,Chairs,SAFCO Arco Folding Chair,1242.8999999999999,5,0.1,262.3899999999999
881,882,CA-2018-129098,2018-10-09,2018-10-13,Standard Class,DK-13090,Dave Kipp,Consumer,United States,Springfield,Virginia,22153.0,South,OFF-ST-10001321,Office Supplies,Storage,"Decoflex Hanging Personal Folder File, Blue",30.84,2,0.0,8.326800000000002
882,883,US-2020-123463,2020-12-23,2020-12-23,Same Day,GZ-14470,Gary Zandusky,Consumer,United States,San Francisco,California,94109.0,West,OFF-AR-10001118,Office Supplies,Art,"Binney & Smith Crayola Metallic Crayons, 16-Color Pack",13.48,4,0.0,5.931200000000001
883,884,CA-2019-165148,2019-10-22,2019-10-24,First Class,PM-19135,Peter McVee,Home Office,United States,Detroit,Michigan,48227.0,Central,FUR-FU-10000732,Furniture,Furnishings,Eldon 200 Class Desk Accessories,31.400000000000002,5,0.0,10.047999999999998
884,885,CA-2017-134061,2017-04-29,2017-05-04,Standard Class,LL-16840,Lauren Leatherbury,Consumer,United States,Rochester,New York,14609.0,East,FUR-FU-10001424,Furniture,Furnishings,Dax Clear Box Frame,17.46,2,0.0,5.936399999999999
885,886,CA-2018-143602,2018-04-25,2018-04-28,Second Class,JS-15595,Jill Stevenson,Corporate,United States,Los Angeles,California,90045.0,West,OFF-BI-10002071,Office Supplies,Binders,Fellowes Black Plastic Comb Bindings,13.943999999999999,3,0.2,4.5318
886,887,CA-2020-115364,2020-06-26,2020-07-02,Standard Class,OT-18730,Olvera Toch,Consumer,United States,San Diego,California,92105.0,West,OFF-ST-10002486,Office Supplies,Storage,Eldon Shelf Savers Cubes and Bins,83.76,12,0.0,1.6751999999999967
887,888,CA-2020-150707,2020-10-14,2020-10-19,Standard Class,EL-13735,Ed Ludwig,Home Office,United States,Columbia,Maryland,21044.0,East,OFF-BI-10001078,Office Supplies,Binders,"Acco PRESSTEX Data Binder with Storage Hooks, Dark Blue, 14 7/8"" X 11""",37.66,7,0.0,18.453400000000002
888,889,CA-2017-104976,2017-12-09,2017-12-16,Standard Class,CK-12760,Cyma Kinney,Corporate,United States,San Francisco,California,94122.0,West,OFF-PA-10003845,Office Supplies,Paper,Xerox 1987,34.68,6,0.0,16.9932
889,890,CA-2020-132934,2020-06-20,2020-06-26,Standard Class,JE-15475,Jeremy Ellison,Consumer,United States,New Rochelle,New York,10801.0,East,TEC-AC-10000927,Technology,Accessories,Anker Ultrathin Bluetooth Wireless Keyboard Aluminum Cover with Stand,149.95,5,0.0,14.994999999999994
890,891,CA-2020-132934,2020-06-20,2020-06-26,Standard Class,JE-15475,Jeremy Ellison,Consumer,United States,New Rochelle,New York,10801.0,East,OFF-BI-10001098,Office Supplies,Binders,Acco D-Ring Binder w/DublLock,51.312,3,0.2,18.600599999999996
891,892,CA-2020-133256,2020-06-26,2020-06-27,First Class,TH-21550,Tracy Hopkins,Home Office,United States,Detroit,Michigan,48227.0,Central,OFF-PA-10001622,Office Supplies,Paper,"Ampad Poly Cover Wirebound Steno Book, 6"" x 9"" Assorted Colors, Gregg Ruled",4.54,1,0.0,2.0429999999999997
892,893,CA-2020-133256,2020-06-26,2020-06-27,First Class,TH-21550,Tracy Hopkins,Home Office,United States,Detroit,Michigan,48227.0,Central,OFF-AR-10003158,Office Supplies,Art,Fluorescent Highlighters by Dixon,15.92,4,0.0,5.412799999999999
893,894,CA-2020-133256,2020-06-26,2020-06-27,First Class,TH-21550,Tracy Hopkins,Home Office,United States,Detroit,Michigan,48227.0,Central,TEC-PH-10002660,Technology,Phones,Nortel Networks T7316 E Nt8 B27,543.92,8,0.0,135.98000000000002
894,895,CA-2019-105494,2019-11-10,2019-11-12,First Class,PC-18745,Pamela Coakley,Corporate,United States,San Francisco,California,94122.0,West,OFF-ST-10002205,Office Supplies,Storage,File Shuttle I and Handi-File,155.82000000000002,7,0.0,42.07140000000001
895,896,CA-2019-105494,2019-11-10,2019-11-12,First Class,PC-18745,Pamela Coakley,Corporate,United States,San Francisco,California,94122.0,West,OFF-BI-10003364,Office Supplies,Binders,Binding Machine Supplies,70.00800000000001,3,0.2,24.5028
896,897,CA-2019-140634,2019-10-03,2019-10-06,Second Class,HL-15040,Hunter Lopez,Consumer,United States,Houston,Texas,77095.0,Central,OFF-EN-10001099,Office Supplies,Envelopes,Staple envelope,15.648,2,0.2,5.085599999999999
897,898,CA-2017-144407,2017-09-09,2017-09-15,Standard Class,MS-17365,Maribeth Schnelling,Consumer,United States,Detroit,Michigan,48227.0,Central,OFF-LA-10003923,Office Supplies,Labels,Alphabetical Labels for Top Tab Filing,103.60000000000001,7,0.0,51.800000000000004
898,899,CA-2020-160983,2020-10-29,2020-10-31,Second Class,GB-14530,George Bell,Corporate,United States,Auburn,New York,13021.0,East,OFF-PA-10002250,Office Supplies,Paper,Things To Do Today Pad,46.96,8,0.0,22.5408
899,900,US-2019-114622,2019-04-10,2019-04-12,First Class,JR-16210,Justin Ritter,Corporate,United States,Springfield,Ohio,45503.0,East,OFF-BI-10004716,Office Supplies,Binders,Wilson Jones Hanging Recycled Pressboard Data Binders,8.904000000000002,2,0.7,-6.5296
900,901,CA-2020-150959,2020-11-11,2020-11-13,First Class,TD-20995,Tamara Dahlen,Consumer,United States,Garland,Texas,75043.0,Central,OFF-LA-10001045,Office Supplies,Labels,Permanent Self-Adhesive File Folder Labels for Typewriters by Universal,10.440000000000001,5,0.2,3.392999999999999
901,902,CA-2020-150959,2020-11-11,2020-11-13,First Class,TD-20995,Tamara Dahlen,Consumer,United States,Garland,Texas,75043.0,Central,OFF-BI-10001510,Office Supplies,Binders,Deluxe Heavy-Duty Vinyl Round Ring Binder,18.336,4,0.8,-32.08800000000001
902,903,CA-2020-132353,2020-09-15,2020-09-17,First Class,DB-13060,Dave Brooks,Consumer,United States,Chicago,Illinois,60653.0,Central,TEC-PH-10004536,Technology,Phones,Avaya 5420 Digital phone,323.97600000000006,3,0.2,20.248499999999993
903,904,CA-2019-130477,2019-04-08,2019-04-12,Standard Class,LC-17140,Logan Currie,Consumer,United States,Los Angeles,California,90032.0,West,OFF-PA-10002947,Office Supplies,Paper,Xerox 1923,20.04,3,0.0,9.6192
904,905,CA-2019-130477,2019-04-08,2019-04-12,Standard Class,LC-17140,Logan Currie,Consumer,United States,Los Angeles,California,90032.0,West,OFF-ST-10002583,Office Supplies,Storage,Fellowes Neat Ideas Storage Cubes,64.96,2,0.0,2.598399999999998
905,906,CA-2019-130477,2019-04-08,2019-04-12,Standard Class,LC-17140,Logan Currie,Consumer,United States,Los Angeles,California,90032.0,West,OFF-PA-10000019,Office Supplies,Paper,Xerox 1931,12.96,2,0.0,6.2208000000000006
906,907,CA-2020-143259,2020-12-30,2021-01-03,Standard Class,PO-18865,Patrick O'Donnell,Consumer,United States,New York City,New York,10009.0,East,FUR-BO-10003441,Furniture,Bookcases,"Bush Westfield Collection Bookcases, Fully Assembled",323.136,4,0.2,12.117599999999968
907,908,CA-2020-143259,2020-12-30,2021-01-03,Standard Class,PO-18865,Patrick O'Donnell,Consumer,United States,New York City,New York,10009.0,East,TEC-PH-10004774,Technology,Phones,Gear Head AU3700S Headset,90.93,7,0.0,2.7278999999999964
908,909,CA-2020-143259,2020-12-30,2021-01-03,Standard Class,PO-18865,Patrick O'Donnell,Consumer,United States,New York City,New York,10009.0,East,OFF-BI-10003684,Office Supplies,Binders,Wilson Jones Legal Size Ring Binders,52.775999999999996,3,0.2,19.791
909,910,CA-2020-137596,2020-09-02,2020-09-07,Standard Class,BE-11335,Bill Eplett,Home Office,United States,Jackson,Michigan,49201.0,Central,TEC-PH-10001494,Technology,Phones,Polycom CX600 IP Phone VoIP phone,1199.8,4,0.0,323.946
910,911,CA-2020-137596,2020-09-02,2020-09-07,Standard Class,BE-11335,Bill Eplett,Home Office,United States,Jackson,Michigan,49201.0,Central,TEC-AC-10004666,Technology,Accessories,Maxell iVDR EX 500GB Cartridge,1928.7800000000002,7,0.0,829.3754000000002
911,912,CA-2020-137596,2020-09-02,2020-09-07,Standard Class,BE-11335,Bill Eplett,Home Office,United States,Jackson,Michigan,49201.0,Central,OFF-ST-10003816,Office Supplies,Storage,Fellowes High-Stak Drawer Files,352.38,2,0.0,81.04739999999998
912,913,CA-2018-133627,2018-05-31,2018-06-07,Standard Class,SC-20050,Sample Company A,Home Office,United States,Norwich,Connecticut,6360.0,East,FUR-FU-10001935,Furniture,Furnishings,3M Hangers With Command Adhesive,22.200000000000003,6,0.0,9.102000000000002
913,914,CA-2020-102519,2020-11-27,2020-11-29,First Class,BM-11650,Brian Moss,Corporate,United States,Milwaukee,Wisconsin,53209.0,Central,FUR-FU-10004091,Furniture,Furnishings,"Howard Miller 13"" Diameter Goldtone Round Wall Clock",46.94,1,0.0,19.2454
914,915,CA-2020-102519,2020-11-27,2020-11-29,First Class,BM-11650,Brian Moss,Corporate,United States,Milwaukee,Wisconsin,53209.0,Central,TEC-AC-10001772,Technology,Accessories,Memorex Mini Travel Drive 16 GB USB 2.0 Flash Drive,143.73000000000002,9,0.0,56.05470000000001
915,916,US-2017-141215,2017-06-15,2017-06-21,Standard Class,KL-16555,Kelly Lampkin,Corporate,United States,San Antonio,Texas,78207.0,Central,FUR-TA-10001520,Furniture,Tables,"Lesro Sheffield Collection Coffee Table, End Table, Center Table, Corner Table",99.918,2,0.3,-18.55620000000002
916,917,US-2017-141215,2017-06-15,2017-06-21,Standard Class,KL-16555,Kelly Lampkin,Corporate,United States,San Antonio,Texas,78207.0,Central,FUR-CH-10003379,Furniture,Chairs,Global Commerce Series High-Back Swivel/Tilt Chairs,797.944,4,0.3,-56.99599999999998
917,918,US-2017-141215,2017-06-15,2017-06-21,Standard Class,KL-16555,Kelly Lampkin,Corporate,United States,San Antonio,Texas,78207.0,Central,OFF-BI-10002706,Office Supplies,Binders,Avery Premier Heavy-Duty Binder with Round Locking Rings,8.567999999999998,3,0.8,-14.5656
918,919,CA-2019-165218,2019-03-05,2019-03-11,Standard Class,RW-19630,Rob Williams,Corporate,United States,Dallas,Texas,75220.0,Central,OFF-EN-10000056,Office Supplies,Envelopes,Cameo Buff Policy Envelopes,149.352,3,0.2,50.40629999999998
919,920,CA-2019-165218,2019-03-05,2019-03-11,Standard Class,RW-19630,Rob Williams,Corporate,United States,Dallas,Texas,75220.0,Central,OFF-ST-10001558,Office Supplies,Storage,Acco Perma 4000 Stacking Storage Drawers,12.991999999999999,1,0.2,-0.8119999999999998
920,921,CA-2017-138296,2017-12-05,2017-12-12,Standard Class,RC-19825,Roy Collins,Consumer,United States,Alexandria,Virginia,22304.0,South,OFF-ST-10002444,Office Supplies,Storage,Recycled Eldon Regeneration Jumbo File,24.56,2,0.0,6.876799999999999
921,922,CA-2018-111164,2018-04-11,2018-04-15,Standard Class,SE-20110,Sanjit Engle,Consumer,United States,New York City,New York,10009.0,East,TEC-AC-10002473,Technology,Accessories,Maxell 4.7GB DVD-R,85.14,3,0.0,34.907399999999996
922,923,CA-2018-111164,2018-04-11,2018-04-15,Standard Class,SE-20110,Sanjit Engle,Consumer,United States,New York City,New York,10009.0,East,TEC-PH-10004531,Technology,Phones,OtterBox Commuter Series Case - iPhone 5 & 5s,21.99,1,0.0,10.5552
923,924,CA-2018-111164,2018-04-11,2018-04-15,Standard Class,SE-20110,Sanjit Engle,Consumer,United States,New York City,New York,10009.0,East,OFF-AP-10004487,Office Supplies,Appliances,Kensington 4 Outlet MasterPiece Compact Power Control Center,406.59999999999997,5,0.0,113.84799999999998
924,925,CA-2019-149797,2019-09-15,2019-09-20,Standard Class,AH-10075,Adam Hart,Corporate,United States,New York City,New York,10011.0,East,OFF-BI-10003650,Office Supplies,Binders,GBC DocuBind 300 Electric Binding Machine,841.5680000000001,2,0.2,294.5487999999999
925,926,CA-2017-132962,2017-09-13,2017-09-16,First Class,JM-15535,Jessica Myrick,Consumer,United States,Philadelphia,Pennsylvania,19143.0,East,OFF-PA-10003543,Office Supplies,Paper,Xerox 1985,15.552000000000003,3,0.2,5.4432
926,927,CA-2017-132962,2017-09-13,2017-09-16,First Class,JM-15535,Jessica Myrick,Consumer,United States,Philadelphia,Pennsylvania,19143.0,East,TEC-AC-10004353,Technology,Accessories,Hypercom P1300 Pinpad,252.00000000000003,5,0.2,53.550000000000004
927,928,CA-2018-115091,2018-10-05,2018-10-09,Standard Class,JJ-15760,Joel Jenkins,Home Office,United States,Springfield,Virginia,22153.0,South,OFF-AR-10000658,Office Supplies,Art,Newell 324,46.2,4,0.0,12.936
928,929,CA-2018-115091,2018-10-05,2018-10-09,Standard Class,JJ-15760,Joel Jenkins,Home Office,United States,Springfield,Virginia,22153.0,South,OFF-AP-10000696,Office Supplies,Appliances,Holmes Odor Grabber,28.84,2,0.0,9.517199999999999
929,930,CA-2020-144932,2020-04-14,2020-04-17,First Class,AB-10165,Alan Barnes,Consumer,United States,Toledo,Ohio,43615.0,East,OFF-AR-10003560,Office Supplies,Art,Zebra Zazzle Fluorescent Highlighters,14.592000000000002,3,0.2,2.5535999999999985
930,931,CA-2020-144932,2020-04-14,2020-04-17,First Class,AB-10165,Alan Barnes,Consumer,United States,Toledo,Ohio,43615.0,East,OFF-AR-10001468,Office Supplies,Art,"Sanford Prismacolor Professional Thick Lead Art Pencils, 36-Color Set",89.856,3,0.2,21.3408
931,932,CA-2020-144932,2020-04-14,2020-04-17,First Class,AB-10165,Alan Barnes,Consumer,United States,Toledo,Ohio,43615.0,East,OFF-PA-10004971,Office Supplies,Paper,Xerox 196,13.872000000000002,3,0.2,5.028600000000001
932,933,CA-2020-114216,2020-09-02,2020-09-06,Standard Class,RK-19300,Ralph Kennedy,Consumer,United States,Philadelphia,Pennsylvania,19140.0,East,OFF-PA-10002195,Office Supplies,Paper,"RSVP Cards & Envelopes, Blank White, 8-1/2"" X 11"", 24 Cards/25 Envelopes/Set",12.192,3,0.2,4.1148
933,934,CA-2019-140081,2019-06-20,2019-06-24,Standard Class,CG-12040,Catherine Glotzbach,Home Office,United States,Philadelphia,Pennsylvania,19120.0,East,OFF-PA-10001745,Office Supplies,Paper,"Wirebound Message Books, 2 7/8"" x 5"", 3 Forms per Page",45.056000000000004,8,0.2,15.206399999999997
934,935,CA-2019-140081,2019-06-20,2019-06-24,Standard Class,CG-12040,Catherine Glotzbach,Home Office,United States,Philadelphia,Pennsylvania,19120.0,East,OFF-BI-10004826,Office Supplies,Binders,JM Magazine Binder,29.718000000000007,6,0.7,-21.79319999999999
935,936,CA-2019-140081,2019-06-20,2019-06-24,Standard Class,CG-12040,Catherine Glotzbach,Home Office,United States,Philadelphia,Pennsylvania,19120.0,East,OFF-PA-10001870,Office Supplies,Paper,Xerox 202,15.552000000000003,3,0.2,5.4432
936,937,CA-2019-140081,2019-06-20,2019-06-24,Standard Class,CG-12040,Catherine Glotzbach,Home Office,United States,Philadelphia,Pennsylvania,19120.0,East,OFF-AP-10001058,Office Supplies,Appliances,Sanyo 2.5 Cubic Foot Mid-Size Office Refrigerators,447.696,2,0.2,33.577199999999976
937,938,US-2020-111745,2020-11-05,2020-11-06,First Class,RA-19885,Ruben Ausman,Corporate,United States,Farmington,New Mexico,87401.0,West,TEC-AC-10003911,Technology,Accessories,NETGEAR AC1750 Dual Band Gigabit Smart WiFi Router,159.99,1,0.0,54.39659999999999
938,939,CA-2018-148250,2018-12-13,2018-12-17,Standard Class,RP-19270,Rachel Payne,Corporate,United States,Riverside,California,92503.0,West,OFF-PA-10000289,Office Supplies,Paper,Xerox 213,12.96,2,0.0,6.2208000000000006
939,940,CA-2018-148250,2018-12-13,2018-12-17,Standard Class,RP-19270,Rachel Payne,Corporate,United States,Riverside,California,92503.0,West,OFF-AP-10003040,Office Supplies,Appliances,Fellowes 8 Outlet Superior Workstation Surge Protector w/o Phone/Fax/Modem Protection,134.48,4,0.0,34.9648
940,941,CA-2019-105760,2019-06-19,2019-06-20,First Class,KC-16255,Karen Carlisle,Corporate,United States,San Francisco,California,94110.0,West,OFF-PA-10000350,Office Supplies,Paper,"Message Book, Standard Line ""While You Were Out"", 5 1/2"" X 4"", 200 Sets/Book",17.12,2,0.0,8.0464
941,942,CA-2019-142958,2019-12-13,2019-12-20,Standard Class,RW-19630,Rob Williams,Corporate,United States,Torrance,California,90503.0,West,OFF-BI-10001759,Office Supplies,Binders,"Acco Pressboard Covers with Storage Hooks, 14 7/8"" x 11"", Dark Blue",6.096,2,0.2,2.2098
942,943,CA-2019-142958,2019-12-13,2019-12-20,Standard Class,RW-19630,Rob Williams,Corporate,United States,Torrance,California,90503.0,West,FUR-TA-10000577,Furniture,Tables,Bretford CR4500 Series Slim Rectangular Table,1114.272,4,0.2,41.78520000000003
943,944,CA-2018-120880,2018-05-29,2018-06-03,Standard Class,JL-15850,John Lucas,Consumer,United States,Seattle,Washington,98105.0,West,OFF-PA-10004101,Office Supplies,Paper,Xerox 1894,32.400000000000006,5,0.0,15.552000000000001
944,945,CA-2018-120880,2018-05-29,2018-06-03,Standard Class,JL-15850,John Lucas,Consumer,United States,Seattle,Washington,98105.0,West,OFF-ST-10001496,Office Supplies,Storage,Standard Rollaway File with Lock,540.5699999999999,3,0.0,140.5482
945,946,CA-2018-120880,2018-05-29,2018-06-03,Standard Class,JL-15850,John Lucas,Consumer,United States,Seattle,Washington,98105.0,West,OFF-BI-10002931,Office Supplies,Binders,"Avery Trapezoid Extra Heavy Duty 4"" Binders",167.76,5,0.2,62.91
946,947,US-2018-140200,2018-07-26,2018-07-28,First Class,CA-12775,Cynthia Arntzen,Consumer,United States,Mesa,Arizona,85204.0,West,FUR-TA-10002356,Furniture,Tables,Bevis Boat-Shaped Conference Table,393.165,3,0.5,-204.44580000000005
947,948,US-2020-110576,2020-11-28,2020-12-02,Standard Class,RB-19795,Ross Baird,Home Office,United States,Philadelphia,Pennsylvania,19120.0,East,FUR-FU-10003601,Furniture,Furnishings,"Deflect-o RollaMat Studded, Beveled Mat for Medium Pile Carpeting",516.488,7,0.2,-12.912200000000027
948,949,US-2020-110576,2020-11-28,2020-12-02,Standard Class,RB-19795,Ross Baird,Home Office,United States,Philadelphia,Pennsylvania,19120.0,East,FUR-FU-10000576,Furniture,Furnishings,Luxo Professional Fluorescent Magnifier Lamp with Clamp-Mount Base,1007.2320000000001,6,0.2,75.54240000000001
949,950,US-2020-110576,2020-11-28,2020-12-02,Standard Class,RB-19795,Ross Baird,Home Office,United States,Philadelphia,Pennsylvania,19120.0,East,FUR-TA-10004154,Furniture,Tables,"Riverside Furniture Oval Coffee Table, Oval End Table, End Table with Drawer",2065.32,12,0.4,-619.5960000000001
950,951,US-2020-110576,2020-11-28,2020-12-02,Standard Class,RB-19795,Ross Baird,Home Office,United States,Philadelphia,Pennsylvania,19120.0,East,OFF-PA-10000788,Office Supplies,Paper,Xerox 210,15.552000000000003,3,0.2,5.4432
951,952,US-2020-110576,2020-11-28,2020-12-02,Standard Class,RB-19795,Ross Baird,Home Office,United States,Philadelphia,Pennsylvania,19120.0,East,OFF-PA-10002479,Office Supplies,Paper,Xerox 4200 Series MultiUse Premium Copy Paper (20Lb. and 84 Bright),25.344,6,0.2,7.92
952,953,CA-2020-131156,2020-04-03,2020-04-07,Standard Class,KH-16360,Katherine Hughes,Consumer,United States,Philadelphia,Pennsylvania,19143.0,East,FUR-FU-10001940,Furniture,Furnishings,Staple-based wall hangings,25.472,4,0.2,7.641600000000002
953,954,CA-2020-136539,2020-12-28,2021-01-01,Standard Class,GH-14665,Greg Hansen,Consumer,United States,Round Rock,Texas,78664.0,Central,OFF-AR-10001958,Office Supplies,Art,Stanley Bostitch Contemporary Electric Pencil Sharpeners,27.168000000000003,2,0.2,2.7168
954,955,CA-2020-136539,2020-12-28,2021-01-01,Standard Class,GH-14665,Greg Hansen,Consumer,United States,Round Rock,Texas,78664.0,Central,FUR-BO-10004709,Furniture,Bookcases,"Bush Westfield Collection Bookcases, Medium Cherry Finish",78.85279999999999,2,0.32,-11.595999999999997
955,956,CA-2020-119305,2020-11-30,2020-12-04,Standard Class,SW-20275,Scott Williamson,Consumer,United States,Jackson,Mississippi,39212.0,South,OFF-ST-10000604,Office Supplies,Storage,Home/Office Personal File Carts,173.79999999999998,5,0.0,43.44999999999999
956,957,CA-2020-102414,2020-05-15,2020-05-18,Second Class,JA-15970,Joseph Airdo,Consumer,United States,Phoenix,Arizona,85023.0,West,TEC-PH-10002923,Technology,Phones,"Logitech B530 USB Headset - headset - Full size, Binaural",29.592000000000002,1,0.2,2.5893000000000006
957,958,CA-2020-102414,2020-05-15,2020-05-18,Second Class,JA-15970,Joseph Airdo,Consumer,United States,Phoenix,Arizona,85023.0,West,OFF-BI-10004465,Office Supplies,Binders,Avery Durable Slant Ring Binders,4.752000000000001,2,0.7,-3.1679999999999993
958,959,CA-2020-102414,2020-05-15,2020-05-18,Second Class,JA-15970,Joseph Airdo,Consumer,United States,Phoenix,Arizona,85023.0,West,OFF-PA-10002333,Office Supplies,Paper,"Universal Ultra Bright White Copier/Laser Paper, 8 1/2"" x 11"", Ream",15.552000000000003,3,0.2,5.6376
959,960,CA-2018-112571,2018-09-22,2018-09-22,Same Day,DL-12925,Daniel Lacy,Consumer,United States,Oceanside,California,92054.0,West,FUR-FU-10004188,Furniture,Furnishings,Luxo Professional Combination Clamp-On Lamps,204.6,2,0.0,53.196
960,961,CA-2020-152142,2020-11-14,2020-11-19,Standard Class,LW-16990,Lindsay Williams,Corporate,United States,San Francisco,California,94110.0,West,FUR-CH-10002965,Furniture,Chairs,"Global Leather Highback Executive Chair with Pneumatic Height Adjustment, Black",321.568,2,0.2,28.137200000000007
961,962,CA-2018-160059,2018-11-27,2018-12-01,Standard Class,TB-21190,Thomas Brumley,Home Office,United States,Fayetteville,Arkansas,72701.0,South,OFF-BI-10000145,Office Supplies,Binders,Zipper Ring Binder Pockets,6.24,2,0.0,3.0576
962,963,CA-2019-120859,2019-09-01,2019-09-04,First Class,CV-12805,Cynthia Voltz,Corporate,United States,San Francisco,California,94110.0,West,OFF-EN-10001335,Office Supplies,Envelopes,"White Business Envelopes with Contemporary Seam, Recycled White Business Envelopes",21.88,2,0.0,10.94
963,964,CA-2017-127488,2017-09-22,2017-09-24,Second Class,MS-17365,Maribeth Schnelling,Consumer,United States,Boca Raton,Florida,33433.0,South,OFF-LA-10001613,Office Supplies,Labels,Avery File Folder Labels,4.608,2,0.2,1.6704
964,965,CA-2020-135279,2020-04-09,2020-04-11,First Class,BS-11800,Bryan Spruell,Home Office,United States,New York City,New York,10011.0,East,OFF-LA-10004055,Office Supplies,Labels,Color-Coded Legal Exhibit Labels,9.82,2,0.0,4.8118
965,966,CA-2020-135279,2020-04-09,2020-04-11,First Class,BS-11800,Bryan Spruell,Home Office,United States,New York City,New York,10011.0,East,OFF-AR-10004344,Office Supplies,Art,Bulldog Vacuum Base Pencil Sharpener,35.97,3,0.0,9.711899999999998
966,967,CA-2020-135279,2020-04-09,2020-04-11,First Class,BS-11800,Bryan Spruell,Home Office,United States,New York City,New York,10011.0,East,OFF-PA-10004621,Office Supplies,Paper,Xerox 212,12.96,2,0.0,6.2208000000000006
967,968,CA-2020-135279,2020-04-09,2020-04-11,First Class,BS-11800,Bryan Spruell,Home Office,United States,New York City,New York,10011.0,East,OFF-PA-10001281,Office Supplies,Paper,Computer Printout Paper with Letter-Trim Fine Perforations,191.6,4,0.0,91.96799999999999
968,969,CA-2020-135279,2020-04-09,2020-04-11,First Class,BS-11800,Bryan Spruell,Home Office,United States,New York City,New York,10011.0,East,OFF-LA-10001613,Office Supplies,Labels,Avery File Folder Labels,8.64,3,0.0,4.2336
969,970,CA-2020-135279,2020-04-09,2020-04-11,First Class,BS-11800,Bryan Spruell,Home Office,United States,New York City,New York,10011.0,East,OFF-ST-10001097,Office Supplies,Storage,Office Impressions Heavy Duty Welded Shelving & Multimedia Storage Drawers,501.81000000000006,3,0.0,0.0
970,971,CA-2017-115791,2017-01-16,2017-01-18,Second Class,DL-13315,Delfina Latchford,Consumer,United States,Philadelphia,Pennsylvania,19134.0,East,FUR-FU-10001095,Furniture,Furnishings,DAX Black Cherry Wood-Tone Poster Frame,127.10400000000001,6,0.2,28.598399999999998
971,972,CA-2017-115791,2017-01-16,2017-01-18,Second Class,DL-13315,Delfina Latchford,Consumer,United States,Philadelphia,Pennsylvania,19134.0,East,TEC-PH-10004614,Technology,Phones,AT&T 841000 Phone,124.19999999999999,3,0.4,-31.05000000000001
972,973,CA-2017-115791,2017-01-16,2017-01-18,Second Class,DL-13315,Delfina Latchford,Consumer,United States,Philadelphia,Pennsylvania,19134.0,East,OFF-BI-10001575,Office Supplies,Binders,GBC Linen Binding Covers,18.588000000000005,2,0.7,-13.6312
973,974,CA-2017-115791,2017-01-16,2017-01-18,Second Class,DL-13315,Delfina Latchford,Consumer,United States,Philadelphia,Pennsylvania,19134.0,East,OFF-LA-10001074,Office Supplies,Labels,Round Specialty Laser Printer Labels,30.072000000000003,3,0.2,10.149299999999997
974,975,US-2020-103247,2020-10-05,2020-10-08,Second Class,PO-19195,Phillina Ober,Home Office,United States,New York City,New York,10011.0,East,TEC-PH-10003555,Technology,Phones,Motorola HK250 Universal Bluetooth Headset,160.92999999999998,7,0.0,3.2186000000000092
975,976,US-2020-103247,2020-10-05,2020-10-08,Second Class,PO-19195,Phillina Ober,Home Office,United States,New York City,New York,10011.0,East,OFF-BI-10004492,Office Supplies,Binders,Tuf-Vin Binders,75.792,3,0.2,25.57979999999999
976,977,US-2020-100209,2020-07-09,2020-07-15,Standard Class,TD-20995,Tamara Dahlen,Consumer,United States,Portland,Oregon,97206.0,West,OFF-BI-10002012,Office Supplies,Binders,Wilson Jones Easy Flow II Sheet Lifters,1.0800000000000003,2,0.7,-0.792
977,978,CA-2020-159366,2020-01-07,2020-01-10,First Class,BW-11110,Bart Watters,Corporate,United States,Detroit,Michigan,48205.0,Central,TEC-MA-10000822,Technology,Machines,Lexmark MX611dhe Monochrome Laser Printer,3059.982,2,0.1,679.9959999999996
978,979,CA-2019-145499,2019-05-30,2019-05-31,First Class,RW-19690,Robert Waldorf,Consumer,United States,Wilmington,North Carolina,28403.0,South,OFF-BI-10000848,Office Supplies,Binders,Angle-D Ring Binders,3.2820000000000005,2,0.7,-2.6256000000000004
979,980,CA-2018-157035,2018-12-09,2018-12-12,First Class,KB-16600,Ken Brennan,Corporate,United States,Columbus,Indiana,47201.0,Central,OFF-PA-10004156,Office Supplies,Paper,Xerox 188,34.019999999999996,3,0.0,16.6698
980,981,CA-2019-144939,2019-10-03,2019-10-08,Standard Class,EB-13870,Emily Burns,Consumer,United States,New York City,New York,10035.0,East,FUR-CH-10003199,Furniture,Chairs,Office Star - Contemporary Task Swivel Chair,599.292,6,0.1,93.22319999999998
981,982,CA-2017-163419,2017-11-11,2017-11-14,Second Class,TZ-21580,Tracy Zic,Consumer,United States,Louisville,Colorado,80027.0,West,OFF-AR-10000034,Office Supplies,Art,"BIC Brite Liner Grip Highlighters, Assorted, 5/Pack",3.3920000000000003,1,0.2,0.8055999999999999
982,983,CA-2017-163419,2017-11-11,2017-11-14,Second Class,TZ-21580,Tracy Zic,Consumer,United States,Louisville,Colorado,80027.0,West,TEC-PH-10000560,Technology,Phones,Samsung Galaxy S III - 16GB - pebble blue (T-Mobile),559.984,2,0.2,55.99840000000003
983,984,CA-2017-163419,2017-11-11,2017-11-14,Second Class,TZ-21580,Tracy Zic,Consumer,United States,Louisville,Colorado,80027.0,West,FUR-CH-10000665,Furniture,Chairs,"Global Airflow Leather Mesh Back Chair, Black",603.92,5,0.2,75.48999999999992
984,985,CA-2020-100314,2020-09-29,2020-10-05,Standard Class,AS-10630,Ann Steele,Home Office,United States,Pasadena,Texas,77506.0,Central,OFF-LA-10001569,Office Supplies,Labels,Avery 499,7.968000000000001,2,0.2,2.5896
985,986,CA-2020-100314,2020-09-29,2020-10-05,Standard Class,AS-10630,Ann Steele,Home Office,United States,Pasadena,Texas,77506.0,Central,OFF-EN-10000461,Office Supplies,Envelopes,"#10- 4 1/8"" x 9 1/2"" Recycled Envelopes",27.968000000000004,4,0.2,9.4392
986,987,CA-2020-100314,2020-09-29,2020-10-05,Standard Class,AS-10630,Ann Steele,Home Office,United States,Pasadena,Texas,77506.0,Central,TEC-MA-10003066,Technology,Machines,Wasp CCD Handheld Bar Code Reader,336.51,3,0.4,44.86799999999997
987,988,CA-2018-146829,2018-03-10,2018-03-10,Same Day,TS-21340,Toby Swindell,Consumer,United States,Houston,Texas,77041.0,Central,OFF-BI-10004022,Office Supplies,Binders,Acco Suede Grain Vinyl Round Ring Binder,1.1119999999999997,2,0.8,-1.8904
988,989,CA-2020-167899,2020-05-21,2020-05-26,Standard Class,JG-15805,John Grady,Corporate,United States,Auburn,New York,13021.0,East,FUR-FU-10004071,Furniture,Furnishings,Luxo Professional Magnifying Clamp-On Fluorescent Lamps,520.0500000000001,5,0.0,72.80700000000003
989,990,CA-2020-167899,2020-05-21,2020-05-26,Standard Class,JG-15805,John Grady,Corporate,United States,Auburn,New York,13021.0,East,OFF-AR-10001988,Office Supplies,Art,Bulldog Table or Wall-Mount Pencil Sharpener,17.97,3,0.0,5.2113
990,991,CA-2018-153549,2018-03-29,2018-03-31,Second Class,SL-20155,Sara Luxemburg,Home Office,United States,Jacksonville,Florida,32216.0,South,FUR-CH-10004086,Furniture,Chairs,Hon 4070 Series Pagoda Armless Upholstered Stacking Chairs,1166.92,5,0.2,131.27849999999995
991,992,CA-2019-110023,2019-09-09,2019-09-11,First Class,TS-21610,Troy Staebel,Consumer,United States,New York City,New York,10024.0,East,OFF-BI-10001036,Office Supplies,Binders,Cardinal EasyOpen D-Ring Binders,14.624000000000002,2,0.2,5.484
992,993,CA-2019-105585,2019-08-26,2019-08-27,First Class,RF-19735,Roland Fjeld,Consumer,United States,San Jose,California,95123.0,West,OFF-FA-10002983,Office Supplies,Fasteners,Advantus SlideClip Paper Clips,10.23,3,0.0,4.9104
993,994,CA-2019-105585,2019-08-26,2019-08-27,First Class,RF-19735,Roland Fjeld,Consumer,United States,San Jose,California,95123.0,West,OFF-PA-10003625,Office Supplies,Paper,Xerox 1979,154.9,5,0.0,69.705
994,995,CA-2017-117639,2017-05-21,2017-05-25,Standard Class,MW-18235,Mitch Willingham,Corporate,United States,Virginia Beach,Virginia,23464.0,South,OFF-BI-10003925,Office Supplies,Binders,Fellowes PB300 Plastic Comb Binding Machine,2715.9300000000003,7,0.0,1276.4871
995,996,CA-2017-117639,2017-05-21,2017-05-25,Standard Class,MW-18235,Mitch Willingham,Corporate,United States,Virginia Beach,Virginia,23464.0,South,TEC-PH-10001530,Technology,Phones,Plantronics Voyager Pro Legend,617.97,3,0.0,173.0316
996,997,CA-2018-162537,2018-10-28,2018-11-03,Standard Class,RD-19585,Rob Dowd,Consumer,United States,Henderson,Kentucky,42420.0,South,OFF-EN-10003862,Office Supplies,Envelopes,Laser & Ink Jet Business Envelopes,10.67,1,0.0,4.9082
997,998,CA-2018-162537,2018-10-28,2018-11-03,Standard Class,RD-19585,Rob Dowd,Consumer,United States,Henderson,Kentucky,42420.0,South,OFF-ST-10004258,Office Supplies,Storage,Portable Personal File Box,36.63,3,0.0,9.890100000000004
998,999,CA-2018-162537,2018-10-28,2018-11-03,Standard Class,RD-19585,Rob Dowd,Consumer,United States,Henderson,Kentucky,42420.0,South,FUR-FU-10002885,Furniture,Furnishings,Magna Visual Magnetic Picture Hangers,24.1,5,0.0,9.158000000000001
999,1000,CA-2018-162537,2018-10-28,2018-11-03,Standard Class,RD-19585,Rob Dowd,Consumer,United States,Henderson,Kentucky,42420.0,South,FUR-FU-10001918,Furniture,Furnishings,C-Line Cubicle Keepers Polyproplyene Holder With Velcro Backings,33.11,7,0.0,12.912900000000004
1000,1001,CA-2019-155488,2019-11-13,2019-11-17,Standard Class,FM-14290,Frank Merwin,Home Office,United States,Vancouver,Washington,98661.0,West,OFF-AR-10002956,Office Supplies,Art,Boston 16801 Nautilus Battery Pencil Sharpener,44.02,2,0.0,11.4452
1001,1002,CA-2018-124891,2018-07-31,2018-07-31,Same Day,RH-19495,Rick Hansen,Consumer,United States,New York City,New York,10024.0,East,TEC-AC-10003033,Technology,Accessories,Plantronics CS510 - Over-the-Head monaural Wireless Headset System,2309.65,7,0.0,762.1844999999998
1002,1003,CA-2018-124891,2018-07-31,2018-07-31,Same Day,RH-19495,Rick Hansen,Consumer,United States,New York City,New York,10024.0,East,FUR-TA-10002903,Furniture,Tables,"Bevis Round Bullnose 29"" High Table Top",1090.782,7,0.4,-290.8752
1003,1004,CA-2018-124891,2018-07-31,2018-07-31,Same Day,RH-19495,Rick Hansen,Consumer,United States,New York City,New York,10024.0,East,OFF-PA-10004621,Office Supplies,Paper,Xerox 212,19.44,3,0.0,9.3312
1004,1005,CA-2018-126445,2018-08-27,2018-08-31,Standard Class,RA-19945,Ryan Akin,Consumer,United States,Murrieta,California,92563.0,West,OFF-ST-10000046,Office Supplies,Storage,Fellowes Super Stor/Drawer Files,484.65000000000003,3,0.0,92.08350000000002
1005,1006,CA-2018-111199,2018-11-13,2018-11-17,Standard Class,JK-15730,Joe Kamberova,Consumer,United States,Jacksonville,North Carolina,28540.0,South,OFF-PA-10001790,Office Supplies,Paper,Xerox 1910,115.296,3,0.2,40.353599999999986
1006,1007,CA-2018-105312,2018-11-06,2018-11-09,First Class,MT-17815,Meg Tillman,Consumer,United States,Scottsdale,Arizona,85254.0,West,OFF-EN-10002600,Office Supplies,Envelopes,"Redi-Strip #10 Envelopes, 4 1/8 x 9 1/2",7.080000000000001,3,0.2,2.477999999999999
1007,1008,CA-2018-105312,2018-11-06,2018-11-09,First Class,MT-17815,Meg Tillman,Consumer,United States,Scottsdale,Arizona,85254.0,West,OFF-BI-10002049,Office Supplies,Binders,UniKeep View Case Binders,4.401,3,0.7,-3.5207999999999995
1008,1009,US-2020-106705,2020-12-26,2021-01-01,Standard Class,PO-18850,Patrick O'Brill,Consumer,United States,Burlington,Iowa,52601.0,Central,OFF-PA-10001509,Office Supplies,Paper,"Recycled Desk Saver Line ""While You Were Out"" Book, 5 1/2"" X 4""",44.75,5,0.0,20.584999999999994
1009,1010,CA-2020-135034,2020-08-01,2020-08-03,First Class,AT-10735,Annie Thurman,Consumer,United States,Chicago,Illinois,60653.0,Central,TEC-PH-10003931,Technology,Phones,JBL Micro Wireless Portable Bluetooth Speaker,95.98400000000001,2,0.2,5.999000000000002
1010,1011,CA-2017-158540,2017-11-24,2017-11-26,First Class,VG-21790,Vivek Gonzalez,Consumer,United States,San Diego,California,92037.0,West,FUR-FU-10001602,Furniture,Furnishings,"Eldon Delta Triangular Chair Mat, 52"" x 58"", Clear",151.72,4,0.0,27.30959999999999
1011,1012,CA-2020-118437,2020-06-17,2020-06-21,Second Class,PF-19165,Philip Fox,Consumer,United States,Olympia,Washington,98502.0,West,FUR-FU-10004848,Furniture,Furnishings,"Howard Miller 13-3/4"" Diameter Brushed Chrome Round Wall Clock",155.25,3,0.0,46.574999999999996
1012,1013,CA-2020-118437,2020-06-17,2020-06-21,Second Class,PF-19165,Philip Fox,Consumer,United States,Olympia,Washington,98502.0,West,OFF-ST-10003722,Office Supplies,Storage,Project Tote Personal File,14.03,1,0.0,4.068699999999998
1013,1014,US-2018-126214,2018-12-21,2018-12-24,Second Class,JS-15880,John Stevenson,Consumer,United States,Seattle,Washington,98103.0,West,FUR-TA-10003748,Furniture,Tables,Bevis 36 x 72 Conference Tables,1618.37,13,0.0,356.04139999999995
1014,1015,US-2018-126214,2018-12-21,2018-12-24,Second Class,JS-15880,John Stevenson,Consumer,United States,Seattle,Washington,98103.0,West,TEC-AC-10003198,Technology,Accessories,Enermax Acrylux Wireless Keyboard,99.6,1,0.0,36.852
1015,1016,CA-2018-133025,2018-09-17,2018-09-19,Second Class,MO-17800,Meg O'Connel,Home Office,United States,Los Angeles,California,90036.0,West,OFF-PA-10004100,Office Supplies,Paper,Xerox 216,32.400000000000006,5,0.0,15.552000000000001
1016,1017,CA-2018-108665,2018-07-06,2018-07-10,Standard Class,KM-16225,Kalyca Meade,Corporate,United States,New York City,New York,10011.0,East,FUR-FU-10002191,Furniture,Furnishings,G.E. Halogen Desk Lamp Bulbs,13.96,2,0.0,6.7008
1017,1018,CA-2018-108665,2018-07-06,2018-07-10,Standard Class,KM-16225,Kalyca Meade,Corporate,United States,New York City,New York,10011.0,East,FUR-FU-10000965,Furniture,Furnishings,"Howard Miller 11-1/2"" Diameter Ridgewood Wall Clock",155.82,3,0.0,63.8862
1018,1019,CA-2018-108665,2018-07-06,2018-07-10,Standard Class,KM-16225,Kalyca Meade,Corporate,United States,New York City,New York,10011.0,East,TEC-PH-10004188,Technology,Phones,OtterBox Commuter Series Case - Samsung Galaxy S4,124.94999999999999,5,0.0,2.4990000000000023
1019,1020,CA-2018-108665,2018-07-06,2018-07-10,Standard Class,KM-16225,Kalyca Meade,Corporate,United States,New York City,New York,10011.0,East,OFF-ST-10001526,Office Supplies,Storage,Iceberg Mobile Mega Data/Printer Cart,601.65,5,0.0,156.42899999999997
1020,1021,CA-2018-124450,2018-04-27,2018-05-03,Standard Class,GT-14710,Greg Tran,Consumer,United States,Washington,District of Columbia,20016.0,East,OFF-AR-10001166,Office Supplies,Art,Staples in misc. colors,22.740000000000002,3,0.0,8.8686
1021,1022,CA-2018-124450,2018-04-27,2018-05-03,Standard Class,GT-14710,Greg Tran,Consumer,United States,Washington,District of Columbia,20016.0,East,FUR-CH-10000309,Furniture,Chairs,Global Comet Stacking Arm Chair,1267.53,3,0.0,316.8825
1022,1023,CA-2018-124450,2018-04-27,2018-05-03,Standard Class,GT-14710,Greg Tran,Consumer,United States,Washington,District of Columbia,20016.0,East,TEC-MA-10004212,Technology,Machines,Cisco SPA525G2 5-Line IP Phone,1379.92,8,0.0,648.5624
1023,1024,CA-2018-167269,2018-06-16,2018-06-20,Standard Class,PB-19150,Philip Brown,Consumer,United States,Philadelphia,Pennsylvania,19134.0,East,OFF-EN-10003072,Office Supplies,Envelopes,Peel & Seel Envelopes,6.208,2,0.2,2.1728
1024,1025,CA-2020-106964,2020-12-17,2020-12-20,First Class,HR-14770,Hallie Redmond,Home Office,United States,Los Angeles,California,90045.0,West,OFF-BI-10000320,Office Supplies,Binders,GBC Plastic Binding Combs,11.808,2,0.2,4.2804
1025,1026,CA-2019-126529,2019-01-11,2019-01-13,Second Class,DE-13255,Deanra Eno,Home Office,United States,Springfield,Ohio,45503.0,East,OFF-PA-10001166,Office Supplies,Paper,Xerox 2,15.552000000000003,3,0.2,5.4432
1026,1027,CA-2019-126529,2019-01-11,2019-01-13,Second Class,DE-13255,Deanra Eno,Home Office,United States,Springfield,Ohio,45503.0,East,OFF-PA-10003656,Office Supplies,Paper,Xerox 1935,63.312,3,0.2,20.576399999999996
1027,1028,CA-2019-126529,2019-01-11,2019-01-13,Second Class,DE-13255,Deanra Eno,Home Office,United States,Springfield,Ohio,45503.0,East,TEC-PH-10000148,Technology,Phones,Cyber Acoustics AC-202b Speech Recognition Stereo Headset,15.588,2,0.4,-9.8724
1028,1029,CA-2017-163552,2017-07-11,2017-07-15,Standard Class,LA-16780,Laura Armstrong,Corporate,United States,Hackensack,New Jersey,7601.0,East,OFF-PA-10000474,Office Supplies,Paper,Easy-staple paper,177.2,5,0.0,83.28399999999999
1029,1030,CA-2017-163552,2017-07-11,2017-07-15,Standard Class,LA-16780,Laura Armstrong,Corporate,United States,Hackensack,New Jersey,7601.0,East,TEC-PH-10003885,Technology,Phones,Cisco SPA508G,197.96999999999997,3,0.0,57.41129999999999
1030,1031,CA-2017-163552,2017-07-11,2017-07-15,Standard Class,LA-16780,Laura Armstrong,Corporate,United States,Hackensack,New Jersey,7601.0,East,FUR-CH-10003379,Furniture,Chairs,Global Commerce Series High-Back Swivel/Tilt Chairs,854.94,3,0.0,213.735
1031,1032,CA-2017-163552,2017-07-11,2017-07-15,Standard Class,LA-16780,Laura Armstrong,Corporate,United States,Hackensack,New Jersey,7601.0,East,FUR-FU-10000629,Furniture,Furnishings,9-3/4 Diameter Round Wall Clock,124.10999999999999,9,0.0,52.126200000000004
1032,1033,CA-2017-163552,2017-07-11,2017-07-15,Standard Class,LA-16780,Laura Armstrong,Corporate,United States,Hackensack,New Jersey,7601.0,East,OFF-LA-10001175,Office Supplies,Labels,Avery 514,14.399999999999999,5,0.0,7.056
1033,1034,CA-2019-109820,2019-11-20,2019-11-22,First Class,AG-10390,Allen Goldenen,Consumer,United States,Cincinnati,Ohio,45231.0,East,OFF-PA-10000955,Office Supplies,Paper,Southworth 25% Cotton Granite Paper & Envelopes,15.696000000000002,3,0.2,5.1011999999999995
1034,1035,CA-2019-109820,2019-11-20,2019-11-22,First Class,AG-10390,Allen Goldenen,Consumer,United States,Cincinnati,Ohio,45231.0,East,OFF-BI-10003460,Office Supplies,Binders,Acco 3-Hole Punch,2.628,2,0.7,-1.9272
1035,1036,CA-2019-109820,2019-11-20,2019-11-22,First Class,AG-10390,Allen Goldenen,Consumer,United States,Cincinnati,Ohio,45231.0,East,OFF-BI-10000474,Office Supplies,Binders,Avery Recycled Flexi-View Covers for Binding Systems,14.427000000000003,3,0.7,-10.579799999999999
1036,1037,CA-2019-113061,2019-04-22,2019-04-26,Standard Class,EL-13735,Ed Ludwig,Home Office,United States,Jefferson City,Missouri,65109.0,Central,FUR-FU-10003975,Furniture,Furnishings,Eldon Advantage Chair Mats for Low to Medium Pile Carpets,86.62,2,0.0,8.661999999999992
1037,1038,CA-2018-127418,2018-06-13,2018-06-14,First Class,JJ-15445,Jennifer Jackson,Consumer,United States,Los Angeles,California,90004.0,West,OFF-BI-10003707,Office Supplies,Binders,Aluminum Screw Posts,36.624,3,0.2,13.734
1038,1039,CA-2020-121818,2020-11-20,2020-11-21,First Class,JH-15430,Jennifer Halladay,Consumer,United States,Burlington,North Carolina,27217.0,South,OFF-AR-10000203,Office Supplies,Art,Newell 336,23.968000000000004,7,0.2,2.696399999999997
1039,1040,CA-2020-121818,2020-11-20,2020-11-21,First Class,JH-15430,Jennifer Halladay,Consumer,United States,Burlington,North Carolina,27217.0,South,OFF-AR-10004790,Office Supplies,Art,Staples in misc. colors,28.728,3,0.2,1.7954999999999988
1040,1041,CA-2019-127670,2019-03-20,2019-03-24,Standard Class,RD-19660,Robert Dilbeck,Home Office,United States,Saint Peters,Missouri,63376.0,Central,FUR-TA-10001095,Furniture,Tables,Chromcraft Round Conference Tables,697.16,4,0.0,146.40359999999998
1041,1042,CA-2019-102981,2019-09-06,2019-09-09,Second Class,MO-17500,Mary O'Rourke,Consumer,United States,New York City,New York,10035.0,East,TEC-AC-10004761,Technology,Accessories,Maxell 4.7GB DVD+RW 3/Pack,31.86,2,0.0,11.151
1042,1043,CA-2019-102981,2019-09-06,2019-09-09,Second Class,MO-17500,Mary O'Rourke,Consumer,United States,New York City,New York,10035.0,East,FUR-BO-10001811,Furniture,Bookcases,"Atlantic Metals Mobile 5-Shelf Bookcases, Custom Colors",722.3520000000001,3,0.2,90.29399999999993
1043,1044,CA-2020-115651,2020-07-09,2020-07-12,First Class,NS-18640,Noel Staavos,Corporate,United States,Chicago,Illinois,60610.0,Central,OFF-AR-10001130,Office Supplies,Art,"Quartet Alpha White Chalk, 12/Pack",8.84,5,0.2,2.9835000000000003
1044,1045,CA-2020-115651,2020-07-09,2020-07-12,First Class,NS-18640,Noel Staavos,Corporate,United States,Chicago,Illinois,60610.0,Central,OFF-AP-10000055,Office Supplies,Appliances,Belkin F9S820V06 8 Outlet Surge,58.46399999999998,9,0.8,-146.16000000000003
1045,1046,CA-2020-152702,2020-10-12,2020-10-16,Standard Class,SN-20710,Steve Nguyen,Home Office,United States,Rockford,Illinois,61107.0,Central,FUR-CH-10002304,Furniture,Chairs,"Global Stack Chair without Arms, Black",254.60399999999998,14,0.3,-18.185999999999993
1046,1047,CA-2019-169103,2019-03-08,2019-03-13,Standard Class,ZC-21910,Zuschuss Carroll,Consumer,United States,Miami,Florida,33142.0,South,TEC-PH-10001530,Technology,Phones,Cisco Unified IP Phone 7945G VoIP phone,1363.96,5,0.2,85.2475
1047,1048,CA-2019-169103,2019-03-08,2019-03-13,Standard Class,ZC-21910,Zuschuss Carroll,Consumer,United States,Miami,Florida,33142.0,South,FUR-FU-10004006,Furniture,Furnishings,"Deflect-o DuraMat Lighweight, Studded, Beveled Mat for Low Pile Carpeting",102.35999999999999,3,0.2,-3.8385000000000105
1048,1049,CA-2017-139192,2017-05-27,2017-06-01,Second Class,LC-16885,Lena Creighton,Consumer,United States,San Francisco,California,94109.0,West,TEC-PH-10000486,Technology,Phones,Plantronics HL10 Handset Lifter,1113.504,12,0.2,125.2691999999999
1049,1050,CA-2017-139192,2017-05-27,2017-06-01,Second Class,LC-16885,Lena Creighton,Consumer,United States,San Francisco,California,94109.0,West,TEC-AC-10001606,Technology,Accessories,Logitech Wireless Performance Mouse MX for PC and Mac,99.99,1,0.0,37.9962
1050,1051,US-2018-153500,2018-07-03,2018-07-05,First Class,DG-13300,Deirdre Greer,Corporate,United States,Philadelphia,Pennsylvania,19134.0,East,FUR-FU-10000293,Furniture,Furnishings,Eldon Antistatic Chair Mats for Low to Medium Pile Carpets,168.46400000000003,2,0.2,-29.481200000000022
1051,1052,US-2018-153500,2018-07-03,2018-07-05,First Class,DG-13300,Deirdre Greer,Corporate,United States,Philadelphia,Pennsylvania,19134.0,East,OFF-PA-10001307,Office Supplies,Paper,"Important Message Pads, 50 4-1/4 x 5-1/2 Forms per Pad",6.720000000000001,2,0.2,2.4359999999999995
1052,1053,US-2018-153500,2018-07-03,2018-07-05,First Class,DG-13300,Deirdre Greer,Corporate,United States,Philadelphia,Pennsylvania,19134.0,East,FUR-FU-10004460,Furniture,Furnishings,"Howard Miller 12"" Round Wall Clock",282.88800000000003,9,0.2,56.57759999999996
1053,1054,CA-2018-110667,2018-04-04,2018-04-08,Standard Class,NF-18595,Nicole Fjeld,Home Office,United States,New York City,New York,10009.0,East,OFF-AR-10000716,Office Supplies,Art,DIXON Ticonderoga Erasable Checking Pencils,11.16,2,0.0,4.3524
1054,1055,CA-2018-110667,2018-04-04,2018-04-08,Standard Class,NF-18595,Nicole Fjeld,Home Office,United States,New York City,New York,10009.0,East,FUR-FU-10004622,Furniture,Furnishings,Eldon Advantage Foldable Chair Mats for Low Pile Carpets,108.4,2,0.0,22.763999999999996
1055,1056,CA-2018-110667,2018-04-04,2018-04-08,Standard Class,NF-18595,Nicole Fjeld,Home Office,United States,New York City,New York,10009.0,East,OFF-BI-10002735,Office Supplies,Binders,GBC Prestige Therm-A-Bind Covers,82.34400000000001,3,0.2,27.791100000000004
1056,1057,CA-2018-110667,2018-04-04,2018-04-08,Standard Class,NF-18595,Nicole Fjeld,Home Office,United States,New York City,New York,10009.0,East,OFF-BI-10003529,Office Supplies,Binders,Avery Round Ring Poly Binders,9.088,4,0.2,3.2944
1057,1058,CA-2020-167150,2020-12-10,2020-12-17,Standard Class,BP-11185,Ben Peterman,Corporate,United States,San Diego,California,92037.0,West,OFF-BI-10001097,Office Supplies,Binders,Avery Hole Reinforcements,19.936000000000003,4,0.2,7.2268
1058,1059,CA-2020-167150,2020-12-10,2020-12-17,Standard Class,BP-11185,Ben Peterman,Corporate,United States,San Diego,California,92037.0,West,OFF-BI-10001597,Office Supplies,Binders,"Wilson Jones Ledger-Size, Piano-Hinge Binder, 2"", Blue",65.568,2,0.2,22.948799999999995
1059,1060,CA-2019-105284,2019-11-24,2019-12-01,Standard Class,MG-17650,Matthew Grinstein,Home Office,United States,Philadelphia,Pennsylvania,19143.0,East,OFF-FA-10001754,Office Supplies,Fasteners,Stockwell Gold Paper Clips,4.416,3,0.2,1.6008
1060,1061,US-2018-125374,2018-03-23,2018-03-29,Standard Class,JD-16060,Julia Dunbar,Consumer,United States,Houston,Texas,77095.0,Central,FUR-CH-10003396,Furniture,Chairs,Global Deluxe Steno Chair,107.772,2,0.3,-29.25240000000001
1061,1062,CA-2018-161263,2018-04-16,2018-04-21,Standard Class,TS-21160,Theresa Swint,Corporate,United States,Toledo,Ohio,43615.0,East,OFF-AP-10002350,Office Supplies,Appliances,Belkin F9H710-06 7 Outlet SurgeMaster Surge Protector,45.216,3,0.2,4.521599999999999
1062,1063,CA-2018-161263,2018-04-16,2018-04-21,Standard Class,TS-21160,Theresa Swint,Corporate,United States,Toledo,Ohio,43615.0,East,OFF-FA-10004838,Office Supplies,Fasteners,"Super Bands, 12/Pack",10.416000000000002,7,0.2,-2.2134
1063,1064,CA-2018-161263,2018-04-16,2018-04-21,Standard Class,TS-21160,Theresa Swint,Corporate,United States,Toledo,Ohio,43615.0,East,OFF-AR-10004757,Office Supplies,Art,Crayola Colored Pencils,7.872,3,0.2,1.2791999999999994
1064,1065,CA-2018-161263,2018-04-16,2018-04-21,Standard Class,TS-21160,Theresa Swint,Corporate,United States,Toledo,Ohio,43615.0,East,TEC-PH-10002115,Technology,Phones,Plantronics 81402,118.78199999999998,3,0.4,-27.715799999999994
1065,1066,CA-2018-161263,2018-04-16,2018-04-21,Standard Class,TS-21160,Theresa Swint,Corporate,United States,Toledo,Ohio,43615.0,East,OFF-FA-10003059,Office Supplies,Fasteners,Assorted Color Push Pins,1.4480000000000002,1,0.2,0.2352999999999999
1066,1067,CA-2018-161263,2018-04-16,2018-04-21,Standard Class,TS-21160,Theresa Swint,Corporate,United States,Toledo,Ohio,43615.0,East,OFF-BI-10004330,Office Supplies,Binders,"GBC Velobind Prepunched Cover Sets, Regency Series",55.470000000000006,5,0.7,-46.224999999999994
1067,1068,CA-2019-157686,2019-10-01,2019-10-02,First Class,BD-11620,Brian DeCherney,Consumer,United States,San Francisco,California,94122.0,West,FUR-CH-10001146,Furniture,Chairs,"Global Value Mid-Back Manager's Chair, Gray",194.848,4,0.2,12.177999999999983
1068,1069,US-2020-139955,2020-09-28,2020-09-30,Second Class,CM-12160,Charles McCrossin,Consumer,United States,Brownsville,Texas,78521.0,Central,OFF-SU-10001935,Office Supplies,Supplies,Staple remover,1.7440000000000002,1,0.2,-0.34880000000000033
1069,1070,US-2018-150161,2018-07-25,2018-07-29,Standard Class,RB-19795,Ross Baird,Home Office,United States,Philadelphia,Pennsylvania,19143.0,East,OFF-BI-10001524,Office Supplies,Binders,GBC Premium Transparent Covers with Diagonal Lined Pattern,25.176000000000005,4,0.7,-18.462400000000002
1070,1071,CA-2018-144652,2018-11-20,2018-11-26,Standard Class,SN-20560,Skye Norling,Home Office,United States,Los Angeles,California,90008.0,West,OFF-AR-10003732,Office Supplies,Art,Newell 333,19.459999999999997,7,0.0,5.0596
1071,1072,CA-2019-152814,2019-04-28,2019-05-02,Standard Class,EH-14005,Erica Hernandez,Home Office,United States,Denver,Colorado,80219.0,West,OFF-PA-10001970,Office Supplies,Paper,Xerox 1881,29.472,3,0.2,9.946799999999998
1072,1073,CA-2020-106943,2020-11-14,2020-11-19,Standard Class,FO-14305,Frank Olsen,Consumer,United States,New York City,New York,10035.0,East,OFF-BI-10003669,Office Supplies,Binders,3M Organizer Strips,8.64,2,0.2,3.024
1073,1074,CA-2019-134348,2019-11-12,2019-11-19,Standard Class,MS-17710,Maurice Satty,Consumer,United States,Mesa,Arizona,85204.0,West,OFF-BI-10003727,Office Supplies,Binders,Avery Durable Slant Ring Binders With Label Holder,6.27,5,0.7,-4.598000000000001
1074,1075,CA-2019-134348,2019-11-12,2019-11-19,Standard Class,MS-17710,Maurice Satty,Consumer,United States,Mesa,Arizona,85204.0,West,OFF-BI-10004967,Office Supplies,Binders,Round Ring Binders,4.368,7,0.7,-3.3487999999999998
1075,1076,CA-2019-134348,2019-11-12,2019-11-19,Standard Class,MS-17710,Maurice Satty,Consumer,United States,Mesa,Arizona,85204.0,West,TEC-AC-10003447,Technology,Accessories,Micropad Numeric Keypads,31.983999999999998,2,0.2,1.998999999999998
1076,1077,CA-2019-161781,2019-09-29,2019-09-30,First Class,CC-12100,Chad Cunningham,Home Office,United States,Columbus,Indiana,47201.0,Central,OFF-AR-10000255,Office Supplies,Art,Newell 328,40.879999999999995,7,0.0,10.628799999999998
1077,1078,CA-2020-132521,2020-09-23,2020-09-25,Second Class,DW-13540,Don Weiss,Consumer,United States,Seattle,Washington,98105.0,West,OFF-AP-10002191,Office Supplies,Appliances,Belkin 8 Outlet SurgeMaster II Gold Surge Protector,119.96,2,0.0,33.588800000000006
1078,1079,CA-2020-132521,2020-09-23,2020-09-25,Second Class,DW-13540,Don Weiss,Consumer,United States,Seattle,Washington,98105.0,West,OFF-ST-10001325,Office Supplies,Storage,Sterilite Officeware Hinged File Box,31.44,3,0.0,8.488800000000001
1079,1080,CA-2020-132521,2020-09-23,2020-09-25,Second Class,DW-13540,Don Weiss,Consumer,United States,Seattle,Washington,98105.0,West,OFF-BI-10000404,Office Supplies,Binders,Avery Printable Repositionable Plastic Tabs,6.88,1,0.2,2.322
1080,1081,CA-2018-110016,2018-11-29,2018-12-04,Standard Class,BT-11395,Bill Tyler,Corporate,United States,Detroit,Michigan,48227.0,Central,OFF-PA-10000349,Office Supplies,Paper,Easy-staple paper,19.92,4,0.0,9.362400000000001
1081,1082,CA-2018-110016,2018-11-29,2018-12-04,Standard Class,BT-11395,Bill Tyler,Corporate,United States,Detroit,Michigan,48227.0,Central,FUR-CH-10002880,Furniture,Chairs,"Global High-Back Leather Tilter, Burgundy",1106.9099999999999,9,0.0,121.76009999999994
1082,1083,US-2019-143819,2019-03-01,2019-03-05,Standard Class,KD-16270,Karen Daniels,Consumer,United States,Yonkers,New York,10701.0,East,FUR-TA-10001095,Furniture,Tables,Chromcraft Round Conference Tables,836.592,8,0.4,-264.9208
1083,1084,US-2019-143819,2019-03-01,2019-03-05,Standard Class,KD-16270,Karen Daniels,Consumer,United States,Yonkers,New York,10701.0,East,OFF-PA-10003127,Office Supplies,Paper,Easy-staple paper,26.38,1,0.0,12.134799999999998
1084,1085,US-2019-143819,2019-03-01,2019-03-05,Standard Class,KD-16270,Karen Daniels,Consumer,United States,Yonkers,New York,10701.0,East,OFF-ST-10003208,Office Supplies,Storage,Adjustable Depth Letter/Legal Cart,362.92,2,0.0,105.24679999999995
1085,1086,US-2019-143819,2019-03-01,2019-03-05,Standard Class,KD-16270,Karen Daniels,Consumer,United States,Yonkers,New York,10701.0,East,TEC-MA-10003979,Technology,Machines,Ativa V4110MDD Micro-Cut Shredder,4899.93,7,0.0,2400.9656999999997
1086,1087,CA-2019-167584,2019-08-12,2019-08-12,Same Day,LC-16870,Lena Cacioppo,Consumer,United States,Des Moines,Iowa,50315.0,Central,OFF-PA-10000029,Office Supplies,Paper,Xerox 224,6.48,1,0.0,3.1104000000000003
1087,1088,CA-2019-166163,2019-08-15,2019-08-20,Second Class,CY-12745,Craig Yedwab,Corporate,United States,Oakland,California,94601.0,West,TEC-PH-10004896,Technology,Phones,Nokia Lumia 521 (T-Mobile),71.976,3,0.2,7.197600000000005
1088,1089,CA-2019-166163,2019-08-15,2019-08-20,Second Class,CY-12745,Craig Yedwab,Corporate,United States,Oakland,California,94601.0,West,OFF-LA-10000452,Office Supplies,Labels,Avery 488,3.15,1,0.0,1.512
1089,1090,CA-2020-158407,2020-06-04,2020-06-10,Standard Class,LW-16990,Lindsay Williams,Corporate,United States,Monroe,North Carolina,28110.0,South,FUR-FU-10001967,Furniture,Furnishings,Telescoping Adjustable Floor Lamp,31.983999999999998,2,0.2,1.998999999999998
1090,1091,CA-2020-158407,2020-06-04,2020-06-10,Standard Class,LW-16990,Lindsay Williams,Corporate,United States,Monroe,North Carolina,28110.0,South,TEC-PH-10001819,Technology,Phones,Innergie mMini Combo Duo USB Travel Charging Kit,71.98400000000001,2,0.2,25.194399999999995
1091,1092,CA-2018-143490,2018-12-06,2018-12-13,Standard Class,NP-18325,Naresj Patel,Consumer,United States,San Diego,California,92105.0,West,OFF-AR-10002952,Office Supplies,Art,Stanley Contemporary Battery Pencil Sharpeners,120.14999999999999,9,0.0,33.641999999999996
1092,1093,CA-2018-143490,2018-12-06,2018-12-13,Standard Class,NP-18325,Naresj Patel,Consumer,United States,San Diego,California,92105.0,West,TEC-PH-10000576,Technology,Phones,AT&T 1080 Corded phone,219.18400000000003,2,0.2,19.178600000000003
1093,1094,CA-2018-165085,2018-12-27,2018-12-31,Standard Class,BT-11485,Brad Thomas,Home Office,United States,Clinton,Maryland,20735.0,East,OFF-PA-10000605,Office Supplies,Paper,Xerox 1950,28.900000000000002,5,0.0,14.161000000000001
1094,1095,CA-2018-165085,2018-12-27,2018-12-31,Standard Class,BT-11485,Brad Thomas,Home Office,United States,Clinton,Maryland,20735.0,East,OFF-AP-10002518,Office Supplies,Appliances,Kensington 7 Outlet MasterPiece Power Center,355.96,2,0.0,103.22839999999997
1095,1096,CA-2020-160423,2020-01-21,2020-01-26,Standard Class,PS-19045,Penelope Sewall,Home Office,United States,Charlotte,North Carolina,28205.0,South,OFF-ST-10004340,Office Supplies,Storage,"Fellowes Mobile File Cart, Black",348.20799999999997,7,0.2,30.468200000000024
1096,1097,CA-2020-160423,2020-01-21,2020-01-26,Standard Class,PS-19045,Penelope Sewall,Home Office,United States,Charlotte,North Carolina,28205.0,South,OFF-BI-10004001,Office Supplies,Binders,GBC Recycled VeloBinder Covers,35.784,7,0.7,-28.62720000000001
1097,1098,CA-2017-159338,2017-06-25,2017-06-28,First Class,NS-18640,Noel Staavos,Corporate,United States,Los Angeles,California,90049.0,West,FUR-TA-10004147,Furniture,Tables,Hon 4060 Series Tables,447.84,5,0.2,11.19599999999997
1098,1099,CA-2019-107216,2019-06-14,2019-06-17,First Class,PV-18985,Paul Van Hugh,Home Office,United States,San Francisco,California,94122.0,West,OFF-AR-10001545,Office Supplies,Art,Newell 326,7.04,4,0.0,2.0416
1099,1100,CA-2019-107216,2019-06-14,2019-06-17,First Class,PV-18985,Paul Van Hugh,Home Office,United States,San Francisco,California,94122.0,West,FUR-FU-10000206,Furniture,Furnishings,"GE General Purpose, Extra Long Life, Showcase & Floodlight Incandescent Bulbs",8.73,3,0.0,4.1030999999999995
1100,1101,CA-2019-107216,2019-06-14,2019-06-17,First Class,PV-18985,Paul Van Hugh,Home Office,United States,San Francisco,California,94122.0,West,TEC-AC-10001013,Technology,Accessories,Logitech ClearChat Comfort/USB Headset H390,29.29,1,0.0,9.665699999999998
1101,1102,CA-2019-107216,2019-06-14,2019-06-17,First Class,PV-18985,Paul Van Hugh,Home Office,United States,San Francisco,California,94122.0,West,OFF-AR-10002255,Office Supplies,Art,Newell 346,8.64,3,0.0,2.5056
1102,1103,US-2020-145863,2020-04-21,2020-04-27,Standard Class,RP-19390,Resi Pölking,Consumer,United States,Houston,Texas,77041.0,Central,OFF-BI-10004140,Office Supplies,Binders,Avery Non-Stick Binders,2.6939999999999995,3,0.8,-4.714500000000003
1103,1104,US-2020-145863,2020-04-21,2020-04-27,Standard Class,RP-19390,Resi Pölking,Consumer,United States,Houston,Texas,77041.0,Central,OFF-BI-10002049,Office Supplies,Binders,UniKeep View Case Binders,2.9339999999999993,3,0.8,-4.987800000000002
1104,1105,CA-2019-112340,2019-10-21,2019-10-27,Standard Class,NM-18520,Neoma Murray,Consumer,United States,Riverside,California,92503.0,West,OFF-PA-10001892,Office Supplies,Paper,"Rediform Wirebound ""Phone Memo"" Message Book, 11 x 5-3/4",22.919999999999998,3,0.0,11.230799999999999
1105,1106,US-2019-110156,2019-11-19,2019-11-24,Standard Class,EH-13945,Eric Hoffmann,Consumer,United States,Houston,Texas,77041.0,Central,OFF-ST-10000642,Office Supplies,Storage,"Tennsco Lockers, Gray",100.70400000000001,6,0.2,-16.36440000000001
1106,1107,US-2019-110156,2019-11-19,2019-11-24,Standard Class,EH-13945,Eric Hoffmann,Consumer,United States,Houston,Texas,77041.0,Central,FUR-FU-10000206,Furniture,Furnishings,"GE General Purpose, Extra Long Life, Showcase & Floodlight Incandescent Bulbs",2.3280000000000003,2,0.6,-0.7566000000000002
1107,1108,US-2019-110156,2019-11-19,2019-11-24,Standard Class,EH-13945,Eric Hoffmann,Consumer,United States,Houston,Texas,77041.0,Central,OFF-BI-10003676,Office Supplies,Binders,"GBC Standard Recycled Report Covers, Clear Plastic Sheets",10.779999999999996,5,0.8,-17.248000000000008
1108,1109,US-2019-110156,2019-11-19,2019-11-24,Standard Class,EH-13945,Eric Hoffmann,Consumer,United States,Houston,Texas,77041.0,Central,OFF-FA-10003495,Office Supplies,Fasteners,Staples,58.36800000000001,12,0.2,21.888
1109,1110,US-2019-110156,2019-11-19,2019-11-24,Standard Class,EH-13945,Eric Hoffmann,Consumer,United States,Houston,Texas,77041.0,Central,OFF-EN-10003798,Office Supplies,Envelopes,"Recycled Interoffice Envelopes with Re-Use-A-Seal Closure, 10 x 13",40.968,3,0.2,13.826699999999999
1110,1111,US-2019-110156,2019-11-19,2019-11-24,Standard Class,EH-13945,Eric Hoffmann,Consumer,United States,Houston,Texas,77041.0,Central,TEC-PH-10003589,Technology,Phones,invisibleSHIELD by ZAGG Smudge-Free Screen Protector,71.96,5,0.2,25.185999999999996
1111,1112,US-2019-110156,2019-11-19,2019-11-24,Standard Class,EH-13945,Eric Hoffmann,Consumer,United States,Houston,Texas,77041.0,Central,OFF-PA-10004735,Office Supplies,Paper,Xerox 1905,10.368000000000002,2,0.2,3.6288
1112,1113,US-2019-110156,2019-11-19,2019-11-24,Standard Class,EH-13945,Eric Hoffmann,Consumer,United States,Houston,Texas,77041.0,Central,OFF-BI-10002609,Office Supplies,Binders,Avery Hidden Tab Dividers for Binding Systems,1.1919999999999997,2,0.8,-2.0264
1113,1114,CA-2020-140585,2020-12-18,2020-12-23,Second Class,RA-19915,Russell Applegate,Consumer,United States,Encinitas,California,92024.0,West,OFF-BI-10003364,Office Supplies,Binders,Binding Machine Supplies,46.672000000000004,2,0.2,16.3352
1114,1115,CA-2020-140585,2020-12-18,2020-12-23,Second Class,RA-19915,Russell Applegate,Consumer,United States,Encinitas,California,92024.0,West,FUR-BO-10002206,Furniture,Bookcases,"Bush Saratoga Collection 5-Shelf Bookcase, Hanover Cherry, *Special Order",119.83299999999998,1,0.15,-12.688200000000002
1115,1116,CA-2020-140585,2020-12-18,2020-12-23,Second Class,RA-19915,Russell Applegate,Consumer,United States,Encinitas,California,92024.0,West,TEC-AC-10003610,Technology,Accessories,Logitech Illuminated - Keyboard,119.98,2,0.0,57.5904
1116,1117,CA-2019-144855,2019-07-22,2019-07-24,Second Class,DL-13495,Dionis Lloyd,Corporate,United States,San Francisco,California,94110.0,West,OFF-LA-10003766,Office Supplies,Labels,Self-Adhesive Removable Labels,6.3,2,0.0,3.024
1117,1118,CA-2018-142755,2018-09-04,2018-09-08,Standard Class,CS-12355,Christine Sundaresam,Consumer,United States,Roswell,Georgia,30076.0,South,OFF-PA-10001970,Office Supplies,Paper,Xerox 1908,279.9,5,0.0,137.151
1118,1119,CA-2018-142755,2018-09-04,2018-09-08,Standard Class,CS-12355,Christine Sundaresam,Consumer,United States,Roswell,Georgia,30076.0,South,TEC-AC-10002049,Technology,Accessories,Logitech G19 Programmable Gaming Keyboard,619.9499999999999,5,0.0,111.59099999999995
1119,1120,CA-2018-142755,2018-09-04,2018-09-08,Standard Class,CS-12355,Christine Sundaresam,Consumer,United States,Roswell,Georgia,30076.0,South,OFF-PA-10000141,Office Supplies,Paper,"Ampad Evidence Wirebond Steno Books, 6"" x 9""",4.36,2,0.0,2.0492
1120,1121,CA-2018-142755,2018-09-04,2018-09-08,Standard Class,CS-12355,Christine Sundaresam,Consumer,United States,Roswell,Georgia,30076.0,South,OFF-EN-10004459,Office Supplies,Envelopes,Security-Tint Envelopes,15.28,2,0.0,7.4872
1121,1122,US-2017-147627,2017-01-20,2017-01-26,Standard Class,HL-15040,Hunter Lopez,Consumer,United States,Jonesboro,Arkansas,72401.0,South,TEC-PH-10001061,Technology,Phones,Apple iPhone 5C,699.93,7,0.0,181.9818
1122,1123,US-2017-147627,2017-01-20,2017-01-26,Standard Class,HL-15040,Hunter Lopez,Consumer,United States,Jonesboro,Arkansas,72401.0,South,OFF-AR-10002375,Office Supplies,Art,Newell 351,22.959999999999997,7,0.0,6.658399999999997
1123,1124,US-2017-147627,2017-01-20,2017-01-26,Standard Class,HL-15040,Hunter Lopez,Consumer,United States,Jonesboro,Arkansas,72401.0,South,FUR-FU-10003194,Furniture,Furnishings,"Eldon Expressions Desk Accessory, Wood Pencil Holder, Oak",38.6,4,0.0,11.579999999999998
1124,1125,US-2017-147627,2017-01-20,2017-01-26,Standard Class,HL-15040,Hunter Lopez,Consumer,United States,Jonesboro,Arkansas,72401.0,South,OFF-AR-10003811,Office Supplies,Art,Newell 327,6.63,3,0.0,1.7901
1125,1126,US-2017-147627,2017-01-20,2017-01-26,Standard Class,HL-15040,Hunter Lopez,Consumer,United States,Jonesboro,Arkansas,72401.0,South,OFF-EN-10001539,Office Supplies,Envelopes,Staple envelope,23.34,3,0.0,10.9698
1126,1127,US-2017-147627,2017-01-20,2017-01-26,Standard Class,HL-15040,Hunter Lopez,Consumer,United States,Jonesboro,Arkansas,72401.0,South,FUR-CH-10002331,Furniture,Chairs,Hon 4700 Series Mobuis Mid-Back Task Chairs with Adjustable Arms,1067.94,3,0.0,224.2673999999999
1127,1128,CA-2018-105970,2018-03-02,2018-03-07,Standard Class,PA-19060,Pete Armstrong,Home Office,United States,Richmond,Indiana,47374.0,Central,OFF-AR-10003156,Office Supplies,Art,50 Colored Long Pencils,10.16,1,0.0,2.6416000000000004
1128,1129,CA-2018-105970,2018-03-02,2018-03-07,Standard Class,PA-19060,Pete Armstrong,Home Office,United States,Richmond,Indiana,47374.0,Central,OFF-EN-10001532,Office Supplies,Envelopes,Brown Kraft Recycled Envelopes,101.88,6,0.0,50.94
1129,1130,CA-2019-112102,2019-04-12,2019-04-16,Standard Class,BD-11605,Brian Dahlen,Consumer,United States,Springfield,Virginia,22153.0,South,FUR-TA-10004086,Furniture,Tables,KI Adjustable-Height Table,343.92,4,0.0,75.66239999999999
1130,1131,CA-2019-112102,2019-04-12,2019-04-16,Standard Class,BD-11605,Brian Dahlen,Consumer,United States,Springfield,Virginia,22153.0,South,OFF-PA-10000100,Office Supplies,Paper,Xerox 1945,40.99,1,0.0,20.0851
1131,1132,CA-2019-112102,2019-04-12,2019-04-16,Standard Class,BD-11605,Brian Dahlen,Consumer,United States,Springfield,Virginia,22153.0,South,OFF-EN-10002500,Office Supplies,Envelopes,Globe Weis Peel & Seel First Class Envelopes,63.9,5,0.0,28.754999999999995
1132,1133,US-2019-114776,2019-12-06,2019-12-07,First Class,GG-14650,Greg Guthrie,Corporate,United States,Antioch,California,94509.0,West,OFF-PA-10004100,Office Supplies,Paper,Xerox 216,19.44,3,0.0,9.3312
1133,1134,US-2019-134908,2019-06-05,2019-06-09,Standard Class,JS-15940,Joni Sundaresam,Home Office,United States,Philadelphia,Pennsylvania,19134.0,East,OFF-ST-10003479,Office Supplies,Storage,"Eldon Base for stackable storage shelf, platinum",124.608,4,0.2,-23.36400000000002
1134,1135,US-2019-134908,2019-06-05,2019-06-09,Standard Class,JS-15940,Joni Sundaresam,Home Office,United States,Philadelphia,Pennsylvania,19134.0,East,OFF-LA-10000973,Office Supplies,Labels,Avery 502,7.5600000000000005,3,0.2,2.6459999999999995
1135,1136,US-2019-148803,2019-12-11,2019-12-11,Same Day,LR-16915,Lena Radford,Consumer,United States,Homestead,Florida,33030.0,South,OFF-ST-10001476,Office Supplies,Storage,Steel Personal Filing/Posting Tote,85.224,3,0.2,7.457100000000004
1136,1137,CA-2019-152170,2019-11-12,2019-11-15,Second Class,FH-14275,Frank Hawley,Corporate,United States,La Porte,Indiana,46350.0,Central,OFF-EN-10002831,Office Supplies,Envelopes,"Tyvek  Top-Opening Peel & Seel  Envelopes, Gray",287.52,8,0.0,129.384
1137,1138,CA-2019-152170,2019-11-12,2019-11-15,Second Class,FH-14275,Frank Hawley,Corporate,United States,La Porte,Indiana,46350.0,Central,OFF-AP-10002350,Office Supplies,Appliances,Belkin F9H710-06 7 Outlet SurgeMaster Surge Protector,37.68,2,0.0,10.5504
1138,1139,CA-2019-152170,2019-11-12,2019-11-15,Second Class,FH-14275,Frank Hawley,Corporate,United States,La Porte,Indiana,46350.0,Central,OFF-PA-10001763,Office Supplies,Paper,Xerox 1896,19.98,2,0.0,8.991
1139,1140,CA-2019-152170,2019-11-12,2019-11-15,Second Class,FH-14275,Frank Hawley,Corporate,United States,La Porte,Indiana,46350.0,Central,OFF-AR-10003394,Office Supplies,Art,Newell 332,20.58,7,0.0,5.5566
1140,1141,CA-2019-152170,2019-11-12,2019-11-15,Second Class,FH-14275,Frank Hawley,Corporate,United States,La Porte,Indiana,46350.0,Central,OFF-BI-10002072,Office Supplies,Binders,Cardinal Slant-D Ring Binders,17.38,2,0.0,8.69
1141,1142,CA-2017-146969,2017-09-29,2017-10-03,Standard Class,AP-10915,Arthur Prichep,Consumer,United States,Los Angeles,California,90045.0,West,FUR-FU-10004188,Furniture,Furnishings,Luxo Professional Combination Clamp-On Lamps,204.6,2,0.0,53.196
1142,1143,CA-2017-146969,2017-09-29,2017-10-03,Standard Class,AP-10915,Arthur Prichep,Consumer,United States,Los Angeles,California,90045.0,West,OFF-FA-10001561,Office Supplies,Fasteners,Stockwell Push Pins,8.72,4,0.0,2.8776
1143,1144,CA-2017-146969,2017-09-29,2017-10-03,Standard Class,AP-10915,Arthur Prichep,Consumer,United States,Los Angeles,California,90045.0,West,OFF-PA-10002105,Office Supplies,Paper,Xerox 223,6.48,1,0.0,3.1104000000000003
1144,1145,CA-2017-146969,2017-09-29,2017-10-03,Standard Class,AP-10915,Arthur Prichep,Consumer,United States,Los Angeles,California,90045.0,West,TEC-MA-10004241,Technology,Machines,Star Micronics TSP800 TSP847IIU Receipt Printer,686.32,2,0.2,223.05399999999995
1145,1146,CA-2017-146969,2017-09-29,2017-10-03,Standard Class,AP-10915,Arthur Prichep,Consumer,United States,Los Angeles,California,90045.0,West,OFF-ST-10004340,Office Supplies,Storage,"Fellowes Mobile File Cart, Black",62.18,1,0.0,16.788600000000002
1146,1147,CA-2018-112452,2018-04-04,2018-04-04,Same Day,NC-18340,Nat Carroll,Consumer,United States,Lansing,Michigan,48911.0,Central,OFF-AP-10003849,Office Supplies,Appliances,Hoover Shoulder Vac Commercial Portable Vacuum,644.076,2,0.1,107.34599999999996
1147,1148,CA-2018-112452,2018-04-04,2018-04-04,Same Day,NC-18340,Nat Carroll,Consumer,United States,Lansing,Michigan,48911.0,Central,OFF-FA-10000735,Office Supplies,Fasteners,Staples,5.84,2,0.0,2.6279999999999997
1148,1149,CA-2018-112452,2018-04-04,2018-04-04,Same Day,NC-18340,Nat Carroll,Consumer,United States,Lansing,Michigan,48911.0,Central,OFF-BI-10003350,Office Supplies,Binders,Acco Expandable Hanging Binders,12.76,2,0.0,5.869599999999999
1149,1150,CA-2018-112452,2018-04-04,2018-04-04,Same Day,NC-18340,Nat Carroll,Consumer,United States,Lansing,Michigan,48911.0,Central,TEC-PH-10000307,Technology,Phones,Shocksock Galaxy S4 Armband,10.95,1,0.0,0.43799999999999883
1150,1151,CA-2018-112452,2018-04-04,2018-04-04,Same Day,NC-18340,Nat Carroll,Consumer,United States,Lansing,Michigan,48911.0,Central,TEC-CO-10004202,Technology,Copiers,Brother DCP1000 Digital 3 in 1 Multifunction Machine,599.98,2,0.0,209.993
1151,1152,CA-2018-113971,2018-05-08,2018-05-14,Standard Class,CB-12535,Claudia Bergmann,Corporate,United States,Cuyahoga Falls,Ohio,44221.0,East,FUR-FU-10001852,Furniture,Furnishings,"Eldon Regeneration Recycled Desk Accessories, Smoke",8.352,6,0.2,1.2527999999999997
1152,1153,CA-2019-160395,2019-12-31,2020-01-06,Standard Class,KL-16555,Kelly Lampkin,Corporate,United States,Reno,Nevada,89502.0,West,OFF-AR-10003759,Office Supplies,Art,"Crayola Anti Dust Chalk, 12/Pack",3.64,2,0.0,1.638
1153,1154,CA-2019-160395,2019-12-31,2020-01-06,Standard Class,KL-16555,Kelly Lampkin,Corporate,United States,Reno,Nevada,89502.0,West,OFF-BI-10003984,Office Supplies,Binders,Lock-Up Easel 'Spel-Binder',159.768,7,0.2,53.92170000000001
1154,1155,CA-2017-136567,2017-12-20,2017-12-21,First Class,PS-19045,Penelope Sewall,Home Office,United States,Harrisonburg,Virginia,22801.0,South,OFF-ST-10004337,Office Supplies,Storage,"SAFCO Commercial Wire Shelving, 72h",122.48,2,0.0,0.0
1155,1156,CA-2017-136567,2017-12-20,2017-12-21,First Class,PS-19045,Penelope Sewall,Home Office,United States,Harrisonburg,Virginia,22801.0,South,FUR-TA-10001932,Furniture,Tables,"Chromcraft 48"" x 96"" Racetrack Double Pedestal Table",2244.48,7,0.0,493.78559999999993
1156,1157,CA-2017-136567,2017-12-20,2017-12-21,First Class,PS-19045,Penelope Sewall,Home Office,United States,Harrisonburg,Virginia,22801.0,South,OFF-BI-10003982,Office Supplies,Binders,Wilson Jones Century Plastic Molded Ring Binders,62.31,3,0.0,29.2857
1157,1158,CA-2017-136567,2017-12-20,2017-12-21,First Class,PS-19045,Penelope Sewall,Home Office,United States,Harrisonburg,Virginia,22801.0,South,FUR-TA-10000617,Furniture,Tables,"Hon Practical Foundations 30 x 60 Training Table, Light Gray/Charcoal",455.1,2,0.0,100.12200000000001
1158,1159,CA-2019-149314,2019-07-02,2019-07-07,Second Class,GB-14530,George Bell,Corporate,United States,Los Angeles,California,90004.0,West,FUR-CH-10002126,Furniture,Chairs,Hon Deluxe Fabric Upholstered Stacking Chairs,195.184,1,0.2,19.518400000000007
1159,1160,CA-2020-147039,2020-06-29,2020-07-04,Standard Class,AA-10315,Alex Avila,Consumer,United States,Minneapolis,Minnesota,55407.0,Central,OFF-AP-10000576,Office Supplies,Appliances,"Belkin 325VA UPS Surge Protector, 6'",362.94,3,0.0,90.73500000000001
1160,1161,CA-2020-147039,2020-06-29,2020-07-04,Standard Class,AA-10315,Alex Avila,Consumer,United States,Minneapolis,Minnesota,55407.0,Central,OFF-BI-10004654,Office Supplies,Binders,Avery Binding System Hidden Tab Executive Style Index Sets,11.54,2,0.0,5.77
1161,1162,CA-2017-126522,2017-09-01,2017-09-05,Second Class,LT-16765,Larry Tron,Consumer,United States,Escondido,California,92025.0,West,OFF-AR-10004042,Office Supplies,Art,"BOSTON Model 1800 Electric Pencil Sharpeners, Putty/Woodgrain",53.94,3,0.0,15.642599999999995
1162,1163,CA-2017-127964,2017-03-03,2017-03-08,Standard Class,AP-10720,Anne Pryor,Home Office,United States,New York City,New York,10035.0,East,TEC-PH-10004700,Technology,Phones,PowerGen Dual USB Car Charger,9.99,1,0.0,4.5954
1163,1164,CA-2017-127964,2017-03-03,2017-03-08,Standard Class,AP-10720,Anne Pryor,Home Office,United States,New York City,New York,10035.0,East,OFF-BI-10004593,Office Supplies,Binders,Ibico Laser Imprintable Binding System Covers,125.76,3,0.2,40.872
1164,1165,CA-2017-127964,2017-03-03,2017-03-08,Standard Class,AP-10720,Anne Pryor,Home Office,United States,New York City,New York,10035.0,East,OFF-BI-10003429,Office Supplies,Binders,"Cardinal HOLDit! Binder Insert Strips,Extra Strips",25.32,5,0.2,9.178500000000001
1165,1166,CA-2017-117709,2017-05-04,2017-05-08,Standard Class,PM-18940,Paul MacIntyre,Consumer,United States,Jackson,Michigan,49201.0,Central,OFF-BI-10001294,Office Supplies,Binders,Fellowes Binding Cases,46.8,4,0.0,21.059999999999995
1166,1167,CA-2018-125416,2018-11-02,2018-11-02,Same Day,KC-16540,Kelly Collister,Consumer,United States,Seattle,Washington,98115.0,West,TEC-AC-10001552,Technology,Accessories,Logitech K350 2.4Ghz Wireless Keyboard,447.93,9,0.0,49.27229999999999
1167,1168,CA-2020-145226,2020-12-08,2020-12-10,Second Class,DL-13315,Delfina Latchford,Consumer,United States,New York City,New York,10035.0,East,FUR-FU-10004952,Furniture,Furnishings,"C-Line Cubicle Keepers Polyproplyene Holder w/Velcro Back, 8-1/2x11, 25/Bx",109.48,2,0.0,33.9388
1168,1169,CA-2020-145226,2020-12-08,2020-12-10,Second Class,DL-13315,Delfina Latchford,Consumer,United States,New York City,New York,10035.0,East,OFF-ST-10004123,Office Supplies,Storage,Safco Industrial Wire Shelving System,272.94,3,0.0,0.0
1169,1170,CA-2020-145226,2020-12-08,2020-12-10,Second Class,DL-13315,Delfina Latchford,Consumer,United States,New York City,New York,10035.0,East,OFF-PA-10003172,Office Supplies,Paper,Xerox 1996,19.44,3,0.0,9.3312
1170,1171,CA-2020-145226,2020-12-08,2020-12-10,Second Class,DL-13315,Delfina Latchford,Consumer,United States,New York City,New York,10035.0,East,OFF-ST-10002352,Office Supplies,Storage,Iris Project Case,31.92,4,0.0,8.299199999999999
1171,1172,US-2017-100279,2017-03-10,2017-03-14,Standard Class,SW-20275,Scott Williamson,Consumer,United States,Royal Oak,Michigan,48073.0,Central,OFF-PA-10002259,Office Supplies,Paper,"Geographics Note Cards, Blank, White, 8 1/2"" x 11""",22.38,2,0.0,10.7424
1172,1173,CA-2017-158064,2017-04-21,2017-04-25,Standard Class,AA-10375,Allen Armold,Consumer,United States,Los Angeles,California,90008.0,West,OFF-BI-10002976,Office Supplies,Binders,ACCOHIDE Binder by Acco,16.520000000000003,5,0.2,5.5755
1173,1174,US-2018-104430,2018-10-22,2018-10-26,Standard Class,LT-17110,Liz Thompson,Consumer,United States,Bloomington,Illinois,61701.0,Central,OFF-BI-10000301,Office Supplies,Binders,GBC Instant Report Kit,5.175999999999998,4,0.8,-7.764000000000001
1174,1175,CA-2018-132080,2018-08-22,2018-08-25,First Class,DP-13105,Dave Poirier,Corporate,United States,New York City,New York,10035.0,East,OFF-BI-10003694,Office Supplies,Binders,"Avery 3 1/2"" Diskette Storage Pages, 10/Pack",50.112,6,0.2,16.2864
1175,1176,CA-2019-161207,2019-08-29,2019-09-03,Standard Class,AB-10060,Adam Bellavance,Home Office,United States,Concord,New Hampshire,3301.0,East,OFF-SU-10000381,Office Supplies,Supplies,Acme Forged Steel Scissors with Black Enamel Handles,27.93,3,0.0,8.099699999999999
1176,1177,CA-2017-120243,2017-12-27,2017-12-30,Second Class,AT-10435,Alyssa Tate,Home Office,United States,Los Angeles,California,90004.0,West,OFF-LA-10004425,Office Supplies,Labels,Staple-on labels,11.56,4,0.0,5.4332
1177,1178,CA-2019-113621,2019-12-01,2019-12-05,Standard Class,JE-15745,Joel Eaton,Consumer,United States,Rockville,Maryland,20852.0,East,FUR-CH-10001270,Furniture,Chairs,Harbour Creations Steel Folding Chair,172.5,2,0.0,51.749999999999986
1178,1179,CA-2019-113621,2019-12-01,2019-12-05,Standard Class,JE-15745,Joel Eaton,Consumer,United States,Rockville,Maryland,20852.0,East,TEC-PH-10003931,Technology,Phones,JBL Micro Wireless Portable Bluetooth Speaker,179.97,3,0.0,44.99250000000001
1179,1180,CA-2019-168081,2019-04-24,2019-04-27,Second Class,CA-12055,Cathy Armstrong,Home Office,United States,Houston,Texas,77070.0,Central,TEC-AC-10003174,Technology,Accessories,Plantronics S12 Corded Telephone Headset System,258.696,3,0.2,64.674
1180,1181,CA-2017-128146,2017-06-21,2017-06-25,Standard Class,DB-13060,Dave Brooks,Consumer,United States,Lakewood,New Jersey,8701.0,East,TEC-PH-10004539,Technology,Phones,Wireless Extenders zBoost YX545 SOHO Signal Booster,1322.93,7,0.0,357.1911
1181,1182,CA-2017-128146,2017-06-21,2017-06-25,Standard Class,DB-13060,Dave Brooks,Consumer,United States,Lakewood,New Jersey,8701.0,East,OFF-AR-10001919,Office Supplies,Art,"OIC #2 Pencils, Medium Soft",3.76,2,0.0,1.0903999999999998
1182,1183,CA-2020-138779,2020-01-14,2020-01-15,First Class,RB-19570,Rob Beeghly,Consumer,United States,Jacksonville,North Carolina,28540.0,South,OFF-EN-10002504,Office Supplies,Envelopes,"Tyvek  Top-Opening Peel & Seel Envelopes, Plain White",21.744,1,0.2,7.3386
1183,1184,CA-2020-138779,2020-01-14,2020-01-15,First Class,RB-19570,Rob Beeghly,Consumer,United States,Jacksonville,North Carolina,28540.0,South,TEC-PH-10003655,Technology,Phones,Sannysis Cute Owl Design Soft Skin Case Cover for Samsung Galaxy S4,7.92,5,0.2,0.6930000000000001
1184,1185,CA-2017-127131,2017-11-24,2017-11-30,Standard Class,HR-14830,Harold Ryan,Corporate,United States,Seattle,Washington,98103.0,West,OFF-BI-10004656,Office Supplies,Binders,Peel & Stick Add-On Corner Pockets,12.096000000000002,7,0.2,4.233599999999999
1185,1186,CA-2017-127131,2017-11-24,2017-11-30,Standard Class,HR-14830,Harold Ryan,Corporate,United States,Seattle,Washington,98103.0,West,OFF-ST-10002344,Office Supplies,Storage,"Carina 42""Hx23 3/4""W Media Storage Unit",485.88,6,0.0,9.717600000000033
1186,1187,CA-2017-127131,2017-11-24,2017-11-30,Standard Class,HR-14830,Harold Ryan,Corporate,United States,Seattle,Washington,98103.0,West,OFF-PA-10001800,Office Supplies,Paper,Xerox 220,25.92,4,0.0,12.441600000000001
1187,1188,CA-2017-127131,2017-11-24,2017-11-30,Standard Class,HR-14830,Harold Ryan,Corporate,United States,Seattle,Washington,98103.0,West,OFF-ST-10000036,Office Supplies,Storage,"Recycled Data-Pak for Archival Bound Computer Printouts, 12-1/2 x 12-1/2 x 16",197.58,2,0.0,53.346599999999995
1188,1189,CA-2020-117212,2020-02-26,2020-02-28,Second Class,BT-11530,Bradley Talbott,Home Office,United States,Los Angeles,California,90036.0,West,OFF-AP-10004532,Office Supplies,Appliances,Kensington 6 Outlet Guardian Standard Surge Protector,81.92,4,0.0,22.1184
1189,1190,CA-2020-117212,2020-02-26,2020-02-28,Second Class,BT-11530,Bradley Talbott,Home Office,United States,Los Angeles,California,90036.0,West,TEC-PH-10004447,Technology,Phones,Toshiba IPT2010-SD IP Telephone,889.5360000000001,8,0.2,66.71519999999998
1190,1191,CA-2020-117212,2020-02-26,2020-02-28,Second Class,BT-11530,Bradley Talbott,Home Office,United States,Los Angeles,California,90036.0,West,FUR-CH-10003973,Furniture,Chairs,GuestStacker Chair with Chrome Finish Legs,892.224,3,0.2,89.22240000000002
1191,1192,CA-2020-117212,2020-02-26,2020-02-28,Second Class,BT-11530,Bradley Talbott,Home Office,United States,Los Angeles,California,90036.0,West,OFF-PA-10001970,Office Supplies,Paper,Xerox 1908,223.92,4,0.0,109.7208
1192,1193,CA-2020-117212,2020-02-26,2020-02-28,Second Class,BT-11530,Bradley Talbott,Home Office,United States,Los Angeles,California,90036.0,West,OFF-PA-10000682,Office Supplies,Paper,Xerox 1924,23.12,4,0.0,11.328800000000001
1193,1194,US-2018-130519,2018-09-15,2018-09-15,Same Day,NG-18355,Nat Gilpin,Corporate,United States,Coral Springs,Florida,33065.0,South,OFF-PA-10001937,Office Supplies,Paper,Xerox 21,15.552000000000003,3,0.2,5.4432
1194,1195,US-2018-130519,2018-09-15,2018-09-15,Same Day,NG-18355,Nat Gilpin,Corporate,United States,Coral Springs,Florida,33065.0,South,FUR-FU-10002268,Furniture,Furnishings,Ultra Door Push Plate,15.712000000000002,4,0.2,2.553199999999999
1195,1196,US-2018-130519,2018-09-15,2018-09-15,Same Day,NG-18355,Nat Gilpin,Corporate,United States,Coral Springs,Florida,33065.0,South,OFF-ST-10001321,Office Supplies,Storage,"Decoflex Hanging Personal Folder File, Blue",24.672,2,0.2,2.158800000000002
1196,1197,US-2018-130519,2018-09-15,2018-09-15,Same Day,NG-18355,Nat Gilpin,Corporate,United States,Coral Springs,Florida,33065.0,South,FUR-FU-10003394,Furniture,Furnishings,"Tenex ""The Solids"" Textured Chair Mats",55.967999999999996,1,0.2,-2.098800000000006
1197,1198,CA-2019-130946,2019-04-08,2019-04-12,Standard Class,ZC-21910,Zuschuss Carroll,Consumer,United States,Houston,Texas,77041.0,Central,TEC-AC-10001990,Technology,Accessories,Kensington Orbit Wireless Mobile Trackball for PC and Mac,431.92800000000005,9,0.2,64.78919999999995
1198,1199,CA-2019-130946,2019-04-08,2019-04-12,Standard Class,ZC-21910,Zuschuss Carroll,Consumer,United States,Houston,Texas,77041.0,Central,FUR-CH-10004540,Furniture,Chairs,Global Chrome Stack Chair,95.984,4,0.3,-4.113599999999998
1199,1200,CA-2019-130946,2019-04-08,2019-04-12,Standard Class,ZC-21910,Zuschuss Carroll,Consumer,United States,Houston,Texas,77041.0,Central,OFF-BI-10004995,Office Supplies,Binders,GBC DocuBind P400 Electric Binding System,1088.7919999999997,4,0.8,-1850.9464000000007
1200,1201,CA-2019-114727,2019-07-18,2019-07-24,Standard Class,LS-16945,Linda Southworth,Corporate,United States,Denver,Colorado,80219.0,West,FUR-CH-10002335,Furniture,Chairs,Hon GuestStacker Chair,544.008,3,0.2,40.8006
1201,1202,CA-2019-114727,2019-07-18,2019-07-24,Standard Class,LS-16945,Linda Southworth,Corporate,United States,Denver,Colorado,80219.0,West,OFF-BI-10004967,Office Supplies,Binders,Round Ring Binders,1.8720000000000003,3,0.7,-1.4352
1202,1203,CA-2019-114727,2019-07-18,2019-07-24,Standard Class,LS-16945,Linda Southworth,Corporate,United States,Denver,Colorado,80219.0,West,FUR-CH-10002331,Furniture,Chairs,Hon 4700 Series Mobuis Mid-Back Task Chairs with Adjustable Arms,854.3520000000001,3,0.2,10.679399999999873
1203,1204,CA-2019-114727,2019-07-18,2019-07-24,Standard Class,LS-16945,Linda Southworth,Corporate,United States,Denver,Colorado,80219.0,West,OFF-ST-10002292,Office Supplies,Storage,"Sauder Facets Collection Locker/File Cabinet, Sky Alder Finish",593.5680000000001,2,0.2,0.0
1204,1205,CA-2019-114727,2019-07-18,2019-07-24,Standard Class,LS-16945,Linda Southworth,Corporate,United States,Denver,Colorado,80219.0,West,OFF-ST-10000689,Office Supplies,Storage,"Fellowes Strictly Business Drawer File, Letter/Legal Size",338.04,3,0.2,-33.804
1205,1206,CA-2020-133235,2020-08-01,2020-08-04,First Class,LH-16750,Larry Hughes,Consumer,United States,Charlotte,North Carolina,28205.0,South,TEC-PH-10002660,Technology,Phones,Nortel Networks T7316 E Nt8 B27,271.96,5,0.2,16.997500000000016
1206,1207,CA-2019-137050,2019-07-14,2019-07-18,Second Class,SW-20755,Steven Ward,Corporate,United States,New York City,New York,10009.0,East,OFF-ST-10004634,Office Supplies,Storage,"Personal Folder Holder, Ebony",11.21,1,0.0,3.3629999999999995
1207,1208,CA-2019-137050,2019-07-14,2019-07-18,Second Class,SW-20755,Steven Ward,Corporate,United States,New York City,New York,10009.0,East,OFF-BI-10002160,Office Supplies,Binders,Acco Hanging Data Binders,9.144,3,0.2,3.2003999999999997
1208,1209,CA-2019-137050,2019-07-14,2019-07-18,Second Class,SW-20755,Steven Ward,Corporate,United States,New York City,New York,10009.0,East,OFF-FA-10002988,Office Supplies,Fasteners,Ideal Clamps,14.069999999999999,7,0.0,6.894299999999999
1209,1210,CA-2019-137050,2019-07-14,2019-07-18,Second Class,SW-20755,Steven Ward,Corporate,United States,New York City,New York,10009.0,East,OFF-AR-10004999,Office Supplies,Art,Newell 315,41.86,7,0.0,10.465
1210,1211,CA-2019-137050,2019-07-14,2019-07-18,Second Class,SW-20755,Steven Ward,Corporate,United States,New York City,New York,10009.0,East,OFF-BI-10001031,Office Supplies,Binders,Pressboard Data Binders by Wilson Jones,8.544,2,0.2,2.8835999999999995
1211,1212,CA-2019-137050,2019-07-14,2019-07-18,Second Class,SW-20755,Steven Ward,Corporate,United States,New York City,New York,10009.0,East,FUR-BO-10004695,Furniture,Bookcases,O'Sullivan 2-Door Barrister Bookcase in Odessa Pine,579.136,4,0.2,21.717599999999948
1212,1213,US-2020-118087,2020-09-09,2020-09-13,Standard Class,SP-20620,Stefania Perrino,Corporate,United States,Philadelphia,Pennsylvania,19134.0,East,FUR-CH-10004860,Furniture,Chairs,Global Low Back Tilter Chair,141.37199999999999,2,0.3,-48.47040000000002
1213,1214,US-2020-118087,2020-09-09,2020-09-13,Standard Class,SP-20620,Stefania Perrino,Corporate,United States,Philadelphia,Pennsylvania,19134.0,East,OFF-BI-10002432,Office Supplies,Binders,Wilson Jones Standard D-Ring Binders,3.036,2,0.7,-2.3275999999999994
1214,1215,US-2020-118087,2020-09-09,2020-09-13,Standard Class,SP-20620,Stefania Perrino,Corporate,United States,Philadelphia,Pennsylvania,19134.0,East,OFF-BI-10000069,Office Supplies,Binders,"GBC Prepunched Paper, 19-Hole, for Binding Systems, 24-lb",4.503000000000001,1,0.7,-3.602400000000001
1215,1216,US-2020-118087,2020-09-09,2020-09-13,Standard Class,SP-20620,Stefania Perrino,Corporate,United States,Philadelphia,Pennsylvania,19134.0,East,OFF-AR-10003602,Office Supplies,Art,"Quartet Omega Colored Chalk, 12/Pack",4.672,1,0.2,1.5767999999999998
1216,1217,US-2020-118087,2020-09-09,2020-09-13,Standard Class,SP-20620,Stefania Perrino,Corporate,United States,Philadelphia,Pennsylvania,19134.0,East,TEC-AC-10004469,Technology,Accessories,Microsoft Sculpt Comfort Mouse,95.88000000000001,3,0.2,28.764000000000006
1217,1218,US-2020-118087,2020-09-09,2020-09-13,Standard Class,SP-20620,Stefania Perrino,Corporate,United States,Philadelphia,Pennsylvania,19134.0,East,FUR-FU-10001867,Furniture,Furnishings,"Eldon Expressions Punched Metal & Wood Desk Accessories, Pewter & Cherry",17.024,2,0.2,1.7024000000000008
1218,1219,US-2020-118087,2020-09-09,2020-09-13,Standard Class,SP-20620,Stefania Perrino,Corporate,United States,Philadelphia,Pennsylvania,19134.0,East,TEC-AC-10003174,Technology,Accessories,Plantronics S12 Corded Telephone Headset System,258.696,3,0.2,64.674
1219,1220,US-2020-118087,2020-09-09,2020-09-13,Standard Class,SP-20620,Stefania Perrino,Corporate,United States,Philadelphia,Pennsylvania,19134.0,East,TEC-PH-10002200,Technology,Phones,Samsung Galaxy Note 2,1931.9579999999999,7,0.4,-386.3915999999997
1220,1221,CA-2017-110184,2017-07-12,2017-07-16,Standard Class,BF-11170,Ben Ferrer,Home Office,United States,Los Angeles,California,90036.0,West,OFF-ST-10000107,Office Supplies,Storage,Fellowes Super Stor/Drawer,249.75,9,0.0,44.95499999999998
1221,1222,CA-2017-110184,2017-07-12,2017-07-16,Standard Class,BF-11170,Ben Ferrer,Home Office,United States,Los Angeles,California,90036.0,West,TEC-PH-10000439,Technology,Phones,GE DSL Phone Line Filter,255.93600000000004,8,0.2,28.79279999999997
1222,1223,CA-2019-126004,2019-12-04,2019-12-05,First Class,BM-11140,Becky Martin,Consumer,United States,New York City,New York,10024.0,East,FUR-FU-10001602,Furniture,Furnishings,"Eldon Delta Triangular Chair Mat, 52"" x 58"", Clear",113.78999999999999,3,0.0,20.48219999999999
1223,1224,CA-2019-126004,2019-12-04,2019-12-05,First Class,BM-11140,Becky Martin,Consumer,United States,New York City,New York,10024.0,East,TEC-AC-10001432,Technology,Accessories,Enermax Aurora Lite Keyboard,78.15,1,0.0,34.38600000000001
1224,1225,CA-2019-126004,2019-12-04,2019-12-05,First Class,BM-11140,Becky Martin,Consumer,United States,New York City,New York,10024.0,East,OFF-BI-10004656,Office Supplies,Binders,Peel & Stick Add-On Corner Pockets,1.7280000000000002,1,0.2,0.6047999999999999
1225,1226,CA-2019-126004,2019-12-04,2019-12-05,First Class,BM-11140,Becky Martin,Consumer,United States,New York City,New York,10024.0,East,OFF-PA-10001685,Office Supplies,Paper,Easy-staple paper,40.56,4,0.0,19.8744
1226,1227,CA-2019-126004,2019-12-04,2019-12-05,First Class,BM-11140,Becky Martin,Consumer,United States,New York City,New York,10024.0,East,OFF-ST-10001418,Office Supplies,Storage,Carina Media Storage Towers in Natural & Black,182.94,3,0.0,3.6587999999999994
1227,1228,CA-2019-126004,2019-12-04,2019-12-05,First Class,BM-11140,Becky Martin,Consumer,United States,New York City,New York,10024.0,East,OFF-ST-10000676,Office Supplies,Storage,Fellowes Econo/Stor Drawers,193.86,2,0.0,11.631599999999992
1228,1229,CA-2020-100013,2020-11-06,2020-11-11,Standard Class,ZC-21910,Zuschuss Carroll,Consumer,United States,Los Angeles,California,90045.0,West,OFF-EN-10001219,Office Supplies,Envelopes,"#10- 4 1/8"" x 9 1/2"" Security-Tint Envelopes",15.28,2,0.0,7.4872
1229,1230,CA-2020-100013,2020-11-06,2020-11-11,Standard Class,ZC-21910,Zuschuss Carroll,Consumer,United States,Los Angeles,California,90045.0,West,FUR-FU-10001424,Furniture,Furnishings,Dax Clear Box Frame,8.73,1,0.0,2.9681999999999995
1230,1231,CA-2020-100013,2020-11-06,2020-11-11,Standard Class,ZC-21910,Zuschuss Carroll,Consumer,United States,Los Angeles,California,90045.0,West,OFF-AR-10001022,Office Supplies,Art,SANFORD Liquid Accent Tank-Style Highlighters,5.68,2,0.0,1.7607999999999997
1231,1232,CA-2018-132570,2018-10-31,2018-11-02,Second Class,KT-16480,Kean Thornton,Consumer,United States,Buffalo,New York,14215.0,East,OFF-AR-10000369,Office Supplies,Art,Design Ebony Sketching Pencil,2.78,2,0.0,0.7227999999999999
1232,1233,CA-2018-132570,2018-10-31,2018-11-02,Second Class,KT-16480,Kean Thornton,Consumer,United States,Buffalo,New York,14215.0,East,OFF-EN-10003055,Office Supplies,Envelopes,"Blue String-Tie & Button Interoffice Envelopes, 10 x 13",79.96,2,0.0,35.98199999999999
1233,1234,CA-2019-153682,2019-05-30,2019-06-01,First Class,BG-11695,Brooke Gillingham,Corporate,United States,Cincinnati,Ohio,45231.0,East,TEC-CO-10001046,Technology,Copiers,Canon Imageclass D680 Copier / Fax,839.9879999999999,2,0.4,69.99899999999991
1234,1235,CA-2019-144344,2019-10-28,2019-10-28,Same Day,PG-18820,Patrick Gardner,Consumer,United States,Boynton Beach,Florida,33437.0,South,FUR-FU-10000076,Furniture,Furnishings,24-Hour Round Wall Clock,47.952000000000005,3,0.2,13.786200000000006
1235,1236,CA-2019-144344,2019-10-28,2019-10-28,Same Day,PG-18820,Patrick Gardner,Consumer,United States,Boynton Beach,Florida,33437.0,South,OFF-BI-10003719,Office Supplies,Binders,Large Capacity Hanging Post Binders,37.425000000000004,5,0.7,-29.940000000000012
1236,1237,CA-2019-144344,2019-10-28,2019-10-28,Same Day,PG-18820,Patrick Gardner,Consumer,United States,Boynton Beach,Florida,33437.0,South,FUR-FU-10003268,Furniture,Furnishings,Eldon Radial Chair Mat for Low to Medium Pile Carpets,63.967999999999996,2,0.2,0.0
1237,1238,CA-2019-144344,2019-10-28,2019-10-28,Same Day,PG-18820,Patrick Gardner,Consumer,United States,Boynton Beach,Florida,33437.0,South,FUR-FU-10003553,Furniture,Furnishings,"Howard Miller 13-1/2"" Diameter Rosebrook Wall Clock",165.048,3,0.2,41.262
1238,1239,CA-2017-127012,2017-08-11,2017-08-15,Standard Class,GM-14680,Greg Matthias,Consumer,United States,Seattle,Washington,98105.0,West,FUR-FU-10003691,Furniture,Furnishings,"Eldon Image Series Desk Accessories, Ebony",12.35,1,0.0,5.434
1239,1240,CA-2017-127012,2017-08-11,2017-08-15,Standard Class,GM-14680,Greg Matthias,Consumer,United States,Seattle,Washington,98105.0,West,OFF-AR-10003903,Office Supplies,Art,Sanford 52201 APSCO Electric Pencil Sharpener,40.97,1,0.0,10.6522
1240,1241,CA-2017-127012,2017-08-11,2017-08-15,Standard Class,GM-14680,Greg Matthias,Consumer,United States,Seattle,Washington,98105.0,West,OFF-FA-10004854,Office Supplies,Fasteners,"Vinyl Coated Wire Paper Clips in Organizer Box, 800/Box",22.96,2,0.0,10.7912
1241,1242,CA-2019-128727,2019-08-29,2019-09-04,Standard Class,MO-17800,Meg O'Connel,Home Office,United States,New York City,New York,10024.0,East,TEC-PH-10003442,Technology,Phones,Samsung Replacement EH64AVFWE Premium Headset,22.0,4,0.0,5.5
1242,1243,US-2019-162859,2019-02-15,2019-02-22,Standard Class,PG-18820,Patrick Gardner,Consumer,United States,New York City,New York,10009.0,East,OFF-BI-10004519,Office Supplies,Binders,GBC DocuBind P100 Manual Binding Machine,398.352,3,0.2,124.48499999999999
1243,1244,US-2019-162859,2019-02-15,2019-02-22,Standard Class,PG-18820,Patrick Gardner,Consumer,United States,New York City,New York,10009.0,East,OFF-FA-10000304,Office Supplies,Fasteners,Advantus Push Pins,8.72,4,0.0,3.5752000000000006
1244,1245,CA-2020-133641,2020-05-14,2020-05-21,Standard Class,EJ-14155,Eva Jacobs,Consumer,United States,Gulfport,Mississippi,39503.0,South,OFF-EN-10004955,Office Supplies,Envelopes,Fashion Color Clasp Envelopes,48.69,9,0.0,23.8581
1245,1246,CA-2017-168494,2017-12-12,2017-12-14,Second Class,NP-18700,Nora Preis,Consumer,United States,Fresno,California,93727.0,West,FUR-TA-10004619,Furniture,Tables,Hon Non-Folding Utility Tables,764.6880000000001,6,0.2,95.5859999999999
1246,1247,CA-2017-168494,2017-12-12,2017-12-14,Second Class,NP-18700,Nora Preis,Consumer,United States,Fresno,California,93727.0,West,FUR-TA-10003473,Furniture,Tables,Bretford Rectangular Conference Table Tops,3610.848,12,0.2,135.4068000000002
1247,1248,CA-2017-168494,2017-12-12,2017-12-14,Second Class,NP-18700,Nora Preis,Consumer,United States,Fresno,California,93727.0,West,FUR-BO-10004467,Furniture,Bookcases,Bestar Classic Bookcase,254.97449999999998,3,0.15,11.998799999999989
1248,1249,CA-2020-115602,2020-12-18,2020-12-24,Standard Class,DJ-13630,Doug Jacobs,Consumer,United States,New York City,New York,10009.0,East,OFF-AR-10002280,Office Supplies,Art,Staples in misc. colors,38.82,6,0.0,17.468999999999998
1249,1250,CA-2020-115602,2020-12-18,2020-12-24,Standard Class,DJ-13630,Doug Jacobs,Consumer,United States,New York City,New York,10009.0,East,FUR-CH-10001708,Furniture,Chairs,Office Star - Contemporary Swivel Chair with Padded Adjustable Arms and Flex Back,1141.9379999999999,9,0.1,139.5701999999999
1250,1251,CA-2020-115602,2020-12-18,2020-12-24,Standard Class,DJ-13630,Doug Jacobs,Consumer,United States,New York City,New York,10009.0,East,OFF-AP-10000891,Office Supplies,Appliances,Kensington 7 Outlet MasterPiece HOMEOFFICE Power Control Center,1704.56,13,0.0,511.368
1251,1252,CA-2020-115602,2020-12-18,2020-12-24,Standard Class,DJ-13630,Doug Jacobs,Consumer,United States,New York City,New York,10009.0,East,OFF-AR-10000462,Office Supplies,Art,Sanford Pocket Accent Highlighters,3.2,2,0.0,1.3760000000000003
1252,1253,CA-2018-154956,2018-07-04,2018-07-09,Standard Class,IM-15070,Irene Maddox,Consumer,United States,Milwaukee,Wisconsin,53209.0,Central,TEC-PH-10004165,Technology,Phones,Mitel MiVoice 5330e IP Phone,1099.96,4,0.0,285.9896
1253,1254,CA-2020-144638,2020-03-10,2020-03-14,Standard Class,MH-18115,Mick Hernandez,Home Office,United States,Chester,Pennsylvania,19013.0,East,OFF-AR-10003958,Office Supplies,Art,Newell 337,5.248,2,0.2,0.5903999999999991
1254,1255,CA-2020-144638,2020-03-10,2020-03-14,Standard Class,MH-18115,Mick Hernandez,Home Office,United States,Chester,Pennsylvania,19013.0,East,TEC-PH-10000149,Technology,Phones,Cisco SPA525G2 IP Phone - Wireless,35.91,3,0.4,-8.379000000000003
1255,1256,CA-2020-144638,2020-03-10,2020-03-14,Standard Class,MH-18115,Mick Hernandez,Home Office,United States,Chester,Pennsylvania,19013.0,East,FUR-FU-10003724,Furniture,Furnishings,Westinghouse Clip-On Gooseneck Lamps,6.696,1,0.2,0.5021999999999998
1256,1257,CA-2020-144638,2020-03-10,2020-03-14,Standard Class,MH-18115,Mick Hernandez,Home Office,United States,Chester,Pennsylvania,19013.0,East,FUR-FU-10003535,Furniture,Furnishings,Howard Miller Distant Time Traveler Alarm Clock,43.87200000000001,2,0.2,11.516399999999999
1257,1258,US-2019-168620,2019-12-24,2019-12-28,Second Class,RB-19795,Ross Baird,Home Office,United States,Charlotte,North Carolina,28205.0,South,OFF-BI-10001575,Office Supplies,Binders,GBC Linen Binding Covers,27.882000000000005,3,0.7,-20.446799999999996
1258,1259,US-2019-168620,2019-12-24,2019-12-28,Second Class,RB-19795,Ross Baird,Home Office,United States,Charlotte,North Carolina,28205.0,South,OFF-ST-10003716,Office Supplies,Storage,Tennsco Double-Tier Lockers,540.048,3,0.2,-47.2542
1259,1260,US-2019-168620,2019-12-24,2019-12-28,Second Class,RB-19795,Ross Baird,Home Office,United States,Charlotte,North Carolina,28205.0,South,TEC-AC-10004469,Technology,Accessories,Microsoft Sculpt Comfort Mouse,255.68000000000004,8,0.2,76.70400000000001
1260,1261,CA-2020-117079,2020-10-23,2020-10-27,Standard Class,JR-15700,Jocasta Rupert,Consumer,United States,Jacksonville,Florida,32216.0,South,TEC-PH-10004586,Technology,Phones,Wilson SignalBoost 841262 DB PRO Amplifier Kit,863.8799999999999,3,0.2,107.98499999999996
1261,1262,US-2019-144393,2019-10-28,2019-11-04,Standard Class,SM-20950,Suzanne McNair,Corporate,United States,Greenville,North Carolina,27834.0,South,OFF-BI-10004236,Office Supplies,Binders,"XtraLife ClearVue Slant-D Ring Binder, White, 3""",17.616000000000003,4,0.7,-14.0928
1262,1263,CA-2020-105053,2020-07-07,2020-07-09,Second Class,CS-12355,Christine Sundaresam,Consumer,United States,Long Beach,New York,11561.0,East,OFF-BI-10001634,Office Supplies,Binders,Wilson Jones Active Use Binders,17.472,3,0.2,6.333600000000001
1263,1264,CA-2019-155992,2019-10-01,2019-10-02,First Class,CC-12220,Chris Cortes,Consumer,United States,La Porte,Indiana,46350.0,Central,TEC-PH-10000215,Technology,Phones,Plantronics Cordless Phone Headset with In-line Volume - M214C,69.9,2,0.0,18.873000000000005
1264,1265,CA-2019-155992,2019-10-01,2019-10-02,First Class,CC-12220,Chris Cortes,Consumer,United States,La Porte,Indiana,46350.0,Central,FUR-FU-10003724,Furniture,Furnishings,Westinghouse Clip-On Gooseneck Lamps,41.849999999999994,5,0.0,10.880999999999998
1265,1266,CA-2020-110380,2020-09-02,2020-09-07,Standard Class,PF-19225,Phillip Flathmann,Consumer,United States,San Francisco,California,94122.0,West,OFF-AR-10000422,Office Supplies,Art,Pencil and Crayon Sharpener,6.57,3,0.0,1.7738999999999998
1266,1267,US-2017-167738,2017-12-24,2017-12-29,Standard Class,JC-16105,Julie Creighton,Corporate,United States,Los Angeles,California,90045.0,West,OFF-ST-10003306,Office Supplies,Storage,Letter Size Cart,142.86,1,0.0,41.42939999999999
1267,1268,US-2017-167738,2017-12-24,2017-12-29,Standard Class,JC-16105,Julie Creighton,Corporate,United States,Los Angeles,California,90045.0,West,FUR-CH-10001146,Furniture,Chairs,"Global Value Mid-Back Manager's Chair, Gray",292.27200000000005,6,0.2,18.266999999999967
1268,1269,CA-2020-121412,2020-09-23,2020-09-27,Standard Class,BG-11695,Brooke Gillingham,Corporate,United States,Louisville,Colorado,80027.0,West,FUR-FU-10000246,Furniture,Furnishings,Aluminum Document Frame,29.328000000000003,3,0.2,3.665999999999995
1269,1270,CA-2020-100426,2020-06-04,2020-06-08,Standard Class,DC-12850,Dan Campbell,Consumer,United States,Florence,Alabama,35630.0,South,OFF-PA-10002870,Office Supplies,Paper,"Ampad Phone Message Book, Recycled, 400 Message Capacity, 5 ¾” x 11”",12.48,2,0.0,5.616
1270,1271,US-2019-103646,2019-04-21,2019-04-26,Standard Class,SP-20545,Sibella Parks,Corporate,United States,Chicago,Illinois,60623.0,Central,OFF-ST-10000563,Office Supplies,Storage,Fellowes Bankers Box Stor/Drawer Steel Plus,102.33600000000001,4,0.2,-12.792000000000002
1271,1272,US-2019-103646,2019-04-21,2019-04-26,Standard Class,SP-20545,Sibella Parks,Corporate,United States,Chicago,Illinois,60623.0,Central,OFF-AP-10004487,Office Supplies,Appliances,Kensington 4 Outlet MasterPiece Compact Power Control Center,48.79199999999999,3,0.8,-126.85920000000002
1272,1273,US-2019-103646,2019-04-21,2019-04-26,Standard Class,SP-20545,Sibella Parks,Corporate,United States,Chicago,Illinois,60623.0,Central,OFF-BI-10002854,Office Supplies,Binders,"Performers Binder/Pad Holder, Black",44.84799999999999,8,0.8,-67.27200000000002
1273,1274,CA-2019-119186,2019-05-26,2019-05-26,Same Day,MS-17710,Maurice Satty,Consumer,United States,Fort Worth,Texas,76106.0,Central,OFF-PA-10004621,Office Supplies,Paper,Xerox 212,10.368000000000002,2,0.2,3.6288
1274,1275,CA-2019-119186,2019-05-26,2019-05-26,Same Day,MS-17710,Maurice Satty,Consumer,United States,Fort Worth,Texas,76106.0,Central,FUR-CH-10001973,Furniture,Chairs,Office Star Flex Back Scooter Chair with White Frame,388.42999999999995,5,0.3,-88.78399999999998
1275,1276,CA-2019-119186,2019-05-26,2019-05-26,Same Day,MS-17710,Maurice Satty,Consumer,United States,Fort Worth,Texas,76106.0,Central,OFF-PA-10004040,Office Supplies,Paper,Universal Premium White Copier/Laser Paper (20Lb. and 87 Bright),14.352000000000002,3,0.2,5.2026
1276,1277,CA-2019-119186,2019-05-26,2019-05-26,Same Day,MS-17710,Maurice Satty,Consumer,United States,Fort Worth,Texas,76106.0,Central,TEC-AC-10000580,Technology,Accessories,Logitech G13 Programmable Gameboard with LCD Display,63.992,1,0.2,-7.199099999999996
1277,1278,CA-2019-148698,2019-05-02,2019-05-07,Standard Class,BD-11770,Bryan Davis,Consumer,United States,Houston,Texas,77070.0,Central,OFF-AR-10004022,Office Supplies,Art,Panasonic KP-380BK Classic Electric Pencil Sharpener,86.352,3,0.2,5.396999999999991
1278,1279,CA-2017-163293,2017-09-08,2017-09-11,First Class,KC-16255,Karen Carlisle,Corporate,United States,Macon,Georgia,31204.0,South,TEC-AC-10004209,Technology,Accessories,Memorex Froggy Flash Drive 4 GB,32.97,3,0.0,12.8583
1279,1280,CA-2017-163293,2017-09-08,2017-09-11,First Class,KC-16255,Karen Carlisle,Corporate,United States,Macon,Georgia,31204.0,South,TEC-AC-10000023,Technology,Accessories,"Maxell 74 Minute CD-R Spindle, 50/Pack",83.88,4,0.0,30.196799999999996
1280,1281,CA-2019-160815,2019-09-05,2019-09-06,First Class,TR-21325,Toby Ritter,Consumer,United States,Cedar Rapids,Iowa,52402.0,Central,TEC-PH-10003505,Technology,Phones,Geemarc AmpliPOWER60,278.4,3,0.0,80.73599999999998
1281,1282,CA-2020-122154,2020-04-09,2020-04-11,First Class,SA-20830,Sue Ann Reed,Consumer,United States,Jacksonville,Florida,32216.0,South,OFF-LA-10000121,Office Supplies,Labels,Avery 48,15.120000000000001,3,0.2,4.913999999999999
1282,1283,CA-2020-122154,2020-04-09,2020-04-11,First Class,SA-20830,Sue Ann Reed,Consumer,United States,Jacksonville,Florida,32216.0,South,OFF-BI-10002026,Office Supplies,Binders,Avery Arch Ring Binders,17.430000000000003,1,0.7,-13.363000000000003
1283,1284,CA-2020-122154,2020-04-09,2020-04-11,First Class,SA-20830,Sue Ann Reed,Consumer,United States,Jacksonville,Florida,32216.0,South,OFF-PA-10000994,Office Supplies,Paper,Xerox 1915,251.64,3,0.2,88.07399999999998
1284,1285,US-2018-149692,2018-12-06,2018-12-12,Standard Class,KW-16435,Katrina Willman,Consumer,United States,Austin,Texas,78745.0,Central,OFF-BI-10002813,Office Supplies,Binders,Avery Reinforcements for Hole-Punch Pages,2.7719999999999994,7,0.8,-4.851000000000001
1285,1286,CA-2019-119445,2019-06-26,2019-07-03,Standard Class,GM-14500,Gene McClure,Consumer,United States,Providence,Rhode Island,2908.0,East,OFF-ST-10000617,Office Supplies,Storage,Woodgrain Magazine Files by Perma,14.9,5,0.0,1.0429999999999984
1286,1287,CA-2018-124268,2018-07-04,2018-07-08,Standard Class,AD-10180,Alan Dominguez,Home Office,United States,New York City,New York,10035.0,East,OFF-AR-10004817,Office Supplies,Art,Colorific Watercolor Pencils,15.48,3,0.0,4.4891999999999985
1287,1288,CA-2019-154711,2019-11-22,2019-11-26,Standard Class,TB-21355,Todd Boyes,Corporate,United States,New York City,New York,10009.0,East,FUR-FU-10000397,Furniture,Furnishings,Luxo Economy Swing Arm Lamp,39.88,2,0.0,11.166400000000003
1288,1289,CA-2019-154711,2019-11-22,2019-11-26,Standard Class,TB-21355,Todd Boyes,Corporate,United States,New York City,New York,10009.0,East,OFF-BI-10000605,Office Supplies,Binders,"Acco Pressboard Covers with Storage Hooks, 9 1/2"" x 11"", Executive Red",12.192,4,0.2,4.114799999999999
1289,1290,CA-2019-154711,2019-11-22,2019-11-26,Standard Class,TB-21355,Todd Boyes,Corporate,United States,New York City,New York,10009.0,East,OFF-AR-10001860,Office Supplies,Art,BIC Liqua Brite Liner,20.82,3,0.0,7.4952000000000005
1290,1291,CA-2019-163384,2019-11-10,2019-11-12,First Class,CC-12430,Chuck Clark,Home Office,United States,San Francisco,California,94122.0,West,OFF-BI-10004970,Office Supplies,Binders,"ACCOHIDE 3-Ring Binder, Blue, 1""",13.216000000000001,4,0.2,4.4604
1291,1292,CA-2019-163384,2019-11-10,2019-11-12,First Class,CC-12430,Chuck Clark,Home Office,United States,San Francisco,California,94122.0,West,OFF-PA-10003172,Office Supplies,Paper,Xerox 1996,32.400000000000006,5,0.0,15.552000000000001
1292,1293,CA-2018-101707,2018-08-27,2018-09-01,Standard Class,PF-19165,Philip Fox,Consumer,United States,San Diego,California,92105.0,West,OFF-SU-10001218,Office Supplies,Supplies,Fiskars Softgrip Scissors,32.94,3,0.0,9.223200000000002
1293,1294,CA-2018-101707,2018-08-27,2018-09-01,Standard Class,PF-19165,Philip Fox,Consumer,United States,San Diego,California,92105.0,West,OFF-PA-10002968,Office Supplies,Paper,Xerox 1973,114.2,5,0.0,52.532
1294,1295,CA-2018-101707,2018-08-27,2018-09-01,Standard Class,PF-19165,Philip Fox,Consumer,United States,San Diego,California,92105.0,West,OFF-LA-10000134,Office Supplies,Labels,Avery 511,3.08,1,0.0,1.4784
1295,1296,CA-2018-138898,2018-05-25,2018-05-29,Standard Class,JH-16180,Justin Hirsh,Consumer,United States,Pueblo,Colorado,81001.0,West,OFF-AP-10004487,Office Supplies,Appliances,Kensington 4 Outlet MasterPiece Compact Power Control Center,845.728,13,0.2,84.57279999999994
1296,1297,CA-2020-115427,2020-12-30,2021-01-03,Standard Class,EB-13975,Erica Bern,Corporate,United States,Fairfield,California,94533.0,West,OFF-BI-10002103,Office Supplies,Binders,"Cardinal Slant-D Ring Binder, Heavy Gauge Vinyl",13.904,2,0.2,4.5188
1297,1298,CA-2020-115427,2020-12-30,2021-01-03,Standard Class,EB-13975,Erica Bern,Corporate,United States,Fairfield,California,94533.0,West,OFF-BI-10004632,Office Supplies,Binders,GBC Binding covers,20.72,2,0.2,6.474999999999998
1298,1299,CA-2019-134425,2019-12-08,2019-12-12,Second Class,QJ-19255,Quincy Jones,Corporate,United States,Saint Paul,Minnesota,55106.0,Central,TEC-PH-10003555,Technology,Phones,Motorola HK250 Universal Bluetooth Headset,114.94999999999999,5,0.0,2.2990000000000066
1299,1300,CA-2018-121391,2018-10-04,2018-10-07,First Class,AA-10315,Alex Avila,Consumer,United States,San Francisco,California,94109.0,West,OFF-ST-10001590,Office Supplies,Storage,"Tenex Personal Project File with Scoop Front Design, Black",26.96,2,0.0,7.009599999999999
1300,1301,CA-2019-137043,2019-12-23,2019-12-25,Second Class,LC-17140,Logan Currie,Consumer,United States,Springfield,Virginia,22153.0,South,FUR-FU-10003664,Furniture,Furnishings,"Electrix Architect's Clamp-On Swing Arm Lamp, Black",572.76,6,0.0,166.10039999999995
1301,1302,CA-2019-137043,2019-12-23,2019-12-25,Second Class,LC-17140,Logan Currie,Consumer,United States,Springfield,Virginia,22153.0,South,FUR-FU-10003664,Furniture,Furnishings,"Electrix Architect's Clamp-On Swing Arm Lamp, Black",286.38,3,0.0,83.05019999999998
1302,1303,CA-2018-115847,2018-09-19,2018-09-24,Second Class,TC-21535,Tracy Collins,Home Office,United States,Arlington,Virginia,22204.0,South,FUR-BO-10003433,Furniture,Bookcases,Sauder Cornerstone Collection Library,61.96,2,0.0,4.337199999999996
1303,1304,US-2020-126179,2020-07-03,2020-07-07,Standard Class,CS-12460,Chuck Sachs,Consumer,United States,Columbus,Georgia,31907.0,South,FUR-FU-10002554,Furniture,Furnishings,"Westinghouse Floor Lamp with Metal Mesh Shade, Black",23.99,1,0.0,5.517699999999998
1304,1305,US-2020-126179,2020-07-03,2020-07-07,Standard Class,CS-12460,Chuck Sachs,Consumer,United States,Columbus,Georgia,31907.0,South,TEC-PH-10001557,Technology,Phones,Pyle PMP37LED,287.96999999999997,3,0.0,77.75189999999999
1305,1306,CA-2019-101966,2019-07-14,2019-07-16,Second Class,BM-11785,Bryan Mills,Consumer,United States,Houston,Texas,77036.0,Central,TEC-PH-10003437,Technology,Phones,Blue Parrot B250XT Professional Grade Wireless Bluetooth Headset with,419.94399999999996,7,0.2,52.49299999999997
1306,1307,CA-2019-141397,2019-06-20,2019-06-21,First Class,RC-19825,Roy Collins,Consumer,United States,Pasadena,California,91104.0,West,OFF-PA-10002986,Office Supplies,Paper,Xerox 1898,46.76,7,0.0,22.4448
1307,1308,CA-2019-141397,2019-06-20,2019-06-21,First Class,RC-19825,Roy Collins,Consumer,United States,Pasadena,California,91104.0,West,OFF-BI-10000320,Office Supplies,Binders,GBC Plastic Binding Combs,17.712,3,0.2,6.420600000000001
1308,1309,CA-2019-141397,2019-06-20,2019-06-21,First Class,RC-19825,Roy Collins,Consumer,United States,Pasadena,California,91104.0,West,OFF-AP-10003971,Office Supplies,Appliances,Belkin 6 Outlet Metallic Surge Strip,21.78,2,0.0,5.662800000000001
1309,1310,CA-2019-141397,2019-06-20,2019-06-21,First Class,RC-19825,Roy Collins,Consumer,United States,Pasadena,California,91104.0,West,OFF-ST-10001469,Office Supplies,Storage,Fellowes Bankers Box Recycled Super Stor/Drawer,161.94,3,0.0,9.716399999999993
1310,1311,CA-2019-141397,2019-06-20,2019-06-21,First Class,RC-19825,Roy Collins,Consumer,United States,Pasadena,California,91104.0,West,FUR-CH-10003846,Furniture,Chairs,Hon Valutask Swivel Chairs,161.568,2,0.2,-8.078399999999995
1311,1312,CA-2019-141082,2019-12-09,2019-12-13,Standard Class,FM-14380,Fred McMath,Consumer,United States,Lawrence,Massachusetts,1841.0,East,OFF-LA-10001404,Office Supplies,Labels,Avery 517,3.69,1,0.0,1.7343
1312,1313,CA-2019-141082,2019-12-09,2019-12-13,Standard Class,FM-14380,Fred McMath,Consumer,United States,Lawrence,Massachusetts,1841.0,East,OFF-LA-10001474,Office Supplies,Labels,Avery 477,122.12,4,0.0,56.175200000000004
1313,1314,US-2019-134488,2019-09-24,2019-10-01,Standard Class,PK-19075,Pete Kriz,Consumer,United States,Columbus,Ohio,43229.0,East,FUR-CH-10003199,Furniture,Chairs,Office Star - Contemporary Task Swivel Chair,155.37199999999999,2,0.3,-13.317599999999999
1314,1315,CA-2019-145919,2019-12-18,2019-12-23,Standard Class,HG-14965,Henry Goldwyn,Corporate,United States,Los Angeles,California,90032.0,West,OFF-PA-10003072,Office Supplies,Paper,"Eureka Recycled Copy Paper 8 1/2"" x 11"", Ream",38.88,6,0.0,18.6624
1315,1316,CA-2019-145919,2019-12-18,2019-12-23,Standard Class,HG-14965,Henry Goldwyn,Corporate,United States,Los Angeles,California,90032.0,West,FUR-FU-10004960,Furniture,Furnishings,"Seth Thomas 12"" Clock w/ Goldtone Case",183.84,8,0.0,62.5056
1316,1317,CA-2019-145919,2019-12-18,2019-12-23,Standard Class,HG-14965,Henry Goldwyn,Corporate,United States,Los Angeles,California,90032.0,West,OFF-SU-10003505,Office Supplies,Supplies,Premier Electric Letter Opener,579.3,5,0.0,28.96499999999996
1317,1318,CA-2020-157651,2020-12-10,2020-12-14,Standard Class,HA-14920,Helen Andreada,Consumer,United States,Philadelphia,Pennsylvania,19120.0,East,TEC-AC-10003116,Technology,Accessories,Memorex Froggy Flash Drive 8 GB,14.200000000000001,1,0.2,3.372499999999999
1318,1319,CA-2017-160773,2017-07-01,2017-07-05,Standard Class,LW-16825,Laurel Workman,Corporate,United States,Deltona,Florida,32725.0,South,TEC-PH-10004586,Technology,Phones,Wilson SignalBoost 841262 DB PRO Amplifier Kit,575.92,2,0.2,71.98999999999998
1319,1320,CA-2017-160773,2017-07-01,2017-07-05,Standard Class,LW-16825,Laurel Workman,Corporate,United States,Deltona,Florida,32725.0,South,OFF-BI-10000546,Office Supplies,Binders,Avery Durable Binders,5.184000000000001,6,0.7,-3.6288
1320,1321,CA-2020-167703,2020-02-03,2020-02-08,Standard Class,MC-17575,Matt Collins,Consumer,United States,Cincinnati,Ohio,45231.0,East,OFF-BI-10002071,Office Supplies,Binders,Fellowes Black Plastic Comb Bindings,5.229,3,0.7,-4.183199999999998
1321,1322,CA-2020-167703,2020-02-03,2020-02-08,Standard Class,MC-17575,Matt Collins,Consumer,United States,Cincinnati,Ohio,45231.0,East,OFF-ST-10001490,Office Supplies,Storage,"Hot File 7-Pocket, Floor Stand",285.552,2,0.2,35.69399999999996
1322,1323,CA-2020-121804,2020-03-03,2020-03-08,Standard Class,LP-17095,Liz Preis,Consumer,United States,Murray,Kentucky,42071.0,South,OFF-AP-10004859,Office Supplies,Appliances,Acco 6 Outlet Guardian Premium Surge Suppressor,72.8,5,0.0,19.656000000000002
1323,1324,CA-2020-162635,2020-10-09,2020-10-10,First Class,EB-14170,Evan Bailliet,Consumer,United States,Wilmington,North Carolina,28403.0,South,OFF-PA-10002659,Office Supplies,Paper,Avoid Verbal Orders Carbonless Minifold Book,10.816,4,0.2,3.5151999999999988
1324,1325,CA-2017-107153,2017-09-28,2017-10-03,Standard Class,GZ-14545,George Zrebassa,Corporate,United States,Lawrence,Massachusetts,1841.0,East,OFF-ST-10001321,Office Supplies,Storage,"Decoflex Hanging Personal Folder File, Blue",46.26,3,0.0,12.490200000000003
1325,1326,US-2017-117058,2017-05-27,2017-05-30,First Class,LE-16810,Laurel Elliston,Consumer,United States,Chicago,Illinois,60653.0,Central,OFF-BI-10004139,Office Supplies,Binders,Fellowes Presentation Covers for Comb Binding Machines,17.459999999999997,6,0.8,-30.555000000000007
1326,1327,CA-2018-120439,2018-06-14,2018-06-18,Standard Class,AD-10180,Alan Dominguez,Home Office,United States,Philadelphia,Pennsylvania,19120.0,East,FUR-FU-10001867,Furniture,Furnishings,"Eldon Expressions Punched Metal & Wood Desk Accessories, Pewter & Cherry",51.072,6,0.2,5.107200000000002
1327,1328,CA-2019-128258,2019-03-30,2019-04-01,First Class,CP-12085,Cathy Prescott,Corporate,United States,Norwich,Connecticut,6360.0,East,OFF-PA-10004156,Office Supplies,Paper,Xerox 188,11.34,1,0.0,5.5565999999999995
1328,1329,CA-2020-106033,2020-10-15,2020-10-18,Second Class,FG-14260,Frank Gastineau,Home Office,United States,San Francisco,California,94110.0,West,OFF-AR-10002818,Office Supplies,Art,Panasonic KP-310 Heavy-Duty Electric Pencil Sharpener,87.92,4,0.0,26.375999999999998
1329,1330,CA-2019-142762,2019-05-23,2019-05-27,Standard Class,LD-17005,Lisa DeCherney,Consumer,United States,San Francisco,California,94109.0,West,FUR-FU-10003691,Furniture,Furnishings,"Eldon Image Series Desk Accessories, Ebony",37.05,3,0.0,16.302
1330,1331,CA-2020-127705,2020-06-02,2020-06-06,Standard Class,AB-10255,Alejandro Ballentine,Home Office,United States,Lorain,Ohio,44052.0,East,TEC-PH-10000347,Technology,Phones,Cush Cases Heavy Duty Rugged Cover Case for Samsung Galaxy S5 - Purple,2.97,1,0.4,-0.6435000000000002
1331,1332,CA-2020-127705,2020-06-02,2020-06-06,Standard Class,AB-10255,Alejandro Ballentine,Home Office,United States,Lorain,Ohio,44052.0,East,OFF-ST-10004507,Office Supplies,Storage,Advantus Rolling Storage Box,27.439999999999998,2,0.2,2.401
1332,1333,CA-2017-122567,2017-02-16,2017-02-21,Standard Class,MN-17935,Michael Nguyen,Consumer,United States,Dallas,Texas,75220.0,Central,OFF-BI-10002012,Office Supplies,Binders,Wilson Jones Easy Flow II Sheet Lifters,1.0799999999999998,3,0.8,-1.7280000000000002
1333,1334,CA-2017-122567,2017-02-16,2017-02-21,Standard Class,MN-17935,Michael Nguyen,Consumer,United States,Dallas,Texas,75220.0,Central,OFF-AP-10001303,Office Supplies,Appliances,"Holmes Cool Mist Humidifier for the Whole House with 8-Gallon Output per Day, Extended Life Filter",7.959999999999997,2,0.8,-13.930000000000003
1334,1335,CA-2017-121664,2017-05-06,2017-05-10,Standard Class,HP-14815,Harold Pawlan,Home Office,United States,Los Angeles,California,90049.0,West,OFF-BI-10003684,Office Supplies,Binders,Wilson Jones Legal Size Ring Binders,140.736,8,0.2,52.775999999999996
1335,1336,CA-2019-122133,2019-05-16,2019-05-23,Standard Class,JR-15670,Jim Radford,Consumer,United States,Middletown,Connecticut,6457.0,East,OFF-ST-10002574,Office Supplies,Storage,"SAFCO Commercial Wire Shelving, Black",552.56,4,0.0,0.0
1336,1337,US-2020-123281,2020-04-02,2020-04-07,Standard Class,JF-15190,Jamie Frazer,Consumer,United States,Los Angeles,California,90008.0,West,FUR-FU-10003724,Furniture,Furnishings,Westinghouse Clip-On Gooseneck Lamps,25.11,3,0.0,6.528599999999999
1337,1338,CA-2020-100524,2020-03-31,2020-04-02,Second Class,CM-12115,Chad McGuire,Consumer,United States,New York City,New York,10011.0,East,FUR-FU-10004018,Furniture,Furnishings,Tensor Computer Mounted Lamp,29.78,2,0.0,8.040600000000001
1338,1339,CA-2020-100524,2020-03-31,2020-04-02,Second Class,CM-12115,Chad McGuire,Consumer,United States,New York City,New York,10011.0,East,TEC-PH-10002549,Technology,Phones,Polycom SoundPoint IP 450 VoIP phone,677.58,3,0.0,176.1708
1339,1340,CA-2020-100524,2020-03-31,2020-04-02,Second Class,CM-12115,Chad McGuire,Consumer,United States,New York City,New York,10011.0,East,OFF-PA-10004911,Office Supplies,Paper,"Rediform S.O.S. 1-Up Phone Message Bk, 4-1/4x3-1/16 Bk, 1 Form/Pg, 40 Messages/Bk, 3/Pk",75.04,8,0.0,36.019200000000005
1340,1341,CA-2020-113481,2020-01-02,2020-01-04,First Class,AS-10045,Aaron Smayling,Corporate,United States,Jacksonville,North Carolina,28540.0,South,TEC-MA-10002178,Technology,Machines,Cisco CP-7937G Unified IP Conference Station Phone,695.7,2,0.5,-27.827999999999975
1341,1342,CA-2020-113481,2020-01-02,2020-01-04,First Class,AS-10045,Aaron Smayling,Corporate,United States,Jacksonville,North Carolina,28540.0,South,OFF-BI-10003694,Office Supplies,Binders,"Avery 3 1/2"" Diskette Storage Pages, 10/Pack",15.66,5,0.7,-12.527999999999995
1342,1343,CA-2020-113481,2020-01-02,2020-01-04,First Class,AS-10045,Aaron Smayling,Corporate,United States,Jacksonville,North Carolina,28540.0,South,OFF-BI-10000474,Office Supplies,Binders,Avery Recycled Flexi-View Covers for Binding Systems,28.854000000000006,6,0.7,-21.159599999999998
1343,1344,CA-2018-131758,2018-05-28,2018-06-01,Standard Class,KB-16315,Karl Braun,Consumer,United States,Freeport,New York,11520.0,East,OFF-AR-10000411,Office Supplies,Art,Boston 16701 Slimline Battery Pencil Sharpener,47.82,3,0.0,14.345999999999995
1344,1345,CA-2018-131758,2018-05-28,2018-06-01,Standard Class,KB-16315,Karl Braun,Consumer,United States,Freeport,New York,11520.0,East,OFF-LA-10000262,Office Supplies,Labels,Avery 494,13.049999999999999,5,0.0,6.002999999999999
1345,1346,CA-2017-118339,2017-03-17,2017-03-24,Standard Class,BN-11515,Bradley Nguyen,Consumer,United States,Lakeville,Minnesota,55044.0,Central,OFF-AP-10001154,Office Supplies,Appliances,Bionaire Personal Warm Mist Humidifier/Vaporizer,93.78,2,0.0,36.574200000000005
1346,1347,CA-2017-118339,2017-03-17,2017-03-24,Standard Class,BN-11515,Bradley Nguyen,Consumer,United States,Lakeville,Minnesota,55044.0,Central,OFF-PA-10000466,Office Supplies,Paper,"Memo Book, 100 Message Capacity, 5 3/8” x 11”",47.18,7,0.0,23.59
1347,1348,CA-2017-118339,2017-03-17,2017-03-24,Standard Class,BN-11515,Bradley Nguyen,Consumer,United States,Lakeville,Minnesota,55044.0,Central,OFF-AR-10003829,Office Supplies,Art,Newell 35,19.68,6,0.0,5.707199999999998
1348,1349,CA-2017-118339,2017-03-17,2017-03-24,Standard Class,BN-11515,Bradley Nguyen,Consumer,United States,Lakeville,Minnesota,55044.0,Central,OFF-BI-10001758,Office Supplies,Binders,Wilson Jones 14 Line Acrylic Coated Pressboard Data Binders,53.4,10,0.0,25.098
1349,1350,CA-2017-118339,2017-03-17,2017-03-24,Standard Class,BN-11515,Bradley Nguyen,Consumer,United States,Lakeville,Minnesota,55044.0,Central,OFF-BI-10000136,Office Supplies,Binders,Avery Non-Stick Heavy Duty View Round Locking Ring Binders,35.88,6,0.0,17.2224
1350,1351,CA-2017-153976,2017-10-03,2017-10-08,Second Class,BP-11290,Beth Paige,Consumer,United States,Evanston,Illinois,60201.0,Central,FUR-CH-10002880,Furniture,Chairs,"Global High-Back Leather Tilter, Burgundy",258.279,3,0.3,-70.10430000000002
1351,1352,CA-2019-162901,2019-03-28,2019-03-31,First Class,AS-10045,Aaron Smayling,Corporate,United States,Arlington,Virginia,22204.0,South,OFF-ST-10000649,Office Supplies,Storage,Hanging Personal Folder File,31.4,2,0.0,7.850000000000001
1352,1353,CA-2020-162978,2020-05-04,2020-05-09,Standard Class,LW-16990,Lindsay Williams,Corporate,United States,San Francisco,California,94109.0,West,TEC-PH-10003092,Technology,Phones,Motorola L804,183.96,5,0.2,20.69549999999999
1353,1354,CA-2020-162978,2020-05-04,2020-05-09,Standard Class,LW-16990,Lindsay Williams,Corporate,United States,San Francisco,California,94109.0,West,OFF-PA-10002250,Office Supplies,Paper,Things To Do Today Pad,17.61,3,0.0,8.4528
1354,1355,CA-2020-162978,2020-05-04,2020-05-09,Standard Class,LW-16990,Lindsay Williams,Corporate,United States,San Francisco,California,94109.0,West,FUR-TA-10003473,Furniture,Tables,Bretford Rectangular Conference Table Tops,300.904,1,0.2,11.283900000000017
1355,1356,US-2017-160444,2017-07-05,2017-07-05,Same Day,DC-12850,Dan Campbell,Consumer,United States,Houston,Texas,77036.0,Central,OFF-ST-10001522,Office Supplies,Storage,"Gould Plastics 18-Pocket Panel Bin, 34w x 5-1/4d x 20-1/2h",220.776,3,0.2,-44.15520000000002
1356,1357,US-2017-160444,2017-07-05,2017-07-05,Same Day,DC-12850,Dan Campbell,Consumer,United States,Houston,Texas,77036.0,Central,OFF-ST-10000563,Office Supplies,Storage,Fellowes Bankers Box Stor/Drawer Steel Plus,281.42400000000004,11,0.2,-35.178000000000004
1357,1358,CA-2019-145247,2019-05-05,2019-05-07,First Class,ND-18370,Natalie DeCherney,Consumer,United States,Louisville,Kentucky,40214.0,South,OFF-PA-10003641,Office Supplies,Paper,Xerox 1909,79.14,3,0.0,36.404399999999995
1358,1359,CA-2020-160045,2020-04-26,2020-04-27,First Class,LB-16735,Larry Blacks,Consumer,United States,Fort Worth,Texas,76106.0,Central,FUR-FU-10000010,Furniture,Furnishings,"DAX Value U-Channel Document Frames, Easel Back",1.988,1,0.6,-1.4413
1359,1360,US-2017-151925,2017-09-26,2017-10-01,Second Class,KT-16465,Kean Takahito,Consumer,United States,Los Angeles,California,90049.0,West,FUR-CH-10002961,Furniture,Chairs,"Leather Task Chair, Black",145.568,2,0.2,0.0
1360,1361,CA-2020-125199,2020-10-19,2020-10-25,Standard Class,HM-14860,Harry Marie,Corporate,United States,Philadelphia,Pennsylvania,19120.0,East,OFF-AR-10002956,Office Supplies,Art,Boston 16801 Nautilus Battery Pencil Sharpener,123.256,7,0.2,9.2442
1361,1362,CA-2020-125199,2020-10-19,2020-10-25,Standard Class,HM-14860,Harry Marie,Corporate,United States,Philadelphia,Pennsylvania,19120.0,East,OFF-PA-10004041,Office Supplies,Paper,"It's Hot Message Books with Stickers, 2 3/4"" x 5""",23.680000000000003,4,0.2,7.3999999999999995
1362,1363,CA-2020-125199,2020-10-19,2020-10-25,Standard Class,HM-14860,Harry Marie,Corporate,United States,Philadelphia,Pennsylvania,19120.0,East,TEC-PH-10001336,Technology,Phones,Digium D40 VoIP phone,309.576,4,0.4,-56.755600000000015
1363,1364,US-2020-155425,2020-11-10,2020-11-11,First Class,AB-10600,Ann Blume,Corporate,United States,Tucson,Arizona,85705.0,West,OFF-BI-10001036,Office Supplies,Binders,Cardinal EasyOpen D-Ring Binders,38.388000000000005,14,0.7,-25.592
1364,1365,US-2020-155425,2020-11-10,2020-11-11,First Class,AB-10600,Ann Blume,Corporate,United States,Tucson,Arizona,85705.0,West,TEC-MA-10003183,Technology,Machines,DYMO CardScan Personal V9 Business Card Scanner,95.99400000000001,2,0.7,-63.99599999999998
1365,1366,US-2020-155425,2020-11-10,2020-11-11,First Class,AB-10600,Ann Blume,Corporate,United States,Tucson,Arizona,85705.0,West,TEC-AC-10001314,Technology,Accessories,Case Logic 2.4GHz Wireless Keyboard,239.95200000000003,6,0.2,-35.99280000000004
1366,1367,US-2020-155425,2020-11-10,2020-11-11,First Class,AB-10600,Ann Blume,Corporate,United States,Tucson,Arizona,85705.0,West,TEC-PH-10002563,Technology,Phones,Adtran 1202752G1,201.584,2,0.2,15.118800000000007
1367,1368,US-2020-155425,2020-11-10,2020-11-11,First Class,AB-10600,Ann Blume,Corporate,United States,Tucson,Arizona,85705.0,West,FUR-CH-10003312,Furniture,Chairs,Hon 2090 “Pillow Soft” Series Mid Back Swivel/Tilt Chairs,899.1360000000001,4,0.2,-146.10960000000014
1368,1369,CA-2020-133249,2020-07-08,2020-07-11,First Class,SZ-20035,Sam Zeldin,Home Office,United States,Pico Rivera,California,90660.0,West,FUR-FU-10001588,Furniture,Furnishings,"Deflect-o SuperTray Unbreakable Stackable Tray, Letter, Black",145.9,5,0.0,62.736999999999995
1369,1370,US-2018-103471,2018-12-24,2018-12-28,Standard Class,JR-15670,Jim Radford,Consumer,United States,Colorado Springs,Colorado,80906.0,West,FUR-BO-10002613,Furniture,Bookcases,"Atlantic Metals Mobile 4-Shelf Bookcases, Custom Colors",590.0580000000001,7,0.7,-786.7440000000003
1370,1371,US-2018-103471,2018-12-24,2018-12-28,Standard Class,JR-15670,Jim Radford,Consumer,United States,Colorado Springs,Colorado,80906.0,West,OFF-AR-10003405,Office Supplies,Art,"Dixon My First Ticonderoga Pencil, #2",14.04,3,0.2,1.5794999999999986
1371,1372,CA-2020-136672,2020-03-07,2020-03-12,Standard Class,MG-17890,Michael Granlund,Home Office,United States,Clinton,Maryland,20735.0,East,TEC-AC-10004510,Technology,Accessories,Logitech Desktop MK120 Mouse and keyboard Combo,49.08,3,0.0,4.907999999999998
1372,1373,US-2017-157021,2017-04-01,2017-04-06,Second Class,KM-16720,Kunst Miller,Consumer,United States,Vallejo,California,94591.0,West,OFF-LA-10002312,Office Supplies,Labels,Avery 490,29.6,2,0.0,14.8
1373,1374,US-2017-157021,2017-04-01,2017-04-06,Second Class,KM-16720,Kunst Miller,Consumer,United States,Vallejo,California,94591.0,West,OFF-BI-10000042,Office Supplies,Binders,"Pressboard Data Binder, Crimson, 12"" X 8 1/2""",17.088,4,0.2,5.553599999999999
1374,1375,CA-2018-120362,2018-09-14,2018-09-19,Standard Class,CA-12265,Christina Anderson,Consumer,United States,Provo,Utah,84604.0,West,FUR-TA-10003008,Furniture,Tables,"Lesro Round Back Collection Coffee Table, End Table",912.75,5,0.0,118.65750000000006
1375,1376,CA-2017-126361,2017-08-04,2017-08-09,Second Class,VD-21670,Valerie Dominguez,Consumer,United States,Pleasant Grove,Utah,84062.0,West,OFF-AP-10003590,Office Supplies,Appliances,Hoover WindTunnel Plus Canister Vacuum,1089.75,3,0.0,305.1300000000001
1376,1377,CA-2017-126361,2017-08-04,2017-08-09,Second Class,VD-21670,Valerie Dominguez,Consumer,United States,Pleasant Grove,Utah,84062.0,West,OFF-PA-10000806,Office Supplies,Paper,Xerox 1934,447.84,8,0.0,219.4416
1377,1378,CA-2017-126361,2017-08-04,2017-08-09,Second Class,VD-21670,Valerie Dominguez,Consumer,United States,Pleasant Grove,Utah,84062.0,West,OFF-AR-10000896,Office Supplies,Art,Newell 329,16.4,5,0.0,4.263999999999999
1378,1379,CA-2017-126361,2017-08-04,2017-08-09,Second Class,VD-21670,Valerie Dominguez,Consumer,United States,Pleasant Grove,Utah,84062.0,West,TEC-PH-10002310,Technology,Phones,Panasonic KX T7731-B Digital phone,399.96000000000004,5,0.2,34.99649999999997
1379,1380,CA-2017-126361,2017-08-04,2017-08-09,Second Class,VD-21670,Valerie Dominguez,Consumer,United States,Pleasant Grove,Utah,84062.0,West,OFF-ST-10002289,Office Supplies,Storage,"Safco Wire Cube Shelving System, For Use as 4 or 5 14"" Cubes, Black",158.9,5,0.0,7.944999999999993
1380,1381,CA-2017-126361,2017-08-04,2017-08-09,Second Class,VD-21670,Valerie Dominguez,Consumer,United States,Pleasant Grove,Utah,84062.0,West,OFF-BI-10002852,Office Supplies,Binders,Ibico Standard Transparent Covers,13.184000000000001,1,0.2,4.7792
1381,1382,US-2019-100566,2019-09-03,2019-09-09,Standard Class,JK-16120,Julie Kriz,Home Office,United States,Aurora,Illinois,60505.0,Central,FUR-FU-10003394,Furniture,Furnishings,"Tenex ""The Solids"" Textured Chair Mats",83.952,3,0.6,-90.24839999999999
1382,1383,US-2019-108504,2019-02-05,2019-02-05,Same Day,PP-18955,Paul Prost,Home Office,United States,Smyrna,Georgia,30080.0,South,OFF-ST-10002344,Office Supplies,Storage,"Carina 42""Hx23 3/4""W Media Storage Unit",80.98,1,0.0,1.6196000000000055
1383,1384,US-2019-108504,2019-02-05,2019-02-05,Same Day,PP-18955,Paul Prost,Home Office,United States,Smyrna,Georgia,30080.0,South,OFF-PA-10001289,Office Supplies,Paper,White Computer Printout Paper by Universal,348.84,9,0.0,170.9316
1384,1385,US-2019-108504,2019-02-05,2019-02-05,Same Day,PP-18955,Paul Prost,Home Office,United States,Smyrna,Georgia,30080.0,South,OFF-FA-10000053,Office Supplies,Fasteners,Revere Boxed Rubber Bands by Revere,9.45,5,0.0,0.18900000000000028
1385,1386,US-2019-108504,2019-02-05,2019-02-05,Same Day,PP-18955,Paul Prost,Home Office,United States,Smyrna,Georgia,30080.0,South,FUR-FU-10004091,Furniture,Furnishings,"Eldon 200 Class Desk Accessories, Black",18.84,3,0.0,7.1592
1386,1387,US-2019-108504,2019-02-05,2019-02-05,Same Day,PP-18955,Paul Prost,Home Office,United States,Smyrna,Georgia,30080.0,South,FUR-BO-10004015,Furniture,Bookcases,"Bush Andora Bookcase, Maple/Graphite Gray Finish",239.98,2,0.0,52.79559999999998
1387,1388,US-2019-108504,2019-02-05,2019-02-05,Same Day,PP-18955,Paul Prost,Home Office,United States,Smyrna,Georgia,30080.0,South,OFF-EN-10003001,Office Supplies,Envelopes,Ames Color-File Green Diamond Border X-ray Mailers,167.96,2,0.0,78.9412
1388,1389,US-2019-108504,2019-02-05,2019-02-05,Same Day,PP-18955,Paul Prost,Home Office,United States,Smyrna,Georgia,30080.0,South,TEC-PH-10000215,Technology,Phones,Plantronics Cordless Phone Headset with In-line Volume - M214C,104.85000000000001,3,0.0,28.309500000000007
1389,1390,US-2019-108504,2019-02-05,2019-02-05,Same Day,PP-18955,Paul Prost,Home Office,United States,Smyrna,Georgia,30080.0,South,TEC-PH-10003645,Technology,Phones,Aastra 57i VoIP phone,484.83000000000004,3,0.0,126.05580000000002
1390,1391,US-2019-108504,2019-02-05,2019-02-05,Same Day,PP-18955,Paul Prost,Home Office,United States,Smyrna,Georgia,30080.0,South,OFF-PA-10000357,Office Supplies,Paper,"White Dual Perf Computer Printout Paper, 2700 Sheets, 1 Part, Heavyweight, 20 lbs., 14 7/8 x 11",122.97,3,0.0,60.255300000000005
1391,1392,US-2019-108504,2019-02-05,2019-02-05,Same Day,PP-18955,Paul Prost,Home Office,United States,Smyrna,Georgia,30080.0,South,OFF-ST-10004804,Office Supplies,Storage,"Belkin 19"" Vented Equipment Shelf, Black",154.44,3,0.0,1.544400000000003
1392,1393,US-2019-108504,2019-02-05,2019-02-05,Same Day,PP-18955,Paul Prost,Home Office,United States,Smyrna,Georgia,30080.0,South,OFF-PA-10003892,Office Supplies,Paper,Xerox 1943,342.37,7,0.0,160.91389999999998
1393,1394,CA-2020-124828,2020-07-03,2020-07-04,First Class,YS-21880,Yana Sorensen,Corporate,United States,Burlington,North Carolina,27217.0,South,OFF-AR-10003514,Office Supplies,Art,4009 Highlighters by Sanford,9.552,3,0.2,1.5521999999999991
1394,1395,US-2020-117247,2020-10-09,2020-10-14,Standard Class,CK-12760,Cyma Kinney,Corporate,United States,Aurora,Illinois,60505.0,Central,FUR-TA-10002958,Furniture,Tables,"Bevis Oval Conference Table, Walnut",652.45,5,0.5,-430.6170000000002
1395,1396,US-2020-117247,2020-10-09,2020-10-14,Standard Class,CK-12760,Cyma Kinney,Corporate,United States,Aurora,Illinois,60505.0,Central,FUR-TA-10001676,Furniture,Tables,Hon 61000 Series Interactive Training Tables,66.645,3,0.5,-42.6528
1396,1397,CA-2019-124485,2019-11-24,2019-11-26,First Class,NC-18340,Nat Carroll,Consumer,United States,New York City,New York,10035.0,East,OFF-BI-10000822,Office Supplies,Binders,"Acco PRESSTEX Data Binder with Storage Hooks, Light Blue, 9 1/2"" X 11""",17.216,4,0.2,6.025599999999999
1397,1398,CA-2019-124485,2019-11-24,2019-11-26,First Class,NC-18340,Nat Carroll,Consumer,United States,New York City,New York,10035.0,East,OFF-PA-10004971,Office Supplies,Paper,Xerox 196,11.56,2,0.0,5.6644000000000005
1398,1399,CA-2019-124485,2019-11-24,2019-11-26,First Class,NC-18340,Nat Carroll,Consumer,United States,New York City,New York,10035.0,East,TEC-AC-10002323,Technology,Accessories,SanDisk Ultra 32 GB MicroSDHC Class 10 Memory Card,88.4,4,0.0,11.492000000000004
1399,1400,CA-2019-124485,2019-11-24,2019-11-26,First Class,NC-18340,Nat Carroll,Consumer,United States,New York City,New York,10035.0,East,OFF-PA-10004888,Office Supplies,Paper,Xerox 217,6.48,1,0.0,3.1104000000000003
1400,1401,CA-2019-159212,2019-11-01,2019-11-05,Standard Class,KM-16375,Katherine Murray,Home Office,United States,Salem,Virginia,24153.0,South,TEC-PH-10003988,Technology,Phones,"LF Elite 3D Dazzle Designer Hard Case Cover, Lf Stylus Pen and Wiper For Apple Iphone 5c Mini Lite",21.8,2,0.0,6.104000000000001
1401,1402,CA-2019-159212,2019-11-01,2019-11-05,Standard Class,KM-16375,Katherine Murray,Home Office,United States,Salem,Virginia,24153.0,South,OFF-EN-10002230,Office Supplies,Envelopes,Airmail Envelopes,251.79000000000002,3,0.0,118.34129999999999
1402,1403,US-2019-161396,2019-04-19,2019-04-25,Standard Class,GM-14455,Gary Mitchum,Home Office,United States,Columbus,Ohio,43229.0,East,FUR-TA-10002622,Furniture,Tables,"Bush Andora Conference Table, Maple/Graphite Gray Finish",205.176,2,0.4,-58.13319999999999
1403,1404,US-2019-161396,2019-04-19,2019-04-25,Standard Class,GM-14455,Gary Mitchum,Home Office,United States,Columbus,Ohio,43229.0,East,OFF-PA-10000418,Office Supplies,Paper,Xerox 189,419.4,5,0.2,146.79
1404,1405,US-2017-118486,2017-04-06,2017-04-08,First Class,SD-20485,Shirley Daniels,Home Office,United States,Philadelphia,Pennsylvania,19143.0,East,OFF-SU-10004498,Office Supplies,Supplies,Martin-Yale Premier Letter Opener,10.304000000000002,1,0.2,-2.1896000000000004
1405,1406,US-2017-118486,2017-04-06,2017-04-08,First Class,SD-20485,Shirley Daniels,Home Office,United States,Philadelphia,Pennsylvania,19143.0,East,FUR-TA-10001039,Furniture,Tables,KI Adjustable-Height Table,154.764,3,0.4,-36.11160000000001
1406,1407,US-2017-118486,2017-04-06,2017-04-08,First Class,SD-20485,Shirley Daniels,Home Office,United States,Philadelphia,Pennsylvania,19143.0,East,TEC-AC-10004659,Technology,Accessories,Imation Secure+ Hardware Encrypted USB 2.0 Flash Drive; 16GB,116.78399999999999,2,0.2,21.89699999999999
1407,1408,CA-2019-130407,2019-09-02,2019-09-06,Standard Class,KD-16270,Karen Daniels,Consumer,United States,New York City,New York,10024.0,East,OFF-AR-10002240,Office Supplies,Art,Panasonic KP-150 Electric Pencil Sharpener,75.48,2,0.0,19.6248
1408,1409,CA-2019-130407,2019-09-02,2019-09-06,Standard Class,KD-16270,Karen Daniels,Consumer,United States,New York City,New York,10024.0,East,FUR-FU-10001967,Furniture,Furnishings,Telescoping Adjustable Floor Lamp,39.98,2,0.0,9.994999999999997
1409,1410,US-2019-122245,2019-09-25,2019-09-30,Standard Class,AB-10105,Adrian Barton,Consumer,United States,Phoenix,Arizona,85023.0,West,FUR-TA-10002356,Furniture,Tables,Bevis Boat-Shaped Conference Table,393.165,3,0.5,-204.44580000000005
1410,1411,CA-2020-105144,2020-11-04,2020-11-11,Standard Class,SZ-20035,Sam Zeldin,Home Office,United States,Grand Prairie,Texas,75051.0,Central,OFF-LA-10003923,Office Supplies,Labels,Alphabetical Labels for Top Tab Filing,23.680000000000003,2,0.2,8.879999999999999
1411,1412,CA-2019-136329,2019-07-09,2019-07-13,Standard Class,JD-15895,Jonathan Doherty,Corporate,United States,New York City,New York,10035.0,East,FUR-CH-10002335,Furniture,Chairs,Hon GuestStacker Chair,408.006,2,0.1,72.5344
1412,1413,CA-2019-136329,2019-07-09,2019-07-13,Standard Class,JD-15895,Jonathan Doherty,Corporate,United States,New York City,New York,10035.0,East,FUR-FU-10000723,Furniture,Furnishings,"Deflect-o EconoMat Studded, No Bevel Mat for Low Pile Carpeting",165.28,4,0.0,14.875200000000007
1413,1414,CA-2017-146640,2017-06-30,2017-07-05,Standard Class,HA-14905,Helen Abelman,Consumer,United States,New York City,New York,10024.0,East,OFF-BI-10002867,Office Supplies,Binders,GBC Recycled Regency Composition Covers,334.76800000000003,7,0.2,108.79959999999997
1414,1415,CA-2020-115994,2020-01-28,2020-01-31,Second Class,BT-11305,Beth Thompson,Home Office,United States,Costa Mesa,California,92627.0,West,TEC-AC-10000580,Technology,Accessories,Logitech G13 Programmable Gameboard with LCD Display,239.96999999999997,3,0.0,26.39670000000001
1415,1416,CA-2020-115994,2020-01-28,2020-01-31,Second Class,BT-11305,Beth Thompson,Home Office,United States,Costa Mesa,California,92627.0,West,FUR-FU-10003976,Furniture,Furnishings,"DAX Executive Solid Wood Document Frame, Desktop or Hang, Mahogany, 5 x 7",37.74,3,0.0,12.831599999999996
1416,1417,CA-2018-126697,2018-09-21,2018-09-24,First Class,SV-20815,Stuart Van,Corporate,United States,Houston,Texas,77041.0,Central,TEC-PH-10002922,Technology,Phones,ShoreTel ShorePhone IP 230 VoIP phone,946.344,7,0.2,118.29299999999989
1417,1418,CA-2018-126697,2018-09-21,2018-09-24,First Class,SV-20815,Stuart Van,Corporate,United States,Houston,Texas,77041.0,Central,TEC-AC-10004353,Technology,Accessories,Hypercom P1300 Pinpad,151.20000000000002,3,0.2,32.13
1418,1419,CA-2018-126697,2018-09-21,2018-09-24,First Class,SV-20815,Stuart Van,Corporate,United States,Houston,Texas,77041.0,Central,FUR-FU-10001706,Furniture,Furnishings,Longer-Life Soft White Bulbs,4.928000000000001,4,0.6,-1.4783999999999997
1419,1420,CA-2018-124800,2018-09-26,2018-09-30,Standard Class,RW-19540,Rick Wilson,Corporate,United States,Mesa,Arizona,85204.0,West,OFF-PA-10000501,Office Supplies,Paper,Petty Cash Envelope,86.272,4,0.2,31.2736
1420,1421,CA-2018-124800,2018-09-26,2018-09-30,Standard Class,RW-19540,Rick Wilson,Corporate,United States,Mesa,Arizona,85204.0,West,OFF-BI-10000778,Office Supplies,Binders,GBC VeloBinder Electric Binding Machine,72.58800000000001,2,0.7,-48.39199999999998
1421,1422,CA-2018-124800,2018-09-26,2018-09-30,Standard Class,RW-19540,Rick Wilson,Corporate,United States,Mesa,Arizona,85204.0,West,OFF-AP-10004980,Office Supplies,Appliances,3M Replacement Filter for Office Air Cleaner for 20' x 33' Room,60.672000000000004,2,0.2,14.409600000000003
1422,1423,CA-2018-124800,2018-09-26,2018-09-30,Standard Class,RW-19540,Rick Wilson,Corporate,United States,Mesa,Arizona,85204.0,West,OFF-BI-10003984,Office Supplies,Binders,Lock-Up Easel 'Spel-Binder',77.031,9,0.7,-59.057100000000005
1423,1424,CA-2018-124800,2018-09-26,2018-09-30,Standard Class,RW-19540,Rick Wilson,Corporate,United States,Mesa,Arizona,85204.0,West,OFF-ST-10000798,Office Supplies,Storage,2300 Heavy-Duty Transfer File Systems by Perma,119.90400000000001,6,0.2,-1.4988000000000135
1424,1425,CA-2018-124800,2018-09-26,2018-09-30,Standard Class,RW-19540,Rick Wilson,Corporate,United States,Mesa,Arizona,85204.0,West,TEC-PH-10001750,Technology,Phones,Samsung Rugby III,263.96000000000004,5,0.2,23.096500000000006
1425,1426,CA-2018-124800,2018-09-26,2018-09-30,Standard Class,RW-19540,Rick Wilson,Corporate,United States,Mesa,Arizona,85204.0,West,OFF-ST-10002743,Office Supplies,Storage,SAFCO Boltless Steel Shelving,363.648,4,0.2,-86.36640000000003
1426,1427,US-2018-164448,2018-10-31,2018-11-04,Second Class,DK-12835,Damala Kotsonis,Corporate,United States,Salinas,California,93905.0,West,OFF-BI-10002949,Office Supplies,Binders,Prestige Round Ring Binders,9.728000000000002,2,0.2,3.283199999999999
1427,1428,US-2018-164448,2018-10-31,2018-11-04,Second Class,DK-12835,Damala Kotsonis,Corporate,United States,Salinas,California,93905.0,West,OFF-EN-10002600,Office Supplies,Envelopes,"Redi-Strip #10 Envelopes, 4 1/8 x 9 1/2",14.75,5,0.0,7.08
1428,1429,US-2018-164448,2018-10-31,2018-11-04,Second Class,DK-12835,Damala Kotsonis,Corporate,United States,Salinas,California,93905.0,West,OFF-BI-10003708,Office Supplies,Binders,"Acco Four Pocket Poly Ring Binder with Label Holder, Smoke, 1""",29.800000000000004,5,0.2,9.312499999999998
1429,1430,US-2018-164448,2018-10-31,2018-11-04,Second Class,DK-12835,Damala Kotsonis,Corporate,United States,Salinas,California,93905.0,West,OFF-LA-10003510,Office Supplies,Labels,"Avery 4027 File Folder Labels for Dot Matrix Printers, 5000 Labels per Box, White",427.42,14,0.0,196.6132
1430,1431,CA-2020-122700,2020-11-26,2020-11-30,Standard Class,LT-17110,Liz Thompson,Consumer,United States,Columbus,Ohio,43229.0,East,TEC-PH-10003092,Technology,Phones,Motorola L804,220.752,8,0.4,-40.47120000000001
1431,1432,CA-2017-120768,2017-12-19,2017-12-21,Second Class,IM-15070,Irene Maddox,Consumer,United States,Florence,Alabama,35630.0,South,OFF-BI-10001191,Office Supplies,Binders,Canvas Sectional Post Binders,152.76,6,0.0,74.8524
1432,1433,CA-2017-120768,2017-12-19,2017-12-21,Second Class,IM-15070,Irene Maddox,Consumer,United States,Florence,Alabama,35630.0,South,OFF-SU-10004115,Office Supplies,Supplies,Acme Stainless Steel Office Snips,7.27,1,0.0,1.9629000000000003
1433,1434,CA-2017-120768,2017-12-19,2017-12-21,Second Class,IM-15070,Irene Maddox,Consumer,United States,Florence,Alabama,35630.0,South,FUR-CH-10000513,Furniture,Chairs,High-Back Leather Manager's Chair,1819.8600000000001,14,0.0,163.78740000000002
1434,1435,US-2019-153129,2019-12-26,2019-12-30,Standard Class,FP-14320,Frank Preis,Consumer,United States,Seattle,Washington,98105.0,West,OFF-PA-10003673,Office Supplies,Paper,Strathmore Photo Mount Cards,33.9,5,0.0,15.594
1435,1436,CA-2020-106852,2020-06-20,2020-06-27,Standard Class,ST-20530,Shui Tom,Consumer,United States,Parma,Ohio,44134.0,East,OFF-PA-10001639,Office Supplies,Paper,Xerox 203,31.104000000000006,6,0.2,10.8864
1436,1437,CA-2020-106852,2020-06-20,2020-06-27,Standard Class,ST-20530,Shui Tom,Consumer,United States,Parma,Ohio,44134.0,East,OFF-AR-10003829,Office Supplies,Art,Newell 35,5.248,2,0.2,0.5903999999999991
1437,1438,CA-2018-139731,2018-10-15,2018-10-15,Same Day,JE-15745,Joel Eaton,Consumer,United States,Amarillo,Texas,79109.0,Central,TEC-AC-10004975,Technology,Accessories,Plantronics Audio 995 Wireless Stereo Headset,263.88,3,0.2,42.88050000000001
1438,1439,CA-2018-139731,2018-10-15,2018-10-15,Same Day,JE-15745,Joel Eaton,Consumer,United States,Amarillo,Texas,79109.0,Central,FUR-CH-10002024,Furniture,Chairs,HON 5400 Series Task Chairs for Big and Tall,2453.43,5,0.3,-350.4899999999999
1439,1440,CA-2020-122735,2020-04-12,2020-04-15,Second Class,BD-11320,Bill Donatelli,Consumer,United States,Providence,Rhode Island,2908.0,East,OFF-BI-10004364,Office Supplies,Binders,Storex Dura Pro Binders,29.700000000000003,5,0.0,13.365
1440,1441,CA-2020-122735,2020-04-12,2020-04-15,Second Class,BD-11320,Bill Donatelli,Consumer,United States,Providence,Rhode Island,2908.0,East,OFF-PA-10001712,Office Supplies,Paper,Xerox 1948,39.96,4,0.0,17.982
1441,1442,CA-2020-128160,2020-12-19,2020-12-24,Second Class,MM-17920,Michael Moore,Consumer,United States,San Francisco,California,94110.0,West,OFF-BI-10001510,Office Supplies,Binders,Deluxe Heavy-Duty Vinyl Round Ring Binder,36.672000000000004,2,0.2,11.459999999999999
1442,1443,CA-2020-117695,2020-08-05,2020-08-08,First Class,PW-19030,Pauline Webber,Corporate,United States,Richmond,Kentucky,40475.0,South,OFF-PA-10002713,Office Supplies,Paper,"Adams Phone Message Book, 200 Message Capacity, 8 1/16” x 11”",13.76,2,0.0,6.329599999999999
1443,1444,CA-2018-166135,2018-10-01,2018-10-06,Standard Class,SC-20440,Shaun Chance,Corporate,United States,Aurora,Colorado,80013.0,West,OFF-ST-10002974,Office Supplies,Storage,"Trav-L-File Heavy-Duty Shuttle II, Black",139.424,4,0.2,17.42799999999999
1444,1445,CA-2019-133725,2019-05-23,2019-05-28,Standard Class,KL-16645,Ken Lonsdale,Consumer,United States,Chicago,Illinois,60623.0,Central,TEC-PH-10004165,Technology,Phones,Mitel MiVoice 5330e IP Phone,1979.928,9,0.2,148.49459999999993
1445,1446,CA-2020-102337,2020-06-13,2020-06-16,First Class,SD-20485,Shirley Daniels,Home Office,United States,Chicago,Illinois,60653.0,Central,OFF-ST-10004804,Office Supplies,Storage,"Belkin 19"" Vented Equipment Shelf, Black",164.736,4,0.2,-39.12479999999999
1446,1447,CA-2020-102337,2020-06-13,2020-06-16,First Class,SD-20485,Shirley Daniels,Home Office,United States,Chicago,Illinois,60653.0,Central,FUR-CH-10004289,Furniture,Chairs,Global Super Steno Chair,470.30199999999996,7,0.3,-87.34180000000003
1447,1448,CA-2020-102337,2020-06-13,2020-06-16,First Class,SD-20485,Shirley Daniels,Home Office,United States,Chicago,Illinois,60653.0,Central,TEC-PH-10002564,Technology,Phones,OtterBox Defender Series Case - Samsung Galaxy S4,47.984,2,0.2,5.997999999999992
1448,1449,US-2017-112564,2017-04-23,2017-04-24,First Class,TS-21160,Theresa Swint,Corporate,United States,Philadelphia,Pennsylvania,19134.0,East,OFF-BI-10004876,Office Supplies,Binders,Wilson Jones Suede Grain Vinyl Binders,2.5020000000000002,3,0.7,-1.7513999999999994
1449,1450,CA-2018-145821,2018-05-01,2018-05-07,Standard Class,JB-15400,Jennifer Braxton,Corporate,United States,Los Angeles,California,90008.0,West,TEC-PH-10004348,Technology,Phones,OtterBox Defender Series Case - iPhone 5c,88.752,3,0.2,11.093999999999998
1450,1451,US-2018-160150,2018-07-19,2018-07-20,First Class,TS-21085,Thais Sissman,Consumer,United States,Phoenix,Arizona,85023.0,West,OFF-BI-10004352,Office Supplies,Binders,Wilson Jones DublLock D-Ring Binders,2.0250000000000004,1,0.7,-1.3499999999999996
1451,1452,CA-2019-133711,2019-11-26,2019-11-29,First Class,MC-17425,Mark Cousins,Corporate,United States,Mobile,Alabama,36608.0,South,OFF-PA-10001685,Office Supplies,Paper,Easy-staple paper,70.98,7,0.0,34.7802
1452,1453,CA-2019-133711,2019-11-26,2019-11-29,First Class,MC-17425,Mark Cousins,Corporate,United States,Mobile,Alabama,36608.0,South,OFF-BI-10000666,Office Supplies,Binders,Surelock Post Binders,91.67999999999999,3,0.0,45.839999999999996
1453,1454,CA-2019-133711,2019-11-26,2019-11-29,First Class,MC-17425,Mark Cousins,Corporate,United States,Mobile,Alabama,36608.0,South,OFF-BI-10004352,Office Supplies,Binders,Wilson Jones DublLock D-Ring Binders,33.75,5,0.0,16.875
1454,1455,CA-2019-133711,2019-11-26,2019-11-29,First Class,MC-17425,Mark Cousins,Corporate,United States,Mobile,Alabama,36608.0,South,TEC-MA-10000010,Technology,Machines,Hewlett-Packard Deskjet 3050a All-in-One Color Inkjet Printer,3040.0,8,0.0,1459.2
1455,1456,CA-2020-148474,2020-06-12,2020-06-19,Standard Class,ME-17320,Maria Etezadi,Home Office,United States,Columbus,Georgia,31907.0,South,OFF-BI-10000977,Office Supplies,Binders,Ibico Plastic Spiral Binding Combs,91.19999999999999,3,0.0,41.952
1456,1457,CA-2020-148474,2020-06-12,2020-06-19,Standard Class,ME-17320,Maria Etezadi,Home Office,United States,Columbus,Georgia,31907.0,South,FUR-TA-10002530,Furniture,Tables,"Iceberg OfficeWorks 42"" Round Tables",452.93999999999994,3,0.0,67.94099999999997
1457,1458,CA-2018-111297,2018-08-17,2018-08-21,Standard Class,SC-20440,Shaun Chance,Corporate,United States,New Bedford,Massachusetts,2740.0,East,OFF-BI-10002412,Office Supplies,Binders,Wilson Jones “Snap” Scratch Pad Binder Tool for Ring Binders,52.199999999999996,9,0.0,23.49
1458,1459,CA-2019-123722,2019-09-25,2019-10-01,Standard Class,NH-18610,Nicole Hansen,Corporate,United States,Irving,Texas,75061.0,Central,OFF-LA-10001569,Office Supplies,Labels,Avery 499,15.936000000000002,4,0.2,5.1792
1459,1460,CA-2017-155271,2017-05-04,2017-05-04,Same Day,AA-10480,Andrew Allen,Consumer,United States,Middletown,Connecticut,6457.0,East,FUR-FU-10001473,Furniture,Furnishings,DAX Wood Document Frame,27.46,2,0.0,9.8856
1460,1461,CA-2018-119907,2018-12-01,2018-12-08,Standard Class,LC-17140,Logan Currie,Consumer,United States,Seattle,Washington,98103.0,West,OFF-BI-10001765,Office Supplies,Binders,Wilson Jones Heavy-Duty Casebound Ring Binders with Metal Hinges,55.42400000000001,2,0.2,19.398399999999995
1461,1462,US-2019-128902,2019-03-11,2019-03-15,Standard Class,MB-18085,Mick Brown,Consumer,United States,Vineland,New Jersey,8360.0,East,FUR-TA-10001095,Furniture,Tables,Chromcraft Round Conference Tables,244.00599999999997,2,0.3,-31.372200000000007
1462,1463,CA-2019-152289,2019-08-26,2019-08-28,First Class,LC-16930,Linda Cazamias,Corporate,United States,Pasadena,Texas,77506.0,Central,TEC-AC-10004571,Technology,Accessories,Logitech G700s Rechargeable Gaming Mouse,159.984,2,0.2,43.9956
1463,1464,CA-2019-152289,2019-08-26,2019-08-28,First Class,LC-16930,Linda Cazamias,Corporate,United States,Pasadena,Texas,77506.0,Central,FUR-CH-10002126,Furniture,Chairs,Hon Deluxe Fabric Upholstered Stacking Chairs,1024.716,6,0.3,-29.277599999999893
1464,1465,US-2019-104794,2019-12-16,2019-12-19,First Class,KD-16495,Keith Dawkins,Corporate,United States,New York City,New York,10009.0,East,OFF-FA-10001754,Office Supplies,Fasteners,Stockwell Gold Paper Clips,3.68,2,0.0,1.8032000000000001
1465,1466,CA-2017-151708,2017-08-08,2017-08-14,Standard Class,MB-17305,Maria Bertelson,Consumer,United States,Glendale,Arizona,85301.0,West,FUR-FU-10001602,Furniture,Furnishings,"Eldon Delta Triangular Chair Mat, 52"" x 58"", Clear",121.376,4,0.2,-3.034400000000012
1466,1467,CA-2017-151708,2017-08-08,2017-08-14,Standard Class,MB-17305,Maria Bertelson,Consumer,United States,Glendale,Arizona,85301.0,West,TEC-AC-10001767,Technology,Accessories,SanDisk Ultra 64 GB MicroSDHC Class 10 Memory Card,95.97600000000001,3,0.2,-10.79730000000001
1467,1468,CA-2018-100769,2018-05-16,2018-05-16,Same Day,TH-21550,Tracy Hopkins,Home Office,United States,Jacksonville,Florida,32216.0,South,TEC-AC-10002402,Technology,Accessories,Razer Kraken PRO Over Ear PC and Music Headset,255.968,4,0.2,31.995999999999974
1468,1469,CA-2020-139199,2020-12-09,2020-12-13,Standard Class,DK-12835,Damala Kotsonis,Corporate,United States,Detroit,Michigan,48234.0,Central,FUR-CH-10000847,Furniture,Chairs,Global Executive Mid-Back Manager's Chair,872.94,3,0.0,226.96439999999998
1469,1470,CA-2020-139199,2020-12-09,2020-12-13,Standard Class,DK-12835,Damala Kotsonis,Corporate,United States,Detroit,Michigan,48234.0,Central,OFF-BI-10003982,Office Supplies,Binders,Wilson Jones Century Plastic Molded Ring Binders,41.54,2,0.0,19.523799999999998
1470,1471,CA-2020-139199,2020-12-09,2020-12-13,Standard Class,DK-12835,Damala Kotsonis,Corporate,United States,Detroit,Michigan,48234.0,Central,OFF-PA-10001293,Office Supplies,Paper,Xerox 1946,12.96,2,0.0,6.2208000000000006
1471,1472,US-2018-161466,2018-09-24,2018-09-27,Second Class,ON-18715,Odella Nelson,Corporate,United States,Philadelphia,Pennsylvania,19120.0,East,OFF-AR-10000634,Office Supplies,Art,Newell 320,6.848000000000001,2,0.2,0.5992000000000002
1472,1473,CA-2020-164959,2020-07-11,2020-07-15,Standard Class,KN-16390,Katherine Nockton,Corporate,United States,Los Angeles,California,90004.0,West,OFF-LA-10004272,Office Supplies,Labels,Avery 482,8.67,3,0.0,4.0749
1473,1474,US-2018-105676,2018-12-01,2018-12-02,Same Day,NM-18520,Neoma Murray,Consumer,United States,Houston,Texas,77036.0,Central,FUR-FU-10004270,Furniture,Furnishings,"Eldon Image Series Desk Accessories, Burgundy",6.688,4,0.6,-4.012799999999999
1474,1475,CA-2019-113138,2019-11-19,2019-11-25,Standard Class,NP-18685,Nora Pelletier,Home Office,United States,Niagara Falls,New York,14304.0,East,OFF-AR-10003770,Office Supplies,Art,Newell 340,17.28,6,0.0,5.0112
1475,1476,CA-2019-113138,2019-11-19,2019-11-25,Standard Class,NP-18685,Nora Pelletier,Home Office,United States,Niagara Falls,New York,14304.0,East,OFF-BI-10000320,Office Supplies,Binders,GBC Plastic Binding Combs,17.712,3,0.2,6.420600000000001
1476,1477,US-2020-104955,2020-03-19,2020-03-24,Standard Class,CG-12040,Catherine Glotzbach,Home Office,United States,New York City,New York,10024.0,East,OFF-LA-10003121,Office Supplies,Labels,Avery 506,28.91,7,0.0,13.2986
1477,1478,CA-2019-121958,2019-11-13,2019-11-17,Standard Class,CS-12505,Cindy Stewart,Consumer,United States,Thomasville,North Carolina,27360.0,South,OFF-SU-10000381,Office Supplies,Supplies,Acme Forged Steel Scissors with Black Enamel Handles,52.136,7,0.2,5.865299999999996
1478,1479,CA-2020-121468,2020-11-19,2020-11-20,First Class,KD-16345,Katherine Ducich,Consumer,United States,Westminster,California,92683.0,West,TEC-PH-10000376,Technology,Phones,Square Credit Card Reader,31.968000000000004,4,0.2,2.3976000000000006
1479,1480,US-2019-108455,2019-12-02,2019-12-08,Standard Class,MK-18160,Mike Kennedy,Consumer,United States,San Francisco,California,94122.0,West,OFF-PA-10002262,Office Supplies,Paper,Xerox 192,25.92,4,0.0,12.441600000000001
1480,1481,US-2019-108455,2019-12-02,2019-12-08,Standard Class,MK-18160,Mike Kennedy,Consumer,United States,San Francisco,California,94122.0,West,OFF-PA-10002464,Office Supplies,Paper,HP Office Recycled Paper (20Lb. and 87 Bright),40.46,7,0.0,19.825400000000002
1481,1482,US-2019-108455,2019-12-02,2019-12-08,Standard Class,MK-18160,Mike Kennedy,Consumer,United States,San Francisco,California,94122.0,West,OFF-ST-10002214,Office Supplies,Storage,X-Rack File for Hanging Folders,33.87,3,0.0,8.806199999999999
1482,1483,CA-2020-101210,2020-08-25,2020-08-28,Second Class,DW-13540,Don Weiss,Consumer,United States,Jackson,Tennessee,38301.0,South,OFF-AR-10003560,Office Supplies,Art,Zebra Zazzle Fluorescent Highlighters,9.728000000000002,2,0.2,1.702399999999999
1483,1484,CA-2020-101210,2020-08-25,2020-08-28,Second Class,DW-13540,Don Weiss,Consumer,United States,Jackson,Tennessee,38301.0,South,OFF-PA-10000130,Office Supplies,Paper,Xerox 199,3.4240000000000004,1,0.2,1.0699999999999996
1484,1485,US-2019-108098,2019-10-14,2019-10-18,Standard Class,CP-12340,Christine Phan,Corporate,United States,Seattle,Washington,98115.0,West,TEC-AC-10000865,Technology,Accessories,WD My Passport Ultra 500GB Portable External Hard Drive,177.0,3,0.0,30.089999999999982
1485,1486,CA-2017-119032,2017-11-27,2017-12-03,Standard Class,MS-17770,Maxwell Schwartz,Consumer,United States,New York City,New York,10035.0,East,OFF-FA-10003021,Office Supplies,Fasteners,Staples,3.76,2,0.0,1.3159999999999998
1486,1487,CA-2018-140410,2018-11-03,2018-11-07,Standard Class,CM-12655,Corinna Mitchell,Home Office,United States,Los Angeles,California,90008.0,West,TEC-PH-10003580,Technology,Phones,Cisco IP Phone 7961G-GE VoIP phone,1212.848,7,0.2,106.12420000000014
1487,1488,CA-2018-140410,2018-11-03,2018-11-07,Standard Class,CM-12655,Corinna Mitchell,Home Office,United States,Los Angeles,California,90008.0,West,TEC-AC-10001109,Technology,Accessories,Logitech Trackman Marble Mouse,89.97,3,0.0,37.787400000000005
1488,1489,CA-2018-140410,2018-11-03,2018-11-07,Standard Class,CM-12655,Corinna Mitchell,Home Office,United States,Los Angeles,California,90008.0,West,FUR-FU-10003347,Furniture,Furnishings,Coloredge Poster Frame,42.599999999999994,3,0.0,16.614
1489,1490,CA-2017-136280,2017-11-29,2017-12-06,Standard Class,Co-12640,Corey-Lock,Consumer,United States,Philadelphia,Pennsylvania,19143.0,East,OFF-LA-10000452,Office Supplies,Labels,Avery 488,5.04,2,0.2,1.764
1490,1491,CA-2020-151911,2020-04-30,2020-05-05,Second Class,DL-13495,Dionis Lloyd,Corporate,United States,New York City,New York,10024.0,East,OFF-EN-10002986,Office Supplies,Envelopes,"#10-4 1/8"" x 9 1/2"" Premium Diagonal Seam Envelopes",62.96,4,0.0,28.332
1491,1492,CA-2020-166436,2020-11-24,2020-11-28,Standard Class,TS-21370,Todd Sumrall,Corporate,United States,New York City,New York,10035.0,East,OFF-PA-10001838,Office Supplies,Paper,"Adams Telephone Message Book W/Dividers/Space For Phone Numbers, 5 1/4""X8 1/2"", 300/Messages",5.88,1,0.0,2.8811999999999998
1492,1493,CA-2020-166436,2020-11-24,2020-11-28,Standard Class,TS-21370,Todd Sumrall,Corporate,United States,New York City,New York,10035.0,East,FUR-CH-10000785,Furniture,Chairs,Global Ergonomic Managers Chair,977.292,6,0.1,173.7408
1493,1494,CA-2020-139661,2020-10-30,2020-11-03,Standard Class,JW-15220,Jane Waco,Corporate,United States,Vancouver,Washington,98661.0,West,FUR-FU-10002885,Furniture,Furnishings,Magna Visual Magnetic Picture Hangers,9.64,2,0.0,3.6632000000000007
1494,1495,CA-2017-123925,2017-12-17,2017-12-19,Second Class,RF-19840,Roy Französisch,Consumer,United States,Columbus,Georgia,31907.0,South,OFF-AR-10002952,Office Supplies,Art,Stanley Contemporary Battery Pencil Sharpeners,40.05,3,0.0,11.213999999999999
1495,1496,CA-2020-152485,2020-09-04,2020-09-08,Standard Class,JD-15790,John Dryer,Consumer,United States,Coppell,Texas,75019.0,Central,OFF-AR-10003759,Office Supplies,Art,"Crayola Anti Dust Chalk, 12/Pack",10.192000000000002,7,0.2,3.184999999999999
1496,1497,CA-2020-152485,2020-09-04,2020-09-08,Standard Class,JD-15790,John Dryer,Consumer,United States,Coppell,Texas,75019.0,Central,OFF-ST-10004950,Office Supplies,Storage,Acco Perma 3000 Stacking Storage Drawers,16.784000000000002,1,0.2,-0.20980000000000043
1497,1498,CA-2020-152485,2020-09-04,2020-09-08,Standard Class,JD-15790,John Dryer,Consumer,United States,Coppell,Texas,75019.0,Central,OFF-AR-10001940,Office Supplies,Art,"Sanford Colorific Eraseable Coloring Pencils, 12 Count",13.120000000000001,5,0.2,3.7720000000000002
1498,1499,CA-2019-141586,2019-10-17,2019-10-20,First Class,NK-18490,Neil Knudson,Home Office,United States,San Francisco,California,94122.0,West,OFF-BI-10003981,Office Supplies,Binders,"Avery Durable Plastic 1"" Binders",18.16,5,0.2,6.583000000000001
1499,1500,CA-2020-130386,2020-11-12,2020-11-18,Standard Class,NG-18430,Nathan Gelder,Consumer,United States,Austin,Texas,78745.0,Central,OFF-PA-10002749,Office Supplies,Paper,"Wirebound Message Books, 5-1/2 x 4 Forms, 2 or 4 Forms per Page",16.056,3,0.2,5.8203000000000005
1500,1501,CA-2020-130386,2020-11-12,2020-11-18,Standard Class,NG-18430,Nathan Gelder,Consumer,United States,Austin,Texas,78745.0,Central,OFF-PA-10003823,Office Supplies,Paper,Xerox 197,223.056,9,0.2,69.70499999999998
1501,1502,CA-2020-130386,2020-11-12,2020-11-18,Standard Class,NG-18430,Nathan Gelder,Consumer,United States,Austin,Texas,78745.0,Central,OFF-ST-10003716,Office Supplies,Storage,Tennsco Double-Tier Lockers,540.048,3,0.2,-47.2542
1502,1503,CA-2019-100468,2019-11-24,2019-12-01,Standard Class,AT-10435,Alyssa Tate,Home Office,United States,Los Angeles,California,90045.0,West,TEC-PH-10001300,Technology,Phones,"iKross Bluetooth Portable Keyboard + Cell Phone Stand Holder + Brush for Apple iPhone 5S 5C 5, 4S 4",33.52,2,0.2,3.3519999999999985
1503,1504,CA-2019-100468,2019-11-24,2019-12-01,Standard Class,AT-10435,Alyssa Tate,Home Office,United States,Los Angeles,California,90045.0,West,FUR-FU-10000010,Furniture,Furnishings,"DAX Value U-Channel Document Frames, Easel Back",9.94,2,0.0,3.0813999999999995
1504,1505,CA-2018-153388,2018-08-01,2018-08-07,Standard Class,PC-19000,Pauline Chand,Home Office,United States,Los Angeles,California,90004.0,West,OFF-AR-10001868,Office Supplies,Art,Prang Dustless Chalk Sticks,6.72,4,0.0,3.36
1505,1506,CA-2018-153388,2018-08-01,2018-08-07,Standard Class,PC-19000,Pauline Chand,Home Office,United States,Los Angeles,California,90004.0,West,FUR-TA-10003715,Furniture,Tables,Hon 2111 Invitation Series Corner Table,1004.9760000000001,6,0.2,-175.8708000000001
1506,1507,CA-2020-154935,2020-12-24,2020-12-29,Standard Class,AR-10540,Andy Reiter,Consumer,United States,New York City,New York,10024.0,East,OFF-BI-10003708,Office Supplies,Binders,"Acco Four Pocket Poly Ring Binder with Label Holder, Smoke, 1""",17.880000000000003,3,0.2,5.5875
1507,1508,CA-2019-134208,2019-09-17,2019-09-23,Standard Class,CS-12505,Cindy Stewart,Consumer,United States,Columbus,Georgia,31907.0,South,TEC-MA-10004458,Technology,Machines,Lexmark X 9575 Professional All-in-One Color Printer,396.0,4,0.0,190.07999999999998
1508,1509,CA-2020-108294,2020-12-10,2020-12-10,Same Day,LS-16975,Lindsay Shagiari,Home Office,United States,Omaha,Nebraska,68104.0,Central,OFF-BI-10004965,Office Supplies,Binders,Ibico Covers for Plastic or Wire Binding Elements,34.5,3,0.0,15.524999999999999
1509,1510,CA-2020-103611,2020-09-12,2020-09-15,First Class,JM-15535,Jessica Myrick,Consumer,United States,Los Angeles,California,90036.0,West,FUR-FU-10004270,Furniture,Furnishings,"Eldon Image Series Desk Accessories, Burgundy",8.36,2,0.0,3.0096
1510,1511,CA-2020-100384,2020-06-24,2020-07-01,Standard Class,NH-18610,Nicole Hansen,Corporate,United States,Pomona,California,91767.0,West,OFF-AR-10002135,Office Supplies,Art,Boston Heavy-Duty Trimline Electric Pencil Sharpeners,385.6,8,0.0,111.82399999999996
1511,1512,CA-2020-100384,2020-06-24,2020-07-01,Standard Class,NH-18610,Nicole Hansen,Corporate,United States,Pomona,California,91767.0,West,OFF-AR-10003514,Office Supplies,Art,4009 Highlighters by Sanford,35.82,9,0.0,11.820599999999997
1512,1513,CA-2020-112809,2020-08-18,2020-08-22,Standard Class,RA-19915,Russell Applegate,Consumer,United States,Dallas,Texas,75220.0,Central,OFF-ST-10002276,Office Supplies,Storage,Safco Steel Mobile File Cart,200.06400000000002,3,0.2,12.504000000000005
1513,1514,CA-2020-112809,2020-08-18,2020-08-22,Standard Class,RA-19915,Russell Applegate,Consumer,United States,Dallas,Texas,75220.0,Central,OFF-BI-10001098,Office Supplies,Binders,Acco D-Ring Binder w/DublLock,21.379999999999995,5,0.8,-33.139
1514,1515,CA-2020-112809,2020-08-18,2020-08-22,Standard Class,RA-19915,Russell Applegate,Consumer,United States,Dallas,Texas,75220.0,Central,OFF-BI-10001636,Office Supplies,Binders,Ibico Plastic and Wire Spiral Binding Combs,6.743999999999998,4,0.8,-11.4648
1515,1516,US-2020-160759,2020-12-11,2020-12-17,Standard Class,AI-10855,Arianne Irving,Consumer,United States,Philadelphia,Pennsylvania,19120.0,East,FUR-CH-10002961,Furniture,Chairs,"Leather Task Chair, Black",63.686,1,0.3,-9.098000000000003
1516,1517,CA-2020-148446,2020-12-10,2020-12-14,Second Class,MC-17845,Michael Chen,Consumer,United States,North Las Vegas,Nevada,89031.0,West,FUR-TA-10004256,Furniture,Tables,Bretford “Just In Time” Height-Adjustable Multi-Task Work Tables,1669.6,4,0.0,116.87199999999984
1517,1518,CA-2017-111059,2017-02-03,2017-02-06,Second Class,TB-21400,Tom Boeckenhauer,Consumer,United States,Seattle,Washington,98105.0,West,OFF-BI-10004593,Office Supplies,Binders,Ibico Laser Imprintable Binding System Covers,83.84,2,0.2,27.247999999999998
1518,1519,CA-2017-111059,2017-02-03,2017-02-06,Second Class,TB-21400,Tom Boeckenhauer,Consumer,United States,Seattle,Washington,98105.0,West,OFF-BI-10002827,Office Supplies,Binders,Avery Durable Poly Binders,13.272000000000002,3,0.2,4.3134
1519,1520,CA-2020-116204,2020-02-11,2020-02-14,Second Class,VW-21775,Victoria Wilson,Corporate,United States,San Francisco,California,94110.0,West,OFF-BI-10001759,Office Supplies,Binders,"Acco Pressboard Covers with Storage Hooks, 14 7/8"" x 11"", Dark Blue",21.336,7,0.2,7.734300000000001
1520,1521,CA-2020-109946,2020-04-16,2020-04-21,Standard Class,PL-18925,Paul Lucas,Home Office,United States,Chicago,Illinois,60610.0,Central,OFF-AR-10001419,Office Supplies,Art,Newell 325,16.520000000000003,5,0.2,2.0649999999999986
1521,1522,CA-2018-144806,2018-12-06,2018-12-11,Standard Class,GH-14425,Gary Hwang,Consumer,United States,Tucson,Arizona,85705.0,West,FUR-FU-10002253,Furniture,Furnishings,"Howard Miller 13"" Diameter Pewter Finish Round Wall Clock",206.11199999999997,6,0.2,48.95160000000001
1522,1523,CA-2018-144806,2018-12-06,2018-12-11,Standard Class,GH-14425,Gary Hwang,Consumer,United States,Tucson,Arizona,85705.0,West,OFF-PA-10002586,Office Supplies,Paper,Xerox 1970,19.92,5,0.2,6.723000000000001
1523,1524,CA-2018-144806,2018-12-06,2018-12-11,Standard Class,GH-14425,Gary Hwang,Consumer,United States,Tucson,Arizona,85705.0,West,OFF-PA-10003039,Office Supplies,Paper,Xerox 1960,198.27200000000002,8,0.2,61.95999999999999
1524,1525,CA-2018-144806,2018-12-06,2018-12-11,Standard Class,GH-14425,Gary Hwang,Consumer,United States,Tucson,Arizona,85705.0,West,OFF-ST-10004804,Office Supplies,Storage,"Belkin 19"" Vented Equipment Shelf, Black",247.10399999999998,6,0.2,-58.68719999999999
1525,1526,CA-2018-144806,2018-12-06,2018-12-11,Standard Class,GH-14425,Gary Hwang,Consumer,United States,Tucson,Arizona,85705.0,West,OFF-AR-10004042,Office Supplies,Art,"BOSTON Model 1800 Electric Pencil Sharpeners, Putty/Woodgrain",86.304,6,0.2,9.709199999999989
1526,1527,CA-2019-122392,2019-07-22,2019-07-27,Standard Class,CJ-12010,Caroline Jumper,Consumer,United States,Allentown,Pennsylvania,18103.0,East,OFF-AR-10002221,Office Supplies,Art,12 Colored Short Pencils,4.16,2,0.2,0.3640000000000003
1527,1528,CA-2019-122392,2019-07-22,2019-07-27,Standard Class,CJ-12010,Caroline Jumper,Consumer,United States,Allentown,Pennsylvania,18103.0,East,FUR-FU-10002456,Furniture,Furnishings,"Master Caster Door Stop, Large Neon Orange",11.648000000000001,2,0.2,3.348800000000001
1528,1529,CA-2018-148432,2018-11-07,2018-11-10,Second Class,MC-18130,Mike Caudle,Corporate,United States,Newark,Delaware,19711.0,East,OFF-FA-10004968,Office Supplies,Fasteners,Rubber Band Ball,26.18,7,0.0,0.5236000000000014
1529,1530,CA-2018-148432,2018-11-07,2018-11-10,Second Class,MC-18130,Mike Caudle,Corporate,United States,Newark,Delaware,19711.0,East,OFF-PA-10001274,Office Supplies,Paper,Loose Memo Sheets,7.3,2,0.0,3.4309999999999996
1530,1531,CA-2018-103793,2018-03-26,2018-03-31,Standard Class,BV-11245,Benjamin Venier,Corporate,United States,Miami,Florida,33142.0,South,OFF-PA-10001125,Office Supplies,Paper,Xerox 1988,74.352,3,0.2,23.234999999999992
1531,1532,CA-2020-159884,2020-08-31,2020-09-05,Standard Class,JF-15490,Jeremy Farry,Consumer,United States,Tempe,Arizona,85281.0,West,OFF-ST-10000344,Office Supplies,Storage,"Neat Ideas Personal Hanging Folder Files, Black",10.744,1,0.2,0.8057999999999996
1532,1533,CA-2020-159884,2020-08-31,2020-09-05,Standard Class,JF-15490,Jeremy Farry,Consumer,United States,Tempe,Arizona,85281.0,West,OFF-FA-10000585,Office Supplies,Fasteners,OIC Bulk Pack Metal Binder Clips,8.376000000000001,3,0.2,2.7222
1533,1534,CA-2019-139885,2019-12-04,2019-12-08,Standard Class,EB-13840,Ellis Ballard,Corporate,United States,New York City,New York,10035.0,East,OFF-ST-10003324,Office Supplies,Storage,Belkin OmniView SE Rackmount Kit,212.88,6,0.0,0.0
1534,1535,CA-2020-124086,2020-02-10,2020-02-14,Standard Class,MP-18175,Mike Pelletier,Home Office,United States,Laguna Niguel,California,92677.0,West,FUR-BO-10004015,Furniture,Bookcases,"Bush Andora Bookcase, Maple/Graphite Gray Finish",203.98299999999998,2,0.15,16.79859999999998
1535,1536,CA-2019-112389,2019-10-29,2019-11-02,Standard Class,JM-15655,Jim Mitchum,Corporate,United States,Bridgeton,New Jersey,8302.0,East,OFF-ST-10000419,Office Supplies,Storage,"Rogers Jumbo File, Granite",40.74,3,0.0,0.4073999999999991
1536,1537,CA-2019-112389,2019-10-29,2019-11-02,Standard Class,JM-15655,Jim Mitchum,Corporate,United States,Bridgeton,New Jersey,8302.0,East,OFF-AP-10001626,Office Supplies,Appliances,"Commercial WindTunnel Clean Air Upright Vacuum, Replacement Belts, Filtration Bags",11.67,3,0.0,3.0342000000000002
1537,1538,CA-2020-121888,2020-09-15,2020-09-17,Second Class,CL-11890,Carl Ludwig,Consumer,United States,Everett,Massachusetts,2149.0,East,TEC-PH-10000439,Technology,Phones,GE DSL Phone Line Filter,39.99,1,0.0,11.597099999999998
1538,1539,CA-2020-121888,2020-09-15,2020-09-17,Second Class,CL-11890,Carl Ludwig,Consumer,United States,Everett,Massachusetts,2149.0,East,OFF-AR-10003478,Office Supplies,Art,"Avery Hi-Liter EverBold Pen Style Fluorescent Highlighters, 4/Pack",16.28,2,0.0,6.5120000000000005
1539,1540,CA-2020-121888,2020-09-15,2020-09-17,Second Class,CL-11890,Carl Ludwig,Consumer,United States,Everett,Massachusetts,2149.0,East,FUR-BO-10002545,Furniture,Bookcases,"Atlantic Metals Mobile 3-Shelf Bookcases, Custom Colors",782.94,3,0.0,203.56440000000003
1540,1541,CA-2020-121888,2020-09-15,2020-09-17,Second Class,CL-11890,Carl Ludwig,Consumer,United States,Everett,Massachusetts,2149.0,East,OFF-BI-10001765,Office Supplies,Binders,Wilson Jones Heavy-Duty Casebound Ring Binders with Metal Hinges,242.48000000000002,7,0.0,116.39039999999999
1541,1542,CA-2017-166884,2017-03-11,2017-03-16,Second Class,CK-12205,Chloris Kastensmidt,Consumer,United States,Columbus,Ohio,43229.0,East,FUR-FU-10003981,Furniture,Furnishings,Eldon Wave Desk Accessories,8.32,5,0.2,2.2880000000000003
1542,1543,CA-2017-166884,2017-03-11,2017-03-16,Second Class,CK-12205,Chloris Kastensmidt,Consumer,United States,Columbus,Ohio,43229.0,East,OFF-FA-10001561,Office Supplies,Fasteners,Stockwell Push Pins,10.464000000000002,6,0.2,1.7003999999999992
1543,1544,CA-2017-107181,2017-02-04,2017-02-08,Standard Class,DB-13270,Deborah Brumfield,Home Office,United States,San Diego,California,92024.0,West,OFF-BI-10004230,Office Supplies,Binders,GBC Recycled Grain Textured Covers,82.896,3,0.2,29.0136
1544,1545,CA-2017-107181,2017-02-04,2017-02-08,Standard Class,DB-13270,Deborah Brumfield,Home Office,United States,San Diego,California,92024.0,West,OFF-PA-10000350,Office Supplies,Paper,"Message Book, Standard Line ""While You Were Out"", 5 1/2"" X 4"", 200 Sets/Book",34.24,4,0.0,16.0928
1545,1546,CA-2017-150245,2017-12-31,2018-01-04,Second Class,PC-18745,Pamela Coakley,Corporate,United States,Watertown,New York,13601.0,East,FUR-BO-10002613,Furniture,Bookcases,"Atlantic Metals Mobile 4-Shelf Bookcases, Custom Colors",1573.488,7,0.2,196.68599999999986
1546,1547,CA-2018-111395,2018-11-23,2018-11-27,Standard Class,VB-21745,Victoria Brennan,Corporate,United States,San Antonio,Texas,78207.0,Central,OFF-PA-10000994,Office Supplies,Paper,Xerox 1915,335.52,4,0.2,117.43199999999999
1547,1548,CA-2018-111395,2018-11-23,2018-11-27,Standard Class,VB-21745,Victoria Brennan,Corporate,United States,San Antonio,Texas,78207.0,Central,OFF-BI-10002867,Office Supplies,Binders,GBC Recycled Regency Composition Covers,23.911999999999995,2,0.8,-40.65040000000002
1548,1549,CA-2018-111395,2018-11-23,2018-11-27,Standard Class,VB-21745,Victoria Brennan,Corporate,United States,San Antonio,Texas,78207.0,Central,OFF-ST-10001291,Office Supplies,Storage,"Tenex Personal Self-Stacking Standard File Box, Black/Gray",27.056,2,0.2,2.367399999999999
1549,1550,CA-2017-134278,2017-07-06,2017-07-08,First Class,EP-13915,Emily Phan,Consumer,United States,New York City,New York,10011.0,East,TEC-CO-10001046,Technology,Copiers,Canon Imageclass D680 Copier / Fax,559.9920000000001,1,0.2,174.99749999999997
1550,1551,US-2020-124926,2020-11-13,2020-11-18,Second Class,ME-17320,Maria Etezadi,Home Office,United States,Houston,Texas,77095.0,Central,OFF-AP-10004868,Office Supplies,Appliances,Hoover Commercial Soft Guard Upright Vacuum And Disposable Filtration Bags,9.323999999999998,6,0.8,-24.708599999999997
1551,1552,CA-2019-159345,2019-06-17,2019-06-22,Standard Class,IG-15085,Ivan Gibson,Consumer,United States,San Diego,California,92024.0,West,OFF-PA-10000806,Office Supplies,Paper,Xerox 1934,111.96,2,0.0,54.8604
1552,1553,CA-2017-130274,2017-05-03,2017-05-05,First Class,JS-15940,Joni Sundaresam,Home Office,United States,Appleton,Wisconsin,54915.0,Central,OFF-LA-10002195,Office Supplies,Labels,Avery 481,21.560000000000002,7,0.0,10.348799999999999
1553,1554,CA-2020-158386,2020-10-16,2020-10-21,Standard Class,BO-11425,Bobby Odegard,Consumer,United States,Richmond,Kentucky,40475.0,South,OFF-BI-10003719,Office Supplies,Binders,Large Capacity Hanging Post Binders,124.75,5,0.0,57.38499999999999
1554,1555,CA-2018-111507,2018-02-06,2018-02-13,Standard Class,VW-21775,Victoria Wilson,Corporate,United States,Bellevue,Washington,98006.0,West,OFF-AR-10001315,Office Supplies,Art,Newell 310,5.28,3,0.0,1.5312
1555,1556,CA-2020-120761,2020-09-04,2020-09-08,Standard Class,AB-10150,Aimee Bixby,Consumer,United States,Long Beach,New York,11561.0,East,TEC-AC-10000171,Technology,Accessories,"Verbatim 25 GB 6x Blu-ray Single Layer Recordable Disc, 25/Pack",91.96,4,0.0,39.5428
1556,1557,CA-2019-109176,2019-05-09,2019-05-15,Standard Class,JW-16075,Julia West,Consumer,United States,Philadelphia,Pennsylvania,19140.0,East,OFF-EN-10003134,Office Supplies,Envelopes,Staple envelope,9.344,1,0.2,3.504
1557,1558,CA-2019-109176,2019-05-09,2019-05-15,Standard Class,JW-16075,Julia West,Consumer,United States,Philadelphia,Pennsylvania,19140.0,East,OFF-AR-10001955,Office Supplies,Art,Newell 319,79.36,5,0.2,9.919999999999991
1558,1559,CA-2018-112116,2018-03-16,2018-03-18,Second Class,JE-15475,Jeremy Ellison,Consumer,United States,Seattle,Washington,98103.0,West,FUR-TA-10001039,Furniture,Tables,KI Adjustable-Height Table,171.96,2,0.0,44.70960000000001
1559,1560,CA-2019-126809,2019-04-09,2019-04-13,Standard Class,EB-13750,Edward Becker,Corporate,United States,Seattle,Washington,98103.0,West,OFF-BI-10003712,Office Supplies,Binders,"Acco Pressboard Covers with Storage Hooks, 14 7/8"" x 11"", Light Blue",35.352000000000004,9,0.2,12.815099999999997
1560,1561,CA-2017-105172,2017-04-04,2017-04-09,Standard Class,PK-18910,Paul Knutson,Home Office,United States,San Francisco,California,94109.0,West,OFF-LA-10001641,Office Supplies,Labels,Avery 518,18.9,6,0.0,9.072
1561,1562,CA-2020-107293,2020-09-05,2020-09-06,First Class,CS-12400,Christopher Schild,Home Office,United States,Seattle,Washington,98115.0,West,OFF-AR-10003732,Office Supplies,Art,Newell 333,2.78,1,0.0,0.7227999999999999
1562,1563,US-2020-102890,2020-06-30,2020-06-30,Same Day,SG-20470,Sheri Gordon,Consumer,United States,New York City,New York,10011.0,East,FUR-TA-10000577,Furniture,Tables,Bretford CR4500 Series Slim Rectangular Table,1044.6299999999999,5,0.4,-295.97849999999994
1563,1564,CA-2018-158554,2018-11-09,2018-11-09,Same Day,CM-12190,Charlotte Melton,Consumer,United States,Philadelphia,Pennsylvania,19134.0,East,OFF-PA-10004000,Office Supplies,Paper,"While You Were Out Pads, 50 per Pad, 4 x 5 1/4, Green Cycle",11.352000000000002,3,0.2,4.1151
1564,1565,CA-2017-116239,2017-03-04,2017-03-04,Same Day,CL-12565,Clay Ludtke,Consumer,United States,Columbia,South Carolina,29203.0,South,OFF-ST-10001370,Office Supplies,Storage,Sensible Storage WireTech Storage Systems,354.90000000000003,5,0.0,17.744999999999962
1565,1566,CA-2018-132101,2018-03-19,2018-03-25,Standard Class,JO-15550,Jesus Ocampo,Home Office,United States,Seattle,Washington,98105.0,West,TEC-PH-10004539,Technology,Phones,Wireless Extenders zBoost YX545 SOHO Signal Booster,453.576,3,0.2,39.687899999999985
1566,1567,CA-2018-129112,2018-11-29,2018-11-30,First Class,AW-10840,Anthony Witt,Consumer,United States,Allen,Texas,75002.0,Central,TEC-AC-10003038,Technology,Accessories,Kingston Digital DataTraveler 16GB USB 2.0,21.48,3,0.2,-0.26850000000000307
1567,1568,CA-2018-129112,2018-11-29,2018-11-30,First Class,AW-10840,Anthony Witt,Consumer,United States,Allen,Texas,75002.0,Central,OFF-BI-10000088,Office Supplies,Binders,GBC Imprintable Covers,8.783999999999999,4,0.8,-13.615200000000002
1568,1569,US-2020-152002,2020-06-11,2020-06-11,Same Day,DV-13465,Dianna Vittorini,Consumer,United States,Los Angeles,California,90004.0,West,OFF-PA-10000357,Office Supplies,Paper,"White Dual Perf Computer Printout Paper, 2700 Sheets, 1 Part, Heavyweight, 20 lbs., 14 7/8 x 11",122.97,3,0.0,60.255300000000005
1569,1570,CA-2020-165029,2020-11-26,2020-11-30,Standard Class,AH-10075,Adam Hart,Corporate,United States,Atlanta,Georgia,30318.0,South,OFF-AR-10003504,Office Supplies,Art,Newell 347,12.84,3,0.0,3.723599999999999
1570,1571,US-2017-157385,2017-11-23,2017-11-25,First Class,SC-20095,Sanjit Chand,Consumer,United States,Los Angeles,California,90004.0,West,FUR-CH-10000863,Furniture,Chairs,Novimex Swivel Fabric Task Chair,603.92,5,0.2,-67.941
1571,1572,US-2017-157385,2017-11-23,2017-11-25,First Class,SC-20095,Sanjit Chand,Consumer,United States,Los Angeles,California,90004.0,West,OFF-EN-10003160,Office Supplies,Envelopes,Pastel Pink Envelopes,21.84,3,0.0,10.4832
1572,1573,US-2017-157385,2017-11-23,2017-11-25,First Class,SC-20095,Sanjit Chand,Consumer,United States,Los Angeles,California,90004.0,West,TEC-AC-10003280,Technology,Accessories,Belkin F8E887 USB Wired Ergonomic Keyboard,29.99,1,0.0,6.2978999999999985
1573,1574,US-2017-157385,2017-11-23,2017-11-25,First Class,SC-20095,Sanjit Chand,Consumer,United States,Los Angeles,California,90004.0,West,FUR-CH-10000595,Furniture,Chairs,Safco Contoured Stacking Chairs,381.44000000000005,2,0.2,23.839999999999975
1574,1575,CA-2017-101602,2017-12-15,2017-12-18,First Class,MC-18100,Mick Crebagga,Consumer,United States,El Paso,Texas,79907.0,Central,TEC-PH-10000169,Technology,Phones,ARKON Windshield Dashboard Air Vent Car Mount Holder,40.68,3,0.2,-9.153000000000004
1575,1576,CA-2017-101602,2017-12-15,2017-12-18,First Class,MC-18100,Mick Crebagga,Consumer,United States,El Paso,Texas,79907.0,Central,FUR-CH-10004675,Furniture,Chairs,"Lifetime Advantage Folding Chairs, 4/Carton",763.28,5,0.3,-21.807999999999993
1576,1577,CA-2019-109057,2019-04-22,2019-04-27,Standard Class,TT-21460,Tonja Turnell,Home Office,United States,Aurora,Illinois,60505.0,Central,OFF-ST-10002406,Office Supplies,Storage,Pizazz Global Quick File,23.952,2,0.2,2.3952000000000018
1577,1578,CA-2019-154403,2019-05-23,2019-05-27,Standard Class,AP-10720,Anne Pryor,Home Office,United States,Florence,Alabama,35630.0,South,OFF-PA-10001526,Office Supplies,Paper,Xerox 1949,4.98,1,0.0,2.4402000000000004
1578,1579,CA-2019-102456,2019-02-27,2019-03-01,First Class,DL-12865,Dan Lawera,Consumer,United States,New York City,New York,10011.0,East,OFF-AP-10004336,Office Supplies,Appliances,"Conquest 14 Commercial Heavy-Duty Upright Vacuum, Collection System, Accessory Kit",170.88,3,0.0,49.55519999999998
1579,1580,CA-2018-131338,2018-08-09,2018-08-12,First Class,NP-18325,Naresj Patel,Consumer,United States,New York City,New York,10024.0,East,TEC-PH-10003012,Technology,Phones,Nortel Meridian M3904 Professional Digital phone,307.98,2,0.0,89.31419999999997
1580,1581,CA-2018-131338,2018-08-09,2018-08-12,First Class,NP-18325,Naresj Patel,Consumer,United States,New York City,New York,10024.0,East,FUR-TA-10002607,Furniture,Tables,KI Conference Tables,382.806,9,0.4,-153.12239999999997
1581,1582,CA-2018-131338,2018-08-09,2018-08-12,First Class,NP-18325,Naresj Patel,Consumer,United States,New York City,New York,10024.0,East,OFF-ST-10000642,Office Supplies,Storage,"Tennsco Lockers, Gray",41.96,2,0.0,2.937199999999997
1582,1583,CA-2018-131338,2018-08-09,2018-08-12,First Class,NP-18325,Naresj Patel,Consumer,United States,New York City,New York,10024.0,East,OFF-BI-10000545,Office Supplies,Binders,GBC Ibimaster 500 Manual ProClick Binding System,1217.568,2,0.2,456.588
1583,1584,CA-2018-131338,2018-08-09,2018-08-12,First Class,NP-18325,Naresj Patel,Consumer,United States,New York City,New York,10024.0,East,FUR-FU-10002157,Furniture,Furnishings,Artistic Insta-Plaque,47.04,3,0.0,18.345599999999997
1584,1585,CA-2018-131338,2018-08-09,2018-08-12,First Class,NP-18325,Naresj Patel,Consumer,United States,New York City,New York,10024.0,East,FUR-FU-10001706,Furniture,Furnishings,Longer-Life Soft White Bulbs,6.16,2,0.0,2.9568
1585,1586,CA-2018-131338,2018-08-09,2018-08-12,First Class,NP-18325,Naresj Patel,Consumer,United States,New York City,New York,10024.0,East,TEC-PH-10000984,Technology,Phones,Panasonic KX-TG9471B,979.95,5,0.0,274.3860000000001
1586,1587,CA-2018-131338,2018-08-09,2018-08-12,First Class,NP-18325,Naresj Patel,Consumer,United States,New York City,New York,10024.0,East,OFF-PA-10001357,Office Supplies,Paper,Xerox 1886,143.7,3,0.0,68.976
1587,1588,CA-2018-131338,2018-08-09,2018-08-12,First Class,NP-18325,Naresj Patel,Consumer,United States,New York City,New York,10024.0,East,OFF-FA-10000992,Office Supplies,Fasteners,"Acco Clips to Go Binder Clips, 24 Clips in Two Sizes",10.649999999999999,3,0.0,5.0055
1588,1589,CA-2018-131338,2018-08-09,2018-08-12,First Class,NP-18325,Naresj Patel,Consumer,United States,New York City,New York,10024.0,East,TEC-AC-10002600,Technology,Accessories,Belkin QODE FastFit Bluetooth Keyboard,247.8,4,0.0,34.69200000000001
1589,1590,CA-2019-109911,2019-05-12,2019-05-16,Standard Class,VG-21805,Vivek Grady,Corporate,United States,Virginia Beach,Virginia,23464.0,South,OFF-AR-10001662,Office Supplies,Art,Rogers Handheld Barrel Pencil Sharpener,10.96,4,0.0,2.959200000000001
1590,1591,US-2019-132423,2019-04-15,2019-04-19,Standard Class,MY-18295,Muhammed Yedwab,Corporate,United States,Grapevine,Texas,76051.0,Central,OFF-AR-10001221,Office Supplies,Art,"Dixon Ticonderoga Erasable Colored Pencil Set, 12-Color",33.48800000000001,7,0.2,5.860399999999997
1591,1592,US-2019-132423,2019-04-15,2019-04-19,Standard Class,MY-18295,Muhammed Yedwab,Corporate,United States,Grapevine,Texas,76051.0,Central,OFF-FA-10002988,Office Supplies,Fasteners,Ideal Clamps,8.04,5,0.2,2.9144999999999994
1592,1593,CA-2018-122826,2018-06-23,2018-06-25,Second Class,RD-19480,Rick Duston,Consumer,United States,Olympia,Washington,98502.0,West,TEC-PH-10004830,Technology,Phones,Pyle PRT45 Retro Home Telephone,201.568,4,0.2,22.676399999999994
1593,1594,CA-2017-117317,2017-10-19,2017-10-19,Same Day,JF-15490,Jeremy Farry,Consumer,United States,Los Angeles,California,90032.0,West,OFF-PA-10004519,Office Supplies,Paper,Spiral Phone Message Books with Labels by Adams,13.440000000000001,3,0.0,6.585600000000001
1594,1595,CA-2018-118423,2018-03-24,2018-03-27,First Class,DP-13390,Dennis Pardue,Home Office,United States,Peoria,Illinois,61604.0,Central,FUR-BO-10000362,Furniture,Bookcases,Sauder Inglewood Library Bookcases,359.05799999999994,3,0.3,-35.9058
1595,1596,CA-2020-149181,2020-05-08,2020-05-12,Standard Class,MD-17350,Maribeth Dona,Consumer,United States,Columbus,Ohio,43229.0,East,FUR-CH-10004540,Furniture,Chairs,Global Chrome Stack Chair,47.992,2,0.3,-2.056799999999999
1596,1597,CA-2020-132234,2020-10-16,2020-10-18,First Class,MY-17380,Maribeth Yedwab,Corporate,United States,New York City,New York,10011.0,East,FUR-FU-10001290,Furniture,Furnishings,Executive Impressions Supervisor Wall Clock,547.3000000000001,13,0.0,175.13599999999997
1597,1598,CA-2020-158876,2020-11-19,2020-11-21,Second Class,AB-10150,Aimee Bixby,Consumer,United States,Carrollton,Texas,75007.0,Central,OFF-PA-10000308,Office Supplies,Paper,Xerox 1901,16.896,4,0.2,5.279999999999999
1598,1599,CA-2020-158876,2020-11-19,2020-11-21,Second Class,AB-10150,Aimee Bixby,Consumer,United States,Carrollton,Texas,75007.0,Central,OFF-SU-10001165,Office Supplies,Supplies,Acme Elite Stainless Steel Scissors,6.672000000000001,1,0.2,0.5004
1599,1600,CA-2020-158876,2020-11-19,2020-11-21,Second Class,AB-10150,Aimee Bixby,Consumer,United States,Carrollton,Texas,75007.0,Central,OFF-AR-10003373,Office Supplies,Art,"Boston School Pro Electric Pencil Sharpener, 1670",99.13600000000001,4,0.2,8.674399999999995
1600,1601,CA-2020-158876,2020-11-19,2020-11-21,Second Class,AB-10150,Aimee Bixby,Consumer,United States,Carrollton,Texas,75007.0,Central,FUR-FU-10001967,Furniture,Furnishings,Telescoping Adjustable Floor Lamp,15.991999999999999,2,0.6,-13.992999999999999
1601,1602,CA-2019-164672,2019-05-08,2019-05-13,Second Class,GB-14530,George Bell,Corporate,United States,Dover,Delaware,19901.0,East,FUR-FU-10001488,Furniture,Furnishings,"Tenex 46"" x 60"" Computer Anti-Static Chairmat, Rectangular Shaped",211.96,2,0.0,42.391999999999996
1602,1603,US-2019-132857,2019-12-11,2019-12-17,Standard Class,CA-12775,Cynthia Arntzen,Consumer,United States,Smyrna,Tennessee,37167.0,South,OFF-AR-10003251,Office Supplies,Art,Prang Drawing Pencil Set,6.671999999999999,3,0.2,1.6679999999999997
1603,1604,CA-2020-116645,2020-11-30,2020-12-04,Standard Class,ME-17725,Max Engle,Consumer,United States,Newark,Delaware,19711.0,East,OFF-AR-10001044,Office Supplies,Art,"BOSTON Ranger #55 Pencil Sharpener, Black",155.94,6,0.0,45.22259999999999
1604,1605,US-2019-115819,2019-04-19,2019-04-24,Second Class,JO-15280,Jas O'Carroll,Consumer,United States,Los Angeles,California,90049.0,West,TEC-PH-10004700,Technology,Phones,PowerGen Dual USB Car Charger,39.96000000000001,5,0.2,12.986999999999995
1605,1606,US-2019-115819,2019-04-19,2019-04-24,Second Class,JO-15280,Jas O'Carroll,Consumer,United States,Los Angeles,California,90049.0,West,OFF-AR-10000823,Office Supplies,Art,Newell 307,5.46,3,0.0,1.5288000000000002
1606,1607,US-2019-115819,2019-04-19,2019-04-24,Second Class,JO-15280,Jas O'Carroll,Consumer,United States,Los Angeles,California,90049.0,West,OFF-AR-10004456,Office Supplies,Art,Panasonic KP-4ABK Battery-Operated Pencil Sharpener,73.2,5,0.0,21.227999999999998
1607,1608,US-2019-115819,2019-04-19,2019-04-24,Second Class,JO-15280,Jas O'Carroll,Consumer,United States,Los Angeles,California,90049.0,West,OFF-BI-10000050,Office Supplies,Binders,"Angle-D Binders with Locking Rings, Label Holders",5.84,1,0.2,1.9709999999999996
1608,1609,US-2019-115819,2019-04-19,2019-04-24,Second Class,JO-15280,Jas O'Carroll,Consumer,United States,Los Angeles,California,90049.0,West,OFF-PA-10002377,Office Supplies,Paper,"Adams Telephone Message Book W/Dividers/Space For Phone Numbers, 5 1/4""X8 1/2"", 200/Messages",22.72,4,0.0,10.223999999999998
1609,1610,US-2019-115819,2019-04-19,2019-04-24,Second Class,JO-15280,Jas O'Carroll,Consumer,United States,Los Angeles,California,90049.0,West,OFF-BI-10000591,Office Supplies,Binders,Avery Binder Labels,9.336,3,0.2,3.2675999999999994
1610,1611,CA-2017-156349,2017-05-26,2017-05-30,Standard Class,ML-17395,Marina Lichtenstein,Corporate,United States,Los Angeles,California,90008.0,West,FUR-BO-10000362,Furniture,Bookcases,Sauder Inglewood Library Bookcases,290.666,2,0.15,27.356800000000007
1611,1612,CA-2017-156349,2017-05-26,2017-05-30,Standard Class,ML-17395,Marina Lichtenstein,Corporate,United States,Los Angeles,California,90008.0,West,TEC-PH-10000441,Technology,Phones,VTech DS6151,201.584,2,0.2,20.158400000000015
1612,1613,CA-2017-156349,2017-05-26,2017-05-30,Standard Class,ML-17395,Marina Lichtenstein,Corporate,United States,Los Angeles,California,90008.0,West,TEC-PH-10002726,Technology,Phones,netTALK DUO VoIP Telephone Service,83.98400000000001,2,0.2,31.494
1613,1614,CA-2020-138380,2020-12-21,2020-12-25,Standard Class,YS-21880,Yana Sorensen,Corporate,United States,Oakland,California,94601.0,West,OFF-ST-10003306,Office Supplies,Storage,Letter Size Cart,1000.0200000000001,7,0.0,290.0057999999999
1614,1615,US-2019-113509,2019-03-15,2019-03-19,Standard Class,PL-18925,Paul Lucas,Home Office,United States,Philadelphia,Pennsylvania,19143.0,East,TEC-AC-10004855,Technology,Accessories,V7 USB Numeric Keypad,83.97600000000001,3,0.2,-13.6461
1615,1616,CA-2018-130022,2018-08-10,2018-08-16,Standard Class,JK-16120,Julie Kriz,Home Office,United States,Eagan,Minnesota,55122.0,Central,OFF-LA-10002787,Office Supplies,Labels,Avery 480,3.75,1,0.0,1.7999999999999998
1616,1617,CA-2018-130022,2018-08-10,2018-08-16,Standard Class,JK-16120,Julie Kriz,Home Office,United States,Eagan,Minnesota,55122.0,Central,OFF-LA-10002043,Office Supplies,Labels,Avery 489,41.4,4,0.0,19.872
1617,1618,CA-2018-130022,2018-08-10,2018-08-16,Standard Class,JK-16120,Julie Kriz,Home Office,United States,Eagan,Minnesota,55122.0,Central,OFF-AR-10001915,Office Supplies,Art,Peel-Off China Markers,29.79,3,0.0,12.511800000000001
1618,1619,US-2019-118780,2019-09-10,2019-09-14,Second Class,PN-18775,Parhena Norris,Home Office,United States,New York City,New York,10011.0,East,OFF-ST-10000352,Office Supplies,Storage,Acco Perma 2700 Stacking Storage Drawers,59.48,2,0.0,8.922000000000004
1619,1620,US-2019-118780,2019-09-10,2019-09-14,Second Class,PN-18775,Parhena Norris,Home Office,United States,New York City,New York,10011.0,East,OFF-PA-10000575,Office Supplies,Paper,"Wirebound Message Books, Four 2 3/4 x 5 White Forms per Page",6.69,1,0.0,3.0774
1620,1621,CA-2020-108560,2020-07-08,2020-07-15,Standard Class,JC-15385,Jenna Caffey,Consumer,United States,Kent,Washington,98031.0,West,FUR-FU-10002937,Furniture,Furnishings,"GE 48"" Fluorescent Tube, Cool White Energy Saver, 34 Watts, 30/Box",198.46,2,0.0,99.23
1621,1622,CA-2020-108560,2020-07-08,2020-07-15,Standard Class,JC-15385,Jenna Caffey,Consumer,United States,Kent,Washington,98031.0,West,OFF-LA-10003930,Office Supplies,Labels,"Dot Matrix Printer Tape Reel Labels, White, 5000/Box",786.48,8,0.0,385.3752
1622,1623,CA-2020-108560,2020-07-08,2020-07-15,Standard Class,JC-15385,Jenna Caffey,Consumer,United States,Kent,Washington,98031.0,West,OFF-BI-10001107,Office Supplies,Binders,"GBC White Gloss Covers, Plain Front",23.168000000000003,2,0.2,7.8191999999999995
1623,1624,CA-2020-108560,2020-07-08,2020-07-15,Standard Class,JC-15385,Jenna Caffey,Consumer,United States,Kent,Washington,98031.0,West,TEC-AC-10003063,Technology,Accessories,Micro Innovations USB RF Wireless Keyboard with Mouse,50.0,2,0.0,10.5
1624,1625,CA-2018-157084,2018-12-19,2018-12-24,Standard Class,JG-15160,James Galang,Consumer,United States,Los Angeles,California,90049.0,West,TEC-PH-10002922,Technology,Phones,ShoreTel ShorePhone IP 230 VoIP phone,675.96,5,0.2,84.49499999999995
1625,1626,CA-2018-157084,2018-12-19,2018-12-24,Standard Class,JG-15160,James Galang,Consumer,United States,Los Angeles,California,90049.0,West,TEC-AC-10002049,Technology,Accessories,Plantronics Savi W720 Multi-Device Wireless Headset System,1265.85,3,0.0,556.974
1626,1627,CA-2018-164539,2018-11-16,2018-11-22,Standard Class,PO-19180,Philisse Overcash,Home Office,United States,New York City,New York,10011.0,East,OFF-AP-10002457,Office Supplies,Appliances,"Eureka The Boss Plus 12-Amp Hard Box Upright Vacuum, Red",523.25,5,0.0,141.27749999999997
1627,1628,CA-2018-143119,2018-09-24,2018-09-30,Standard Class,MC-17275,Marc Crier,Consumer,United States,Lafayette,Louisiana,70506.0,South,FUR-CH-10001270,Furniture,Chairs,Harbour Creations Steel Folding Chair,517.5,6,0.0,155.24999999999994
1628,1629,CA-2020-101049,2020-06-21,2020-06-25,Second Class,AS-10240,Alan Shonely,Consumer,United States,Cleveland,Ohio,44105.0,East,FUR-FU-10004415,Furniture,Furnishings,"Stacking Tray, Side-Loading, Legal, Smoke",17.92,5,0.2,2.4639999999999986
1629,1630,CA-2020-101049,2020-06-21,2020-06-25,Second Class,AS-10240,Alan Shonely,Consumer,United States,Cleveland,Ohio,44105.0,East,OFF-BI-10001510,Office Supplies,Binders,Deluxe Heavy-Duty Vinyl Round Ring Binder,41.25600000000001,6,0.7,-34.38000000000001
1630,1631,CA-2019-106530,2019-05-08,2019-05-08,Same Day,CL-12565,Clay Ludtke,Consumer,United States,Cleveland,Ohio,44105.0,East,OFF-ST-10002011,Office Supplies,Storage,Smead Adjustable Mobile File Trolley with Lockable Top,1006.056,3,0.2,88.02990000000005
1631,1632,CA-2019-106530,2019-05-08,2019-05-08,Same Day,CL-12565,Clay Ludtke,Consumer,United States,Cleveland,Ohio,44105.0,East,OFF-PA-10002986,Office Supplies,Paper,Xerox 1898,10.688,2,0.2,3.7407999999999997
1632,1633,CA-2019-106530,2019-05-08,2019-05-08,Same Day,CL-12565,Clay Ludtke,Consumer,United States,Cleveland,Ohio,44105.0,East,OFF-PA-10004451,Office Supplies,Paper,Xerox 222,10.368000000000002,2,0.2,3.6288
1633,1634,CA-2019-106530,2019-05-08,2019-05-08,Same Day,CL-12565,Clay Ludtke,Consumer,United States,Cleveland,Ohio,44105.0,East,OFF-ST-10000649,Office Supplies,Storage,Hanging Personal Folder File,25.12,2,0.2,1.5700000000000012
1634,1635,CA-2019-106530,2019-05-08,2019-05-08,Same Day,CL-12565,Clay Ludtke,Consumer,United States,Cleveland,Ohio,44105.0,East,TEC-AC-10001465,Technology,Accessories,SanDisk Cruzer 64 GB USB Flash Drive,58.112,2,0.2,7.263999999999994
1635,1636,CA-2017-168984,2017-11-26,2017-12-02,Standard Class,NW-18400,Natalie Webber,Consumer,United States,Tigard,Oregon,97224.0,West,OFF-PA-10001166,Office Supplies,Paper,Xerox 2,15.552000000000003,3,0.2,5.4432
1636,1637,CA-2017-168984,2017-11-26,2017-12-02,Standard Class,NW-18400,Natalie Webber,Consumer,United States,Tigard,Oregon,97224.0,West,OFF-ST-10001097,Office Supplies,Storage,Office Impressions Heavy Duty Welded Shelving & Multimedia Storage Drawers,669.08,5,0.2,-167.27
1637,1638,CA-2017-168984,2017-11-26,2017-12-02,Standard Class,NW-18400,Natalie Webber,Consumer,United States,Tigard,Oregon,97224.0,West,TEC-PH-10000038,Technology,Phones,Jawbone MINI JAMBOX Wireless Bluetooth Speaker,438.336,4,0.2,-87.66720000000004
1638,1639,CA-2019-157266,2019-05-26,2019-06-01,Standard Class,TB-21280,Toby Braunhardt,Consumer,United States,Washington,District of Columbia,20016.0,East,OFF-PA-10002689,Office Supplies,Paper,Weyerhaeuser First Choice Laser/Copy Paper (20Lb. and 88 Bright),19.44,3,0.0,9.3312
1639,1640,CA-2019-157266,2019-05-26,2019-06-01,Standard Class,TB-21280,Toby Braunhardt,Consumer,United States,Washington,District of Columbia,20016.0,East,OFF-BI-10004728,Office Supplies,Binders,Wilson Jones Turn Tabs Binder Tool for Ring Binders,9.64,2,0.0,4.4344
1640,1641,CA-2019-157266,2019-05-26,2019-06-01,Standard Class,TB-21280,Toby Braunhardt,Consumer,United States,Washington,District of Columbia,20016.0,East,OFF-PA-10004675,Office Supplies,Paper,"Telephone Message Books with Fax/Mobile Section, 5 1/2"" x 3 3/16""",12.7,2,0.0,5.842
1641,1642,CA-2019-157266,2019-05-26,2019-06-01,Standard Class,TB-21280,Toby Braunhardt,Consumer,United States,Washington,District of Columbia,20016.0,East,FUR-FU-10000629,Furniture,Furnishings,9-3/4 Diameter Round Wall Clock,41.37,3,0.0,17.3754
1642,1643,US-2017-134712,2017-11-29,2017-12-04,Standard Class,BS-11380,Bill Stewart,Corporate,United States,Skokie,Illinois,60076.0,Central,OFF-FA-10003112,Office Supplies,Fasteners,Staples,12.624,2,0.2,3.944999999999999
1643,1644,CA-2018-111829,2018-03-19,2018-03-20,First Class,FH-14365,Fred Hopkins,Corporate,United States,Seattle,Washington,98115.0,West,OFF-ST-10000142,Office Supplies,Storage,Deluxe Rollaway Locking File with Drawer,1247.6399999999999,3,0.0,349.33919999999995
1644,1645,CA-2018-111829,2018-03-19,2018-03-20,First Class,FH-14365,Fred Hopkins,Corporate,United States,Seattle,Washington,98115.0,West,TEC-CO-10001766,Technology,Copiers,Canon PC940 Copier,3149.9300000000003,7,0.0,1480.4670999999998
1645,1646,CA-2018-111829,2018-03-19,2018-03-20,First Class,FH-14365,Fred Hopkins,Corporate,United States,Seattle,Washington,98115.0,West,OFF-PA-10004359,Office Supplies,Paper,Multicolor Computer Printout Paper,209.7,2,0.0,100.65599999999999
1646,1647,CA-2018-105221,2018-11-01,2018-11-03,First Class,VM-21685,Valerie Mitchum,Home Office,United States,Philadelphia,Pennsylvania,19140.0,East,TEC-AC-10002323,Technology,Accessories,SanDisk Ultra 32 GB MicroSDHC Class 10 Memory Card,35.36000000000001,2,0.2,-3.0939999999999994
1647,1648,CA-2018-105221,2018-11-01,2018-11-03,First Class,VM-21685,Valerie Mitchum,Home Office,United States,Philadelphia,Pennsylvania,19140.0,East,OFF-FA-10001135,Office Supplies,Fasteners,"Brites Rubber Bands, 1 1/2 oz. Box",3.168,2,0.2,-0.7127999999999999
1648,1649,CA-2018-120341,2018-09-26,2018-09-29,Second Class,SF-20200,Sarah Foster,Consumer,United States,Philadelphia,Pennsylvania,19143.0,East,OFF-BI-10004224,Office Supplies,Binders,Catalog Binders with Expanding Posts,121.10400000000003,6,0.7,-100.91999999999999
1649,1650,CA-2018-120341,2018-09-26,2018-09-29,Second Class,SF-20200,Sarah Foster,Consumer,United States,Philadelphia,Pennsylvania,19143.0,East,TEC-PH-10003357,Technology,Phones,Grandstream GXP2100 Mainstream Business Phone,45.894,1,0.4,-9.178799999999999
1650,1651,CA-2017-135699,2017-08-29,2017-08-29,Same Day,HH-15010,Hilary Holden,Corporate,United States,San Francisco,California,94110.0,West,OFF-PA-10004475,Office Supplies,Paper,Xerox 1940,109.92,2,0.0,53.8608
1651,1652,CA-2017-135699,2017-08-29,2017-08-29,Same Day,HH-15010,Hilary Holden,Corporate,United States,San Francisco,California,94110.0,West,OFF-PA-10003001,Office Supplies,Paper,Xerox 1986,13.36,2,0.0,6.4128
1652,1653,US-2020-132444,2020-11-18,2020-11-21,First Class,CD-12280,Christina DeMoss,Consumer,United States,Seattle,Washington,98105.0,West,OFF-ST-10003442,Office Supplies,Storage,Eldon Portable Mobile Manager,169.68,6,0.0,45.8136
1653,1654,US-2020-132444,2020-11-18,2020-11-21,First Class,CD-12280,Christina DeMoss,Consumer,United States,Seattle,Washington,98105.0,West,TEC-AC-10003832,Technology,Accessories,Imation 16GB Mini TravelDrive USB 2.0 Flash Drive,132.52,4,0.0,54.333200000000005
1654,1655,US-2020-132444,2020-11-18,2020-11-21,First Class,CD-12280,Christina DeMoss,Consumer,United States,Seattle,Washington,98105.0,West,OFF-FA-10000611,Office Supplies,Fasteners,Binder Clips by OIC,2.96,2,0.0,1.4207999999999998
1655,1656,US-2020-132444,2020-11-18,2020-11-21,First Class,CD-12280,Christina DeMoss,Consumer,United States,Seattle,Washington,98105.0,West,OFF-BI-10001116,Office Supplies,Binders,"Wilson Jones 1"" Hanging DublLock Ring Binders",8.448,2,0.2,2.9568000000000003
1656,1657,US-2020-132444,2020-11-18,2020-11-21,First Class,CD-12280,Christina DeMoss,Consumer,United States,Seattle,Washington,98105.0,West,OFF-ST-10000563,Office Supplies,Storage,Fellowes Bankers Box Stor/Drawer Steel Plus,95.94,3,0.0,9.594000000000001
1657,1658,CA-2017-127159,2017-05-12,2017-05-15,First Class,HL-15040,Hunter Lopez,Consumer,United States,Milwaukee,Wisconsin,53209.0,Central,FUR-FU-10000010,Furniture,Furnishings,"DAX Value U-Channel Document Frames, Easel Back",34.79,7,0.0,10.784899999999999
1658,1659,CA-2020-161809,2020-01-20,2020-01-26,Standard Class,TH-21100,Thea Hendricks,Consumer,United States,Los Angeles,California,90045.0,West,TEC-PH-10004922,Technology,Phones,RCA Visys Integrated PBX 8-Line Router,160.776,3,0.2,10.048500000000004
1659,1660,CA-2020-127285,2020-10-30,2020-11-06,Standard Class,MM-18055,Michelle Moray,Consumer,United States,Seattle,Washington,98115.0,West,OFF-BI-10004330,Office Supplies,Binders,"GBC Velobind Prepunched Cover Sets, Regency Series",88.752,3,0.2,27.734999999999996
1660,1661,CA-2020-127285,2020-10-30,2020-11-06,Standard Class,MM-18055,Michelle Moray,Consumer,United States,Seattle,Washington,98115.0,West,OFF-BI-10002072,Office Supplies,Binders,Cardinal Slant-D Ring Binders,13.904,2,0.2,5.2139999999999995
1661,1662,CA-2020-144526,2020-04-30,2020-05-06,Standard Class,QJ-19255,Quincy Jones,Corporate,United States,Philadelphia,Pennsylvania,19143.0,East,TEC-PH-10002549,Technology,Phones,Polycom SoundPoint IP 450 VoIP phone,677.5799999999999,5,0.4,-158.10199999999998
1662,1663,CA-2020-144526,2020-04-30,2020-05-06,Standard Class,QJ-19255,Quincy Jones,Corporate,United States,Philadelphia,Pennsylvania,19143.0,East,OFF-BI-10002353,Office Supplies,Binders,GBC VeloBind Cover Sets,13.896,3,0.7,-9.264
1663,1664,CA-2019-128531,2019-11-24,2019-11-26,Second Class,NS-18505,Neola Schneider,Consumer,United States,Dallas,Texas,75217.0,Central,OFF-ST-10001325,Office Supplies,Storage,Sterilite Officeware Hinged File Box,41.92,5,0.2,3.6679999999999993
1664,1665,CA-2019-128531,2019-11-24,2019-11-26,Second Class,NS-18505,Neola Schneider,Consumer,United States,Dallas,Texas,75217.0,Central,TEC-AC-10002049,Technology,Accessories,Logitech G19 Programmable Gaming Keyboard,297.576,3,0.2,-7.439400000000035
1665,1666,CA-2019-128531,2019-11-24,2019-11-26,Second Class,NS-18505,Neola Schneider,Consumer,United States,Dallas,Texas,75217.0,Central,OFF-FA-10002676,Office Supplies,Fasteners,Colored Push Pins,4.344,3,0.2,0.8687999999999998
1666,1667,CA-2019-128531,2019-11-24,2019-11-26,Second Class,NS-18505,Neola Schneider,Consumer,United States,Dallas,Texas,75217.0,Central,TEC-AC-10003023,Technology,Accessories,Logitech G105 Gaming Keyboard,94.992,2,0.2,-2.374800000000004
1667,1668,CA-2019-128531,2019-11-24,2019-11-26,Second Class,NS-18505,Neola Schneider,Consumer,United States,Dallas,Texas,75217.0,Central,OFF-PA-10000167,Office Supplies,Paper,Xerox 1925,74.352,3,0.2,23.234999999999992
1668,1669,CA-2019-128531,2019-11-24,2019-11-26,Second Class,NS-18505,Neola Schneider,Consumer,United States,Dallas,Texas,75217.0,Central,OFF-AR-10003405,Office Supplies,Art,"Dixon My First Ticonderoga Pencil, #2",14.04,3,0.2,1.5794999999999986
1669,1670,US-2018-157154,2018-01-10,2018-01-15,Standard Class,MM-17920,Michael Moore,Consumer,United States,New York City,New York,10011.0,East,FUR-TA-10001889,Furniture,Tables,Bush Advantage Collection Racetrack Conference Table,1018.1039999999999,4,0.4,-373.3048
1670,1671,CA-2020-159457,2020-10-19,2020-10-26,Standard Class,RD-19480,Rick Duston,Consumer,United States,Houston,Texas,77095.0,Central,TEC-PH-10002185,Technology,Phones,QVS USB Car Charger 2-Port 2.1Amp for iPod/iPhone/iPad/iPad 2/iPad 3,16.68,3,0.2,5.2125
1671,1672,CA-2019-107615,2019-03-22,2019-03-25,First Class,RB-19645,Robert Barroso,Corporate,United States,North Las Vegas,Nevada,89031.0,West,TEC-AC-10001013,Technology,Accessories,Logitech ClearChat Comfort/USB Headset H390,58.58,2,0.0,19.331399999999995
1672,1673,CA-2020-111647,2020-07-03,2020-07-07,Standard Class,RD-19585,Rob Dowd,Consumer,United States,Plano,Texas,75023.0,Central,TEC-PH-10002726,Technology,Phones,netTALK DUO VoIP Telephone Service,167.96800000000002,4,0.2,62.988
1673,1674,CA-2018-150560,2018-12-11,2018-12-12,First Class,SW-20455,Shaun Weien,Consumer,United States,Suffolk,Virginia,23434.0,South,OFF-LA-10003930,Office Supplies,Labels,"Dot Matrix Printer Tape Reel Labels, White, 5000/Box",196.62,2,0.0,96.3438
1674,1675,CA-2018-143077,2018-09-17,2018-09-21,Standard Class,SF-20965,Sylvia Foulston,Corporate,United States,Houston,Texas,77041.0,Central,FUR-FU-10003535,Furniture,Furnishings,Howard Miller Distant Time Traveler Alarm Clock,21.936000000000003,2,0.6,-10.419600000000003
1675,1676,CA-2018-143077,2018-09-17,2018-09-21,Standard Class,SF-20965,Sylvia Foulston,Corporate,United States,Houston,Texas,77041.0,Central,OFF-BI-10000088,Office Supplies,Binders,GBC Imprintable Covers,6.587999999999999,3,0.8,-10.211400000000005
1676,1677,CA-2019-122728,2019-05-18,2019-05-24,Standard Class,EB-13930,Eric Barreto,Consumer,United States,San Francisco,California,94110.0,West,OFF-ST-10000604,Office Supplies,Storage,Home/Office Personal File Carts,104.28,3,0.0,26.069999999999993
1677,1678,CA-2019-122728,2019-05-18,2019-05-24,Standard Class,EB-13930,Eric Barreto,Consumer,United States,San Francisco,California,94110.0,West,OFF-PA-10004040,Office Supplies,Paper,Universal Premium White Copier/Laser Paper (20Lb. and 87 Bright),17.94,3,0.0,8.790600000000001
1678,1679,CA-2017-122882,2017-09-07,2017-09-13,Standard Class,SB-20290,Sean Braxton,Corporate,United States,Philadelphia,Pennsylvania,19134.0,East,OFF-ST-10002344,Office Supplies,Storage,"Carina 42""Hx23 3/4""W Media Storage Unit",64.784,1,0.2,-14.576399999999996
1679,1680,CA-2017-122882,2017-09-07,2017-09-13,Standard Class,SB-20290,Sean Braxton,Corporate,United States,Philadelphia,Pennsylvania,19134.0,East,TEC-PH-10003589,Technology,Phones,invisibleSHIELD by ZAGG Smudge-Free Screen Protector,32.382,3,0.4,4.317599999999999
1680,1681,CA-2017-122882,2017-09-07,2017-09-13,Standard Class,SB-20290,Sean Braxton,Corporate,United States,Philadelphia,Pennsylvania,19134.0,East,FUR-FU-10000758,Furniture,Furnishings,DAX Natural Wood-Tone Poster Frame,42.368,2,0.2,8.473599999999996
1681,1682,CA-2017-122882,2017-09-07,2017-09-13,Standard Class,SB-20290,Sean Braxton,Corporate,United States,Philadelphia,Pennsylvania,19134.0,East,TEC-MA-10004679,Technology,Machines,StarTech.com 10/100 VDSL2 Ethernet Extender Kit,399.54,4,0.7,-559.3559999999999
1682,1683,US-2019-101497,2019-09-29,2019-10-01,Second Class,PS-18760,Pamela Stobb,Consumer,United States,Los Angeles,California,90008.0,West,OFF-PA-10000176,Office Supplies,Paper,Xerox 1887,18.97,1,0.0,9.105599999999999
1683,1684,CA-2019-147585,2019-11-07,2019-11-12,Standard Class,CB-12535,Claudia Bergmann,Corporate,United States,San Francisco,California,94110.0,West,FUR-FU-10002597,Furniture,Furnishings,"C-Line Magnetic Cubicle Keepers, Clear Polypropylene",14.82,3,0.0,6.224400000000001
1684,1685,CA-2020-149489,2020-04-24,2020-04-27,First Class,DK-12835,Damala Kotsonis,Corporate,United States,Philadelphia,Pennsylvania,19143.0,East,OFF-AP-10002495,Office Supplies,Appliances,"Acco Smartsocket Table Surge Protector, 6 Color-Coded Adapter Outlets",99.28,2,0.2,12.40999999999999
1685,1686,CA-2020-149489,2020-04-24,2020-04-27,First Class,DK-12835,Damala Kotsonis,Corporate,United States,Philadelphia,Pennsylvania,19143.0,East,OFF-BI-10002813,Office Supplies,Binders,Avery Reinforcements for Hole-Punch Pages,1.1880000000000002,2,0.7,-0.9899999999999998
1686,1687,CA-2020-149489,2020-04-24,2020-04-27,First Class,DK-12835,Damala Kotsonis,Corporate,United States,Philadelphia,Pennsylvania,19143.0,East,OFF-BI-10002414,Office Supplies,Binders,GBC ProClick Spines for 32-Hole Punch,7.518000000000001,2,0.7,-5.7638
1687,1688,CA-2020-143798,2020-12-10,2020-12-12,First Class,AW-10840,Anthony Witt,Consumer,United States,Philadelphia,Pennsylvania,19140.0,East,OFF-PA-10000788,Office Supplies,Paper,Xerox 210,10.368000000000002,2,0.2,3.6288
1688,1689,CA-2020-143798,2020-12-10,2020-12-12,First Class,AW-10840,Anthony Witt,Consumer,United States,Philadelphia,Pennsylvania,19140.0,East,FUR-FU-10004306,Furniture,Furnishings,Electrix Halogen Magnifier Lamp,310.88000000000005,2,0.2,23.31599999999999
1689,1690,CA-2017-142839,2017-08-16,2017-08-20,Standard Class,TS-21610,Troy Staebel,Consumer,United States,Philadelphia,Pennsylvania,19143.0,East,FUR-TA-10001539,Furniture,Tables,Chromcraft Rectangular Conference Tables,853.0919999999999,6,0.4,-227.49120000000016
1690,1691,CA-2020-129833,2020-12-09,2020-12-15,Standard Class,HF-14995,Herbert Flentye,Consumer,United States,Indianapolis,Indiana,46203.0,Central,OFF-PA-10000575,Office Supplies,Paper,"Wirebound Message Books, Four 2 3/4 x 5 White Forms per Page",33.45,5,0.0,15.387
1691,1692,CA-2020-129833,2020-12-09,2020-12-15,Standard Class,HF-14995,Herbert Flentye,Consumer,United States,Indianapolis,Indiana,46203.0,Central,OFF-BI-10004182,Office Supplies,Binders,Economy Binders,10.4,5,0.0,5.096
1692,1693,US-2019-154361,2019-03-14,2019-03-19,Standard Class,HZ-14950,Henia Zydlo,Consumer,United States,Columbus,Ohio,43229.0,East,FUR-FU-10004020,Furniture,Furnishings,Advantus Panel Wall Acrylic Frame,21.880000000000003,5,0.2,6.2905
1693,1694,US-2019-158708,2019-06-26,2019-06-29,Second Class,AB-10255,Alejandro Ballentine,Home Office,United States,Plano,Texas,75023.0,Central,TEC-AC-10003133,Technology,Accessories,Memorex Mini Travel Drive 4 GB USB 2.0 Flash Drive,13.616,2,0.2,3.574200000000001
1694,1695,CA-2018-156335,2018-09-25,2018-09-28,Second Class,PO-19195,Phillina Ober,Home Office,United States,Bayonne,New Jersey,7002.0,East,TEC-AC-10002006,Technology,Accessories,Memorex Micro Travel Drive 16 GB,63.96,4,0.0,19.827599999999997
1695,1696,CA-2018-156335,2018-09-25,2018-09-28,Second Class,PO-19195,Phillina Ober,Home Office,United States,Bayonne,New Jersey,7002.0,East,OFF-BI-10003314,Office Supplies,Binders,Tuff Stuff Recycled Round Ring Binders,14.46,3,0.0,7.0854
1696,1697,CA-2018-156335,2018-09-25,2018-09-28,Second Class,PO-19195,Phillina Ober,Home Office,United States,Bayonne,New Jersey,7002.0,East,TEC-PH-10002726,Technology,Phones,netTALK DUO VoIP Telephone Service,104.98,2,0.0,52.49
1697,1698,CA-2018-148376,2018-12-27,2018-12-31,Standard Class,AG-10900,Arthur Gainer,Consumer,United States,Los Angeles,California,90008.0,West,OFF-AP-10000240,Office Supplies,Appliances,Belkin F9G930V10-GRY 9 Outlet Surge,106.96,2,0.0,31.018399999999986
1698,1699,CA-2018-148376,2018-12-27,2018-12-31,Standard Class,AG-10900,Arthur Gainer,Consumer,United States,Los Angeles,California,90008.0,West,OFF-LA-10002381,Office Supplies,Labels,Avery 497,21.560000000000002,7,0.0,10.348799999999999
1699,1700,CA-2017-135657,2017-06-03,2017-06-07,Second Class,SC-20725,Steven Cartwright,Consumer,United States,Seattle,Washington,98115.0,West,FUR-TA-10004086,Furniture,Tables,KI Adjustable-Height Table,515.88,6,0.0,113.49359999999999
1700,1701,CA-2018-114069,2018-07-13,2018-07-15,Second Class,ND-18370,Natalie DeCherney,Consumer,United States,New York City,New York,10035.0,East,OFF-BI-10000320,Office Supplies,Binders,GBC Plastic Binding Combs,11.808,2,0.2,4.2804
1701,1702,CA-2018-114069,2018-07-13,2018-07-15,Second Class,ND-18370,Natalie DeCherney,Consumer,United States,New York City,New York,10035.0,East,FUR-CH-10000595,Furniture,Chairs,Safco Contoured Stacking Chairs,1931.04,9,0.1,321.8399999999999
1702,1703,CA-2018-114069,2018-07-13,2018-07-15,Second Class,ND-18370,Natalie DeCherney,Consumer,United States,New York City,New York,10035.0,East,OFF-PA-10000349,Office Supplies,Paper,Easy-staple paper,9.96,2,0.0,4.6812000000000005
1703,1704,CA-2017-139857,2017-02-02,2017-02-06,Standard Class,CD-12790,Cynthia Delaney,Home Office,United States,San Diego,California,92037.0,West,OFF-FA-10001843,Office Supplies,Fasteners,Staples,12.350000000000001,5,0.0,5.8045
1704,1705,CA-2019-106306,2019-03-08,2019-03-08,Same Day,PG-18820,Patrick Gardner,Consumer,United States,Glendale,Arizona,85301.0,West,OFF-BI-10003676,Office Supplies,Binders,"GBC Standard Recycled Report Covers, Clear Plastic Sheets",9.702000000000002,3,0.7,-7.114799999999999
1705,1706,CA-2018-100545,2018-11-22,2018-11-26,Standard Class,IM-15070,Irene Maddox,Consumer,United States,Philadelphia,Pennsylvania,19120.0,East,OFF-BI-10003638,Office Supplies,Binders,GBC Durable Plastic Covers,11.610000000000003,2,0.7,-9.288
1706,1707,CA-2020-123491,2020-10-30,2020-11-05,Standard Class,JK-15205,Jamie Kunitz,Consumer,United States,San Francisco,California,94122.0,West,OFF-LA-10003077,Office Supplies,Labels,Avery 500,43.86,6,0.0,20.614199999999997
1707,1708,CA-2020-123491,2020-10-30,2020-11-05,Standard Class,JK-15205,Jamie Kunitz,Consumer,United States,San Francisco,California,94122.0,West,TEC-PH-10003505,Technology,Phones,Geemarc AmpliPOWER60,148.48,2,0.2,16.703999999999986
1708,1709,CA-2020-123491,2020-10-30,2020-11-05,Standard Class,JK-15205,Jamie Kunitz,Consumer,United States,San Francisco,California,94122.0,West,OFF-PA-10003424,Office Supplies,Paper,"""While you Were Out"" Message Book, One Form per Page",7.42,2,0.0,3.71
1709,1710,CA-2020-123491,2020-10-30,2020-11-05,Standard Class,JK-15205,Jamie Kunitz,Consumer,United States,San Francisco,California,94122.0,West,FUR-CH-10003061,Furniture,Chairs,"Global Leather Task Chair, Black",71.992,1,0.2,-0.899900000000013
1710,1711,CA-2020-123491,2020-10-30,2020-11-05,Standard Class,JK-15205,Jamie Kunitz,Consumer,United States,San Francisco,California,94122.0,West,OFF-AR-10003514,Office Supplies,Art,4009 Highlighters by Sanford,19.9,5,0.0,6.566999999999998
1711,1712,CA-2020-123491,2020-10-30,2020-11-05,Standard Class,JK-15205,Jamie Kunitz,Consumer,United States,San Francisco,California,94122.0,West,OFF-AP-10002684,Office Supplies,Appliances,"Acco 7-Outlet Masterpiece Power Center, Wihtout Fax/Phone Line Protection",1702.12,14,0.0,510.63599999999985
1712,1713,CA-2018-145401,2018-01-30,2018-02-04,Standard Class,JP-15520,Jeremy Pistek,Consumer,United States,Houston,Texas,77070.0,Central,OFF-PA-10004405,Office Supplies,Paper,Rediform Voice Mail Log Books,14.303999999999998,6,0.2,5.0064
1713,1714,US-2020-124968,2020-09-08,2020-09-13,Second Class,MM-18055,Michelle Moray,Consumer,United States,Chicago,Illinois,60610.0,Central,FUR-TA-10004289,Furniture,Tables,BoxOffice By Design Rectangular and Half-Moon Meeting Room Tables,765.625,7,0.5,-566.5625
1714,1715,CA-2020-104003,2020-10-07,2020-10-13,Standard Class,DC-13285,Debra Catini,Consumer,United States,San Francisco,California,94110.0,West,FUR-BO-10003965,Furniture,Bookcases,O'Sullivan Manor Hill 2-Door Library in Brianna Oak,307.666,2,0.15,-14.47839999999998
1715,1716,CA-2019-154788,2019-04-30,2019-05-04,Standard Class,JL-15835,John Lee,Consumer,United States,New York City,New York,10011.0,East,OFF-BI-10003314,Office Supplies,Binders,Tuff Stuff Recycled Round Ring Binders,7.712000000000001,2,0.2,2.7956000000000003
1716,1717,CA-2019-169943,2019-05-19,2019-05-24,Standard Class,BN-11515,Bradley Nguyen,Consumer,United States,New York City,New York,10011.0,East,OFF-AP-10001563,Office Supplies,Appliances,Belkin Premiere Surge Master II 8-outlet surge protector,242.89999999999998,5,0.0,70.44099999999997
1717,1718,CA-2019-169943,2019-05-19,2019-05-24,Standard Class,BN-11515,Bradley Nguyen,Consumer,United States,New York City,New York,10011.0,East,OFF-ST-10004123,Office Supplies,Storage,Safco Industrial Wire Shelving System,454.90000000000003,5,0.0,0.0
1718,1719,CA-2019-169943,2019-05-19,2019-05-24,Standard Class,BN-11515,Bradley Nguyen,Consumer,United States,New York City,New York,10011.0,East,FUR-FU-10002088,Furniture,Furnishings,Nu-Dell Float Frame 11 x 14 1/2,35.92,4,0.0,15.086400000000001
1719,1720,CA-2019-169943,2019-05-19,2019-05-24,Standard Class,BN-11515,Bradley Nguyen,Consumer,United States,New York City,New York,10011.0,East,FUR-FU-10000010,Furniture,Furnishings,"DAX Value U-Channel Document Frames, Easel Back",39.76,8,0.0,12.325599999999998
1720,1721,CA-2019-169943,2019-05-19,2019-05-24,Standard Class,BN-11515,Bradley Nguyen,Consumer,United States,New York City,New York,10011.0,East,OFF-BI-10002824,Office Supplies,Binders,Recycled Easel Ring Binders,47.744,4,0.2,14.919999999999995
1721,1722,US-2018-123218,2018-12-20,2018-12-25,Standard Class,KD-16345,Katherine Ducich,Consumer,United States,Chicago,Illinois,60623.0,Central,TEC-PH-10001061,Technology,Phones,Apple iPhone 5C,159.984,2,0.2,11.998799999999996
1722,1723,US-2018-123218,2018-12-20,2018-12-25,Standard Class,KD-16345,Katherine Ducich,Consumer,United States,Chicago,Illinois,60623.0,Central,TEC-AC-10000736,Technology,Accessories,Logitech G600 MMO Gaming Mouse,255.968,4,0.2,51.193599999999996
1723,1724,US-2018-123218,2018-12-20,2018-12-25,Standard Class,KD-16345,Katherine Ducich,Consumer,United States,Chicago,Illinois,60623.0,Central,FUR-BO-10003966,Furniture,Bookcases,"Sauder Facets Collection Library, Sky Alder Finish",359.05799999999994,3,0.3,-71.81160000000003
1724,1725,CA-2018-127453,2018-12-19,2018-12-20,First Class,JK-15370,Jay Kimmel,Consumer,United States,Philadelphia,Pennsylvania,19143.0,East,OFF-AP-10000828,Office Supplies,Appliances,Avanti 4.4 Cu. Ft. Refrigerator,434.352,3,0.2,43.43519999999998
1725,1726,CA-2018-127453,2018-12-19,2018-12-20,First Class,JK-15370,Jay Kimmel,Consumer,United States,Philadelphia,Pennsylvania,19143.0,East,OFF-AP-10002906,Office Supplies,Appliances,Hoover Replacement Belt for Commercial Guardsman Heavy-Duty Upright Vacuum,3.5520000000000005,2,0.2,0.44399999999999973
1726,1727,CA-2018-127453,2018-12-19,2018-12-20,First Class,JK-15370,Jay Kimmel,Consumer,United States,Philadelphia,Pennsylvania,19143.0,East,OFF-AP-10003860,Office Supplies,Appliances,Fellowes Advanced 8 Outlet Surge Suppressor with Phone/Fax Protection,88.83200000000001,4,0.2,7.7728
1727,1728,US-2020-164056,2020-04-29,2020-05-04,Second Class,FM-14215,Filia McAdams,Corporate,United States,Dublin,Ohio,43017.0,East,FUR-TA-10001307,Furniture,Tables,"SAFCO PlanMaster Heigh-Adjustable Drafting Table Base, 43w x 30d x 30-37h, Black",1048.35,5,0.4,-69.88999999999999
1728,1729,CA-2019-106894,2019-02-07,2019-02-07,Same Day,CA-12265,Christina Anderson,Consumer,United States,Springfield,Virginia,22153.0,South,TEC-AC-10003063,Technology,Accessories,Micro Innovations USB RF Wireless Keyboard with Mouse,100.0,4,0.0,21.0
1729,1730,CA-2019-106894,2019-02-07,2019-02-07,Same Day,CA-12265,Christina Anderson,Consumer,United States,Springfield,Virginia,22153.0,South,OFF-LA-10001045,Office Supplies,Labels,Permanent Self-Adhesive File Folder Labels for Typewriters by Universal,7.83,3,0.0,3.6018
1730,1731,CA-2017-125136,2017-09-28,2017-10-03,Standard Class,KD-16495,Keith Dawkins,Corporate,United States,Fayetteville,North Carolina,28314.0,South,OFF-PA-10001457,Office Supplies,Paper,White GlueTop Scratch Pads,96.256,8,0.2,31.283199999999987
1731,1732,CA-2017-125136,2017-09-28,2017-10-03,Standard Class,KD-16495,Keith Dawkins,Corporate,United States,Fayetteville,North Carolina,28314.0,South,OFF-PA-10001804,Office Supplies,Paper,Xerox 195,10.688,2,0.2,3.7407999999999997
1732,1733,US-2019-131149,2019-07-10,2019-07-14,Standard Class,LH-17155,Logan Haushalter,Consumer,United States,Dallas,Texas,75081.0,Central,OFF-ST-10000689,Office Supplies,Storage,"Fellowes Strictly Business Drawer File, Letter/Legal Size",338.04,3,0.2,-33.804
1733,1734,US-2019-131149,2019-07-10,2019-07-14,Standard Class,LH-17155,Logan Haushalter,Consumer,United States,Dallas,Texas,75081.0,Central,OFF-AR-10002135,Office Supplies,Art,Boston Heavy-Duty Trimline Electric Pencil Sharpeners,154.24,4,0.2,17.351999999999975
1734,1735,CA-2020-101483,2020-07-29,2020-08-01,Second Class,AG-10675,Anna Gayman,Consumer,United States,Jacksonville,North Carolina,28540.0,South,OFF-AP-10002082,Office Supplies,Appliances,Holmes HEPA Air Purifier,34.848000000000006,2,0.2,6.533999999999997
1735,1736,CA-2020-101483,2020-07-29,2020-08-01,Second Class,AG-10675,Anna Gayman,Consumer,United States,Jacksonville,North Carolina,28540.0,South,TEC-PH-10003442,Technology,Phones,Samsung Replacement EH64AVFWE Premium Headset,22.0,5,0.2,1.375
1736,1737,CA-2020-101483,2020-07-29,2020-08-01,Second Class,AG-10675,Anna Gayman,Consumer,United States,Jacksonville,North Carolina,28540.0,South,OFF-AR-10002833,Office Supplies,Art,Newell 322,4.368,3,0.2,0.3822000000000001
1737,1738,CA-2018-130204,2018-09-03,2018-09-09,Standard Class,DB-13120,David Bremer,Corporate,United States,San Francisco,California,94122.0,West,OFF-ST-10001325,Office Supplies,Storage,Sterilite Officeware Hinged File Box,31.44,3,0.0,8.488800000000001
1738,1739,CA-2018-130204,2018-09-03,2018-09-09,Standard Class,DB-13120,David Bremer,Corporate,United States,San Francisco,California,94122.0,West,TEC-AC-10003038,Technology,Accessories,Kingston Digital DataTraveler 16GB USB 2.0,17.9,2,0.0,3.400999999999998
1739,1740,CA-2018-130204,2018-09-03,2018-09-09,Standard Class,DB-13120,David Bremer,Corporate,United States,San Francisco,California,94122.0,West,TEC-AC-10003590,Technology,Accessories,"TRENDnet 56K USB 2.0 Phone, Internet and Fax Modem",129.45,5,0.0,46.602
1740,1741,CA-2017-110527,2017-08-09,2017-08-16,Standard Class,ED-13885,Emily Ducich,Home Office,United States,San Diego,California,92037.0,West,OFF-LA-10000262,Office Supplies,Labels,Avery 494,20.88,8,0.0,9.6048
1741,1742,CA-2020-152807,2020-10-30,2020-11-03,Standard Class,MC-18100,Mick Crebagga,Consumer,United States,Philadelphia,Pennsylvania,19140.0,East,OFF-PA-10004355,Office Supplies,Paper,Xerox 231,20.736000000000004,4,0.2,7.2576
1742,1743,CA-2020-152807,2020-10-30,2020-11-03,Standard Class,MC-18100,Mick Crebagga,Consumer,United States,Philadelphia,Pennsylvania,19140.0,East,FUR-FU-10004415,Furniture,Furnishings,"Stacking Tray, Side-Loading, Legal, Smoke",7.168000000000001,2,0.2,0.9855999999999994
1743,1744,CA-2020-152807,2020-10-30,2020-11-03,Standard Class,MC-18100,Mick Crebagga,Consumer,United States,Philadelphia,Pennsylvania,19140.0,East,OFF-ST-10002486,Office Supplies,Storage,Eldon Shelf Savers Cubes and Bins,11.168000000000001,2,0.2,-2.512800000000001
1744,1745,CA-2020-152807,2020-10-30,2020-11-03,Standard Class,MC-18100,Mick Crebagga,Consumer,United States,Philadelphia,Pennsylvania,19140.0,East,TEC-AC-10001142,Technology,Accessories,First Data FD10 PIN Pad,442.40000000000003,7,0.2,-55.30000000000007
1745,1746,CA-2017-133270,2017-06-06,2017-06-09,First Class,BM-11785,Bryan Mills,Consumer,United States,Rochester,New York,14609.0,East,OFF-AR-10002656,Office Supplies,Art,Sanford Liquid Accent Highlighters,13.36,2,0.0,4.943199999999999
1746,1747,CA-2019-155670,2019-08-13,2019-08-17,Second Class,EM-14065,Erin Mull,Consumer,United States,Jacksonville,North Carolina,28540.0,South,OFF-BI-10000138,Office Supplies,Binders,Acco Translucent Poly Ring Binders,11.232000000000001,8,0.7,-8.236799999999999
1747,1748,CA-2019-155670,2019-08-13,2019-08-17,Second Class,EM-14065,Erin Mull,Consumer,United States,Jacksonville,North Carolina,28540.0,South,OFF-PA-10004947,Office Supplies,Paper,Easy-staple paper,10.272000000000002,3,0.2,3.209999999999998
1748,1749,US-2017-157406,2017-04-25,2017-04-29,Standard Class,DA-13450,Dianna Arnett,Home Office,United States,Houston,Texas,77095.0,Central,OFF-PA-10003543,Office Supplies,Paper,Xerox 1985,10.368000000000002,2,0.2,3.6288
1749,1750,US-2017-157406,2017-04-25,2017-04-29,Standard Class,DA-13450,Dianna Arnett,Home Office,United States,Houston,Texas,77095.0,Central,OFF-AR-10002221,Office Supplies,Art,12 Colored Short Pencils,6.24,3,0.2,0.5460000000000007
1750,1751,CA-2018-139094,2018-11-22,2018-11-27,Standard Class,MO-17800,Meg O'Connel,Home Office,United States,San Antonio,Texas,78207.0,Central,FUR-TA-10004607,Furniture,Tables,Hon 2111 Invitation Series Straight Table,206.96200000000002,2,0.3,-32.52260000000001
1751,1752,CA-2020-168837,2020-10-14,2020-10-17,First Class,JW-15955,Joni Wasserman,Consumer,United States,Oakland,California,94601.0,West,FUR-FU-10001918,Furniture,Furnishings,C-Line Cubicle Keepers Polyproplyene Holder With Velcro Backings,9.46,2,0.0,3.689400000000001
1752,1753,CA-2020-116715,2020-12-02,2020-12-05,First Class,VW-21775,Victoria Wilson,Corporate,United States,San Francisco,California,94122.0,West,OFF-ST-10004340,Office Supplies,Storage,"Fellowes Mobile File Cart, Black",559.62,9,0.0,151.09740000000002
1753,1754,CA-2020-116715,2020-12-02,2020-12-05,First Class,VW-21775,Victoria Wilson,Corporate,United States,San Francisco,California,94122.0,West,OFF-PA-10004475,Office Supplies,Paper,Xerox 1940,109.92,2,0.0,53.8608
1754,1755,CA-2020-116715,2020-12-02,2020-12-05,First Class,VW-21775,Victoria Wilson,Corporate,United States,San Francisco,California,94122.0,West,OFF-PA-10003893,Office Supplies,Paper,Xerox 1962,8.56,2,0.0,3.8519999999999994
1755,1756,CA-2018-135622,2018-12-08,2018-12-11,Second Class,TT-21460,Tonja Turnell,Home Office,United States,Fort Worth,Texas,76106.0,Central,OFF-PA-10000100,Office Supplies,Paper,Xerox 1945,360.712,11,0.2,130.7581
1756,1757,CA-2018-135622,2018-12-08,2018-12-11,Second Class,TT-21460,Tonja Turnell,Home Office,United States,Fort Worth,Texas,76106.0,Central,TEC-PH-10001817,Technology,Phones,Wilson Electronics DB Pro Signal Booster,1718.4,6,0.2,150.36000000000013
1757,1758,US-2018-107349,2018-07-13,2018-07-15,First Class,SL-20155,Sara Luxemburg,Home Office,United States,Houston,Texas,77095.0,Central,OFF-BI-10001765,Office Supplies,Binders,Wilson Jones Heavy-Duty Casebound Ring Binders with Metal Hinges,41.56799999999999,6,0.8,-66.50880000000004
1758,1759,CA-2017-139017,2017-05-11,2017-05-17,Standard Class,RM-19375,Raymond Messe,Consumer,United States,Houston,Texas,77095.0,Central,TEC-AC-10001013,Technology,Accessories,Logitech ClearChat Comfort/USB Headset H390,46.864000000000004,2,0.2,7.615399999999994
1759,1760,CA-2017-141817,2017-01-05,2017-01-12,Standard Class,MB-18085,Mick Brown,Consumer,United States,Philadelphia,Pennsylvania,19143.0,East,OFF-AR-10003478,Office Supplies,Art,"Avery Hi-Liter EverBold Pen Style Fluorescent Highlighters, 4/Pack",19.536,3,0.2,4.884
1760,1761,CA-2018-130785,2018-09-05,2018-09-09,Standard Class,AG-10900,Arthur Gainer,Consumer,United States,San Diego,California,92105.0,West,FUR-BO-10000330,Furniture,Bookcases,"Sauder Camden County Barrister Bookcase, Planked Cherry Finish",411.332,4,0.15,-4.839199999999977
1761,1762,CA-2018-130785,2018-09-05,2018-09-09,Standard Class,AG-10900,Arthur Gainer,Consumer,United States,San Diego,California,92105.0,West,OFF-BI-10001900,Office Supplies,Binders,"DXL Angle-View Binders with Locking Rings, Black",28.752000000000002,6,0.2,9.7038
1762,1763,CA-2018-130785,2018-09-05,2018-09-09,Standard Class,AG-10900,Arthur Gainer,Consumer,United States,San Diego,California,92105.0,West,FUR-BO-10003159,Furniture,Bookcases,"Sauder Camden County Collection Libraries, Planked Cherry Finish",293.199,3,0.15,-20.696400000000025
1763,1764,CA-2019-110254,2019-08-04,2019-08-08,Standard Class,ML-17755,Max Ludwig,Home Office,United States,Suffolk,Virginia,23434.0,South,OFF-SU-10002573,Office Supplies,Supplies,"Acme 10"" Easy Grip Assistive Scissors",35.06,2,0.0,10.517999999999997
1764,1765,CA-2019-110254,2019-08-04,2019-08-08,Standard Class,ML-17755,Max Ludwig,Home Office,United States,Suffolk,Virginia,23434.0,South,OFF-LA-10004484,Office Supplies,Labels,Avery 476,4.13,1,0.0,1.8998
1765,1766,CA-2019-110254,2019-08-04,2019-08-08,Standard Class,ML-17755,Max Ludwig,Home Office,United States,Suffolk,Virginia,23434.0,South,FUR-FU-10001591,Furniture,Furnishings,Advantus Panel Wall Certificate Holder - 8.5x11,109.8,9,0.0,46.11600000000001
1766,1767,CA-2019-110254,2019-08-04,2019-08-08,Standard Class,ML-17755,Max Ludwig,Home Office,United States,Suffolk,Virginia,23434.0,South,OFF-LA-10002034,Office Supplies,Labels,Avery 478,9.82,2,0.0,4.8118
1767,1768,US-2017-158057,2017-03-22,2017-03-26,Standard Class,CC-12685,Craig Carroll,Consumer,United States,Greensboro,North Carolina,27405.0,South,OFF-BI-10004410,Office Supplies,Binders,"C-Line Peel & Stick Add-On Filing Pockets, 8-3/4 x 5-1/8, 10/Pack",7.644000000000001,4,0.7,-5.8603999999999985
1768,1769,US-2017-158057,2017-03-22,2017-03-26,Standard Class,CC-12685,Craig Carroll,Consumer,United States,Greensboro,North Carolina,27405.0,South,OFF-BI-10002735,Office Supplies,Binders,GBC Prestige Therm-A-Bind Covers,51.46500000000002,5,0.7,-39.45649999999999
1769,1770,CA-2020-146024,2020-03-02,2020-03-08,Standard Class,SC-20770,Stewart Carmichael,Corporate,United States,Dallas,Texas,75081.0,Central,OFF-SU-10001935,Office Supplies,Supplies,Staple remover,6.976000000000001,4,0.2,-1.3952000000000013
1770,1771,CA-2020-146024,2020-03-02,2020-03-08,Standard Class,SC-20770,Stewart Carmichael,Corporate,United States,Dallas,Texas,75081.0,Central,OFF-BI-10003291,Office Supplies,Binders,Wilson Jones Leather-Like Binders with DublLock Round Rings,12.221999999999998,7,0.8,-20.166300000000007
1771,1772,CA-2019-129686,2019-11-27,2019-11-29,Second Class,GG-14650,Greg Guthrie,Corporate,United States,Chicago,Illinois,60623.0,Central,OFF-ST-10004337,Office Supplies,Storage,"SAFCO Commercial Wire Shelving, 72h",97.98400000000001,2,0.2,-24.496000000000002
1772,1773,CA-2019-129686,2019-11-27,2019-11-29,Second Class,GG-14650,Greg Guthrie,Corporate,United States,Chicago,Illinois,60623.0,Central,TEC-AC-10001266,Technology,Accessories,Memorex Micro Travel Drive 8 GB,62.400000000000006,6,0.2,19.499999999999993
1773,1774,CA-2017-118976,2017-04-28,2017-05-03,Standard Class,MY-18295,Muhammed Yedwab,Corporate,United States,Baltimore,Maryland,21215.0,East,OFF-BI-10001628,Office Supplies,Binders,"Acco Data Flex Cable Posts For Top & Bottom Load Binders, 6"" Capacity",20.86,2,0.0,9.386999999999999
1774,1775,CA-2017-118976,2017-04-28,2017-05-03,Standard Class,MY-18295,Muhammed Yedwab,Corporate,United States,Baltimore,Maryland,21215.0,East,OFF-ST-10000877,Office Supplies,Storage,Recycled Steel Personal File for Standard File Folders,497.61,9,0.0,129.3786
1775,1776,CA-2017-118976,2017-04-28,2017-05-03,Standard Class,MY-18295,Muhammed Yedwab,Corporate,United States,Baltimore,Maryland,21215.0,East,OFF-AR-10004752,Office Supplies,Art,Blackstonian Pencils,5.34,2,0.0,1.4952
1776,1777,CA-2017-118976,2017-04-28,2017-05-03,Standard Class,MY-18295,Muhammed Yedwab,Corporate,United States,Baltimore,Maryland,21215.0,East,OFF-LA-10000452,Office Supplies,Labels,Avery 488,3.15,1,0.0,1.512
1777,1778,CA-2018-105347,2018-11-24,2018-11-28,Standard Class,DP-13000,Darren Powers,Consumer,United States,Los Angeles,California,90004.0,West,OFF-PA-10000675,Office Supplies,Paper,Xerox 1919,368.91,9,0.0,180.76590000000002
1778,1779,CA-2018-105347,2018-11-24,2018-11-28,Standard Class,DP-13000,Darren Powers,Consumer,United States,Los Angeles,California,90004.0,West,OFF-AR-10003045,Office Supplies,Art,Prang Colored Pencils,14.7,5,0.0,6.615
1779,1780,CA-2019-124667,2019-11-11,2019-11-16,Standard Class,BD-11770,Bryan Davis,Consumer,United States,New York City,New York,10011.0,East,TEC-AC-10003447,Technology,Accessories,Micropad Numeric Keypads,59.97,3,0.0,14.992499999999996
1780,1781,CA-2019-124667,2019-11-11,2019-11-16,Standard Class,BD-11770,Bryan Davis,Consumer,United States,New York City,New York,10011.0,East,OFF-ST-10002276,Office Supplies,Storage,Safco Steel Mobile File Cart,83.36,1,0.0,20.840000000000003
1781,1782,CA-2018-111094,2018-07-09,2018-07-13,Standard Class,CB-12535,Claudia Bergmann,Corporate,United States,Franklin,Massachusetts,2038.0,East,OFF-PA-10001609,Office Supplies,Paper,Tops Wirebound Message Log Books,6.58,2,0.0,3.0267999999999997
1782,1783,CA-2018-111094,2018-07-09,2018-07-13,Standard Class,CB-12535,Claudia Bergmann,Corporate,United States,Franklin,Massachusetts,2038.0,East,OFF-BI-10001597,Office Supplies,Binders,"Wilson Jones Ledger-Size, Piano-Hinge Binder, 2"", Blue",122.94,3,0.0,59.01119999999999
1783,1784,CA-2020-166317,2020-09-22,2020-09-26,Standard Class,JE-15610,Jim Epp,Corporate,United States,Milwaukee,Wisconsin,53209.0,Central,OFF-PA-10004475,Office Supplies,Paper,Xerox 1940,219.84,4,0.0,107.7216
1784,1785,CA-2020-166317,2020-09-22,2020-09-26,Standard Class,JE-15610,Jim Epp,Corporate,United States,Milwaukee,Wisconsin,53209.0,Central,TEC-AC-10004510,Technology,Accessories,Logitech Desktop MK120 Mouse and keyboard Combo,98.16,6,0.0,9.815999999999995
1785,1786,CA-2020-166317,2020-09-22,2020-09-26,Standard Class,JE-15610,Jim Epp,Corporate,United States,Milwaukee,Wisconsin,53209.0,Central,OFF-BI-10002976,Office Supplies,Binders,ACCOHIDE Binder by Acco,33.04,8,0.0,15.5288
1786,1787,CA-2020-166317,2020-09-22,2020-09-26,Standard Class,JE-15610,Jim Epp,Corporate,United States,Milwaukee,Wisconsin,53209.0,Central,TEC-PH-10001615,Technology,Phones,AT&T CL82213,86.97,3,0.0,25.22129999999999
1787,1788,CA-2018-154326,2018-02-15,2018-02-19,Standard Class,RP-19855,Roy Phan,Corporate,United States,Kenosha,Wisconsin,53142.0,Central,TEC-PH-10001819,Technology,Phones,Innergie mMini Combo Duo USB Travel Charging Kit,134.97,3,0.0,64.78559999999999
1788,1789,CA-2018-154326,2018-02-15,2018-02-19,Standard Class,RP-19855,Roy Phan,Corporate,United States,Kenosha,Wisconsin,53142.0,Central,TEC-PH-10000560,Technology,Phones,Samsung Galaxy S III - 16GB - pebble blue (T-Mobile),699.98,2,0.0,195.99440000000004
1789,1790,CA-2018-154326,2018-02-15,2018-02-19,Standard Class,RP-19855,Roy Phan,Corporate,United States,Kenosha,Wisconsin,53142.0,Central,TEC-AC-10004568,Technology,Accessories,Maxell LTO Ultrium - 800 GB,139.95,5,0.0,26.590499999999988
1790,1791,CA-2017-102008,2017-09-30,2017-10-04,Standard Class,RA-19915,Russell Applegate,Consumer,United States,New York City,New York,10011.0,East,OFF-PA-10004092,Office Supplies,Paper,Tops Green Bar Computer Printout Paper,48.94,1,0.0,24.47
1791,1792,CA-2017-120474,2017-12-01,2017-12-03,First Class,RP-19390,Resi Pölking,Consumer,United States,Madison,Wisconsin,53711.0,Central,FUR-CH-10001854,Furniture,Chairs,Office Star - Professional Matrix Back Chair with 2-to-1 Synchro Tilt and Mesh Fabric Seat,2807.84,8,0.0,673.8816000000002
1792,1793,CA-2017-120474,2017-12-01,2017-12-03,First Class,RP-19390,Resi Pölking,Consumer,United States,Madison,Wisconsin,53711.0,Central,OFF-AR-10000475,Office Supplies,Art,"Hunt BOSTON Vista Battery-Operated Pencil Sharpener, Black",46.64,4,0.0,12.592800000000004
1793,1794,CA-2017-104773,2017-12-08,2017-12-13,Standard Class,TB-21175,Thomas Boland,Corporate,United States,Houston,Texas,77041.0,Central,OFF-ST-10000777,Office Supplies,Storage,"Companion Letter/Legal File, Black",60.416,2,0.2,6.0416000000000025
1794,1795,CA-2019-140774,2019-09-05,2019-09-10,Standard Class,BE-11455,Brad Eason,Home Office,United States,Olathe,Kansas,66062.0,Central,OFF-AR-10004022,Office Supplies,Art,Panasonic KP-380BK Classic Electric Pencil Sharpener,107.94,3,0.0,26.984999999999992
1795,1796,US-2020-139465,2020-08-27,2020-08-30,First Class,MR-17545,Mathew Reese,Home Office,United States,New York City,New York,10024.0,East,OFF-ST-10002352,Office Supplies,Storage,Iris Project Case,63.84,8,0.0,16.598399999999998
1796,1797,US-2020-139465,2020-08-27,2020-08-30,First Class,MR-17545,Mathew Reese,Home Office,United States,New York City,New York,10024.0,East,TEC-PH-10000455,Technology,Phones,GE 30522EE2,347.96999999999997,3,0.0,100.91129999999997
1797,1798,US-2020-139465,2020-08-27,2020-08-30,First Class,MR-17545,Mathew Reese,Home Office,United States,New York City,New York,10024.0,East,OFF-BI-10003910,Office Supplies,Binders,DXL Angle-View Binders with Locking Rings by Samsill,37.008,6,0.2,11.565
1798,1799,CA-2019-100965,2019-07-07,2019-07-11,Standard Class,RM-19375,Raymond Messe,Consumer,United States,San Jose,California,95123.0,West,FUR-FU-10003039,Furniture,Furnishings,"Howard Miller 11-1/2"" Diameter Grantwood Wall Clock",215.65,5,0.0,73.321
1799,1800,CA-2019-121034,2019-08-08,2019-08-10,Second Class,JF-15565,Jill Fjeld,Consumer,United States,Dallas,Texas,75081.0,Central,OFF-FA-10000585,Office Supplies,Fasteners,OIC Bulk Pack Metal Binder Clips,11.168000000000001,4,0.2,3.6295999999999995
1800,1801,CA-2019-121034,2019-08-08,2019-08-10,Second Class,JF-15565,Jill Fjeld,Consumer,United States,Dallas,Texas,75081.0,Central,OFF-PA-10001994,Office Supplies,Paper,"Ink Jet Note and Greeting Cards, 8-1/2"" x 5-1/2"" Card Size",53.952000000000005,3,0.2,17.534399999999998
1801,1802,CA-2019-149461,2019-11-13,2019-11-19,Standard Class,AS-10135,Adrian Shami,Home Office,United States,Auburn,Washington,98002.0,West,FUR-FU-10004270,Furniture,Furnishings,"Eldon Image Series Desk Accessories, Burgundy",4.18,1,0.0,1.5048
1802,1803,CA-2020-158379,2020-09-22,2020-09-26,Second Class,JA-15970,Joseph Airdo,Consumer,United States,Philadelphia,Pennsylvania,19134.0,East,OFF-BI-10002498,Office Supplies,Binders,Clear Mylar Reinforcing Strips,5.607000000000001,1,0.7,-4.2987
1803,1804,CA-2020-158379,2020-09-22,2020-09-26,Second Class,JA-15970,Joseph Airdo,Consumer,United States,Philadelphia,Pennsylvania,19134.0,East,OFF-SU-10002881,Office Supplies,Supplies,Martin Yale Chadless Opener Electric Letter Opener,4663.736000000001,7,0.2,-1049.3406
1804,1805,CA-2020-158379,2020-09-22,2020-09-26,Second Class,JA-15970,Joseph Airdo,Consumer,United States,Philadelphia,Pennsylvania,19134.0,East,TEC-AC-10002926,Technology,Accessories,Logitech Wireless Marathon Mouse M705,79.98400000000001,2,0.2,22.995400000000004
1805,1806,US-2019-116729,2019-12-25,2019-12-28,First Class,GK-14620,Grace Kelly,Corporate,United States,Los Angeles,California,90049.0,West,TEC-PH-10002200,Technology,Phones,Samsung Galaxy Note 2,2575.944,7,0.2,257.5944000000003
1806,1807,US-2019-116729,2019-12-25,2019-12-28,First Class,GK-14620,Grace Kelly,Corporate,United States,Los Angeles,California,90049.0,West,OFF-PA-10002005,Office Supplies,Paper,Xerox 225,45.36,7,0.0,21.772800000000004
1807,1808,US-2019-116729,2019-12-25,2019-12-28,First Class,GK-14620,Grace Kelly,Corporate,United States,Los Angeles,California,90049.0,West,TEC-AC-10001465,Technology,Accessories,SanDisk Cruzer 64 GB USB Flash Drive,254.24,7,0.0,76.27199999999998
1808,1809,CA-2019-164938,2019-02-11,2019-02-13,First Class,PB-19210,Phillip Breyer,Corporate,United States,Tulsa,Oklahoma,74133.0,Central,TEC-PH-10004897,Technology,Phones,Mediabridge Sport Armband iPhone 5s,69.93,7,0.0,0.6992999999999991
1809,1810,CA-2019-165484,2019-10-23,2019-10-29,Standard Class,HK-14890,Heather Kirkland,Corporate,United States,Chicago,Illinois,60610.0,Central,FUR-FU-10001196,Furniture,Furnishings,DAX Cubicle Frames - 8x10,16.156,7,0.6,-12.116999999999999
1810,1811,CA-2019-165484,2019-10-23,2019-10-29,Standard Class,HK-14890,Heather Kirkland,Corporate,United States,Chicago,Illinois,60610.0,Central,OFF-PA-10000595,Office Supplies,Paper,Xerox 1929,54.816,3,0.2,17.815199999999997
1811,1812,CA-2017-132612,2017-06-09,2017-06-11,Second Class,FO-14305,Frank Olsen,Consumer,United States,Harrisonburg,Virginia,22801.0,South,FUR-TA-10004534,Furniture,Tables,Bevis 44 x 96 Conference Tables,1441.3,7,0.0,245.0209999999999
1812,1813,US-2020-161193,2020-11-20,2020-11-26,Standard Class,BT-11680,Brian Thompson,Consumer,United States,Newark,Ohio,43055.0,East,FUR-FU-10001861,Furniture,Furnishings,"Floodlight Indoor Halogen Bulbs, 1 Bulb per Pack, 60 Watts",77.6,5,0.2,28.129999999999995
1813,1814,US-2020-161193,2020-11-20,2020-11-26,Standard Class,BT-11680,Brian Thompson,Consumer,United States,Newark,Ohio,43055.0,East,FUR-FU-10000206,Furniture,Furnishings,"GE General Purpose, Extra Long Life, Showcase & Floodlight Incandescent Bulbs",4.656000000000001,2,0.2,1.5713999999999997
1814,1815,CA-2018-131597,2018-09-14,2018-09-18,Standard Class,SP-20620,Stefania Perrino,Corporate,United States,Los Angeles,California,90045.0,West,FUR-TA-10002607,Furniture,Tables,KI Conference Tables,170.13600000000002,3,0.2,-8.506799999999991
1815,1816,CA-2018-164833,2018-06-04,2018-06-04,Same Day,LL-16840,Lauren Leatherbury,Consumer,United States,Seattle,Washington,98105.0,West,OFF-LA-10000443,Office Supplies,Labels,Avery 501,7.38,2,0.0,3.4686
1816,1817,CA-2018-164833,2018-06-04,2018-06-04,Same Day,LL-16840,Lauren Leatherbury,Consumer,United States,Seattle,Washington,98105.0,West,OFF-AR-10004685,Office Supplies,Art,"Binney & Smith Crayola Metallic Colored Pencils, 8-Color Set",9.26,2,0.0,3.0557999999999996
1817,1818,CA-2018-125423,2018-12-13,2018-12-15,Second Class,MC-17575,Matt Collins,Consumer,United States,Los Angeles,California,90036.0,West,OFF-LA-10001771,Office Supplies,Labels,Avery 513,9.96,2,0.0,4.5816
1818,1819,US-2017-130379,2017-05-25,2017-05-29,Standard Class,JL-15235,Janet Lee,Consumer,United States,Chicago,Illinois,60623.0,Central,OFF-AP-10001394,Office Supplies,Appliances,Harmony Air Purifier,75.59999999999998,2,0.8,-166.32000000000005
1819,1820,US-2017-130379,2017-05-25,2017-05-29,Standard Class,JL-15235,Janet Lee,Consumer,United States,Chicago,Illinois,60623.0,Central,FUR-FU-10002553,Furniture,Furnishings,"Electrix Incandescent Magnifying Lamp, Black",29.32,2,0.6,-24.188999999999993
1820,1821,CA-2019-168956,2019-02-16,2019-02-20,Standard Class,EA-14035,Erin Ashbrook,Corporate,United States,Chicago,Illinois,60623.0,Central,OFF-AP-10004233,Office Supplies,Appliances,Honeywell Enviracaire Portable Air Cleaner for up to 8 x 10 Room,92.06399999999998,6,0.8,-225.55680000000007
1821,1822,CA-2019-168956,2019-02-16,2019-02-20,Standard Class,EA-14035,Erin Ashbrook,Corporate,United States,Chicago,Illinois,60623.0,Central,OFF-FA-10000304,Office Supplies,Fasteners,Advantus Push Pins,6.976000000000001,4,0.2,1.8312000000000004
1822,1823,CA-2019-168956,2019-02-16,2019-02-20,Standard Class,EA-14035,Erin Ashbrook,Corporate,United States,Chicago,Illinois,60623.0,Central,FUR-CH-10004754,Furniture,Chairs,"Global Stack Chair with Arms, Black",62.958,3,0.3,-2.6982
1823,1824,CA-2019-168956,2019-02-16,2019-02-20,Standard Class,EA-14035,Erin Ashbrook,Corporate,United States,Chicago,Illinois,60623.0,Central,OFF-PA-10000809,Office Supplies,Paper,Xerox 206,5.184000000000001,1,0.2,1.8144
1824,1825,CA-2019-167507,2019-12-22,2019-12-28,Standard Class,SA-20830,Sue Ann Reed,Consumer,United States,Redmond,Oregon,97756.0,West,OFF-BI-10003694,Office Supplies,Binders,"Avery 3 1/2"" Diskette Storage Pages, 10/Pack",31.32,10,0.7,-25.05599999999999
1825,1826,CA-2019-167507,2019-12-22,2019-12-28,Standard Class,SA-20830,Sue Ann Reed,Consumer,United States,Redmond,Oregon,97756.0,West,FUR-FU-10001935,Furniture,Furnishings,3M Hangers With Command Adhesive,11.840000000000002,4,0.2,3.108000000000001
1826,1827,CA-2019-167507,2019-12-22,2019-12-28,Standard Class,SA-20830,Sue Ann Reed,Consumer,United States,Redmond,Oregon,97756.0,West,FUR-FU-10002878,Furniture,Furnishings,"Seth Thomas 14"" Day/Date Wall Clock",22.784000000000002,1,0.2,4.841600000000001
1827,1828,CA-2019-109344,2019-02-08,2019-02-11,Second Class,CH-12070,Cathy Hwang,Home Office,United States,Raleigh,North Carolina,27604.0,South,TEC-PH-10002624,Technology,Phones,Samsung Galaxy S4 Mini,1127.976,3,0.2,126.8972999999998
1828,1829,US-2018-140851,2018-07-13,2018-07-15,Second Class,ND-18460,Neil Ducich,Corporate,United States,Macon,Georgia,31204.0,South,OFF-PA-10000019,Office Supplies,Paper,Xerox 1931,38.88,6,0.0,18.6624
1829,1830,CA-2017-103373,2017-05-18,2017-05-24,Standard Class,BS-11755,Bruce Stewart,Consumer,United States,Cleveland,Ohio,44105.0,East,TEC-PH-10002885,Technology,Phones,Apple iPhone 5,779.796,2,0.4,-168.95579999999995
1830,1831,CA-2020-145884,2020-10-21,2020-10-21,Same Day,SL-20155,Sara Luxemburg,Home Office,United States,Muskogee,Oklahoma,74403.0,Central,TEC-PH-10000895,Technology,Phones,Polycom VVX 310 VoIP phone,1439.92,8,0.0,374.3792000000001
1831,1832,CA-2020-145884,2020-10-21,2020-10-21,Same Day,SL-20155,Sara Luxemburg,Home Office,United States,Muskogee,Oklahoma,74403.0,Central,FUR-TA-10002356,Furniture,Tables,Bevis Boat-Shaped Conference Table,262.11,1,0.0,62.90639999999999
1832,1833,CA-2018-131422,2018-11-05,2018-11-09,Standard Class,GB-14530,George Bell,Corporate,United States,Monroe,North Carolina,28110.0,South,FUR-CH-10001270,Furniture,Chairs,Harbour Creations Steel Folding Chair,207.0,3,0.2,25.87499999999997
1833,1834,CA-2020-162691,2020-08-01,2020-08-07,Standard Class,AS-10045,Aaron Smayling,Corporate,United States,Austin,Texas,78745.0,Central,TEC-MA-10000488,Technology,Machines,Bady BDG101FRU Card Printer,1439.982,3,0.4,-263.99670000000026
1834,1835,CA-2020-162691,2020-08-01,2020-08-07,Standard Class,AS-10045,Aaron Smayling,Corporate,United States,Austin,Texas,78745.0,Central,OFF-PA-10003729,Office Supplies,Paper,Xerox 1998,36.28800000000001,7,0.2,12.700800000000001
1835,1836,CA-2017-141278,2017-06-21,2017-06-24,First Class,RM-19375,Raymond Messe,Consumer,United States,Meriden,Connecticut,6450.0,East,OFF-AR-10003056,Office Supplies,Art,Newell 341,21.400000000000002,5,0.0,6.205999999999998
1836,1837,CA-2020-122693,2020-02-19,2020-02-21,Second Class,NH-18610,Nicole Hansen,Corporate,United States,Roswell,Georgia,30076.0,South,OFF-AP-10002518,Office Supplies,Appliances,Kensington 7 Outlet MasterPiece Power Center,1245.86,7,0.0,361.2993999999999
1837,1838,CA-2017-117345,2017-08-01,2017-08-05,Standard Class,BF-10975,Barbara Fisher,Corporate,United States,Charlotte,North Carolina,28205.0,South,OFF-LA-10000240,Office Supplies,Labels,Self-Adhesive Address Labels for Typewriters by Universal,17.544,3,0.2,5.921099999999998
1838,1839,CA-2017-117345,2017-08-01,2017-08-05,Standard Class,BF-10975,Barbara Fisher,Corporate,United States,Charlotte,North Carolina,28205.0,South,FUR-FU-10000629,Furniture,Furnishings,9-3/4 Diameter Round Wall Clock,44.128,4,0.2,12.135200000000001
1839,1840,CA-2017-117345,2017-08-01,2017-08-05,Standard Class,BF-10975,Barbara Fisher,Corporate,United States,Charlotte,North Carolina,28205.0,South,OFF-AP-10001005,Office Supplies,Appliances,Honeywell Quietcare HEPA Air Cleaner,62.92000000000001,1,0.2,10.224499999999994
1840,1841,CA-2017-117345,2017-08-01,2017-08-05,Standard Class,BF-10975,Barbara Fisher,Corporate,United States,Charlotte,North Carolina,28205.0,South,OFF-PA-10002377,Office Supplies,Paper,Xerox 1916,78.304,2,0.2,29.363999999999997
1841,1842,CA-2019-157763,2019-07-18,2019-07-23,Standard Class,KH-16330,Katharine Harms,Corporate,United States,Bowling Green,Kentucky,42104.0,South,FUR-CH-10000988,Furniture,Chairs,Hon Olson Stacker Stools,140.81,1,0.0,39.4268
1842,1843,CA-2018-135391,2018-02-09,2018-02-11,Second Class,FA-14230,Frank Atkinson,Corporate,United States,San Antonio,Texas,78207.0,Central,OFF-LA-10001074,Office Supplies,Labels,Round Specialty Laser Printer Labels,40.096000000000004,4,0.2,13.532399999999996
1843,1844,CA-2018-135391,2018-02-09,2018-02-11,Second Class,FA-14230,Frank Atkinson,Corporate,United States,San Antonio,Texas,78207.0,Central,FUR-FU-10001986,Furniture,Furnishings,"Dana Fluorescent Magnifying Lamp, White, 36""",40.784,2,0.6,-30.588
1844,1845,US-2020-113852,2020-07-29,2020-08-02,Standard Class,GW-14605,Giulietta Weimer,Consumer,United States,Seattle,Washington,98115.0,West,TEC-AC-10003027,Technology,Accessories,Imation 8GB Mini TravelDrive USB 2.0 Flash Drive,90.57000000000001,3,0.0,11.774100000000004
1845,1846,US-2020-158512,2020-01-12,2020-01-17,Second Class,DA-13450,Dianna Arnett,Home Office,United States,Washington,District of Columbia,20016.0,East,OFF-PA-10001804,Office Supplies,Paper,Xerox 195,40.08,6,0.0,19.2384
1846,1847,US-2020-158512,2020-01-12,2020-01-17,Second Class,DA-13450,Dianna Arnett,Home Office,United States,Washington,District of Columbia,20016.0,East,FUR-FU-10004973,Furniture,Furnishings,Flat Face Poster Frame,37.68,2,0.0,15.825600000000001
1847,1848,CA-2020-128370,2020-09-10,2020-09-10,Same Day,FH-14275,Frank Hawley,Corporate,United States,Los Angeles,California,90004.0,West,FUR-CH-10002602,Furniture,Chairs,DMI Arturo Collection Mission-style Design Wood Chair,362.352,3,0.2,27.176400000000015
1848,1849,CA-2020-128370,2020-09-10,2020-09-10,Same Day,FH-14275,Frank Hawley,Corporate,United States,Los Angeles,California,90004.0,West,OFF-BI-10004140,Office Supplies,Binders,Avery Non-Stick Binders,7.184000000000001,2,0.2,2.244999999999999
1849,1850,CA-2018-160472,2018-07-20,2018-07-25,Second Class,RK-19300,Ralph Kennedy,Consumer,United States,South Bend,Indiana,46614.0,Central,OFF-ST-10000464,Office Supplies,Storage,"Multi-Use Personal File Cart and Caster Set, Three Stacking Bins",34.76,1,0.0,9.732800000000001
1850,1851,CA-2018-160472,2018-07-20,2018-07-25,Second Class,RK-19300,Ralph Kennedy,Consumer,United States,South Bend,Indiana,46614.0,Central,TEC-AC-10002253,Technology,Accessories,Imation Bio 8GB USB Flash Drive Imation Corp,831.2,5,0.0,124.68000000000004
1851,1852,CA-2018-160472,2018-07-20,2018-07-25,Second Class,RK-19300,Ralph Kennedy,Consumer,United States,South Bend,Indiana,46614.0,Central,OFF-PA-10000528,Office Supplies,Paper,Xerox 1981,26.400000000000002,5,0.0,11.879999999999999
1852,1853,CA-2018-160472,2018-07-20,2018-07-25,Second Class,RK-19300,Ralph Kennedy,Consumer,United States,South Bend,Indiana,46614.0,Central,OFF-EN-10000483,Office Supplies,Envelopes,"White Envelopes, White Envelopes with Clear Poly Window",106.75,7,0.0,49.10499999999999
1853,1854,CA-2018-160472,2018-07-20,2018-07-25,Second Class,RK-19300,Ralph Kennedy,Consumer,United States,South Bend,Indiana,46614.0,Central,OFF-PA-10003129,Office Supplies,Paper,Tops White Computer Printout Paper,97.82,2,0.0,45.97539999999999
1854,1855,CA-2018-160472,2018-07-20,2018-07-25,Second Class,RK-19300,Ralph Kennedy,Consumer,United States,South Bend,Indiana,46614.0,Central,OFF-ST-10003442,Office Supplies,Storage,Eldon Portable Mobile Manager,141.4,5,0.0,38.178
1855,1856,CA-2017-114643,2017-06-13,2017-06-17,Standard Class,FM-14215,Filia McAdams,Corporate,United States,Los Angeles,California,90032.0,West,OFF-AR-10003631,Office Supplies,Art,Staples in misc. colors,14.52,3,0.0,4.7916
1856,1857,US-2020-158218,2020-05-12,2020-05-15,Second Class,AC-10420,Alyssa Crouse,Corporate,United States,Houston,Texas,77041.0,Central,OFF-ST-10000563,Office Supplies,Storage,Fellowes Bankers Box Stor/Drawer Steel Plus,127.92000000000002,5,0.2,-15.990000000000002
1857,1858,US-2020-158218,2020-05-12,2020-05-15,Second Class,AC-10420,Alyssa Crouse,Corporate,United States,Houston,Texas,77041.0,Central,OFF-BI-10002133,Office Supplies,Binders,"Wilson Jones Elliptical Ring 3 1/2"" Capacity Binders, 800 sheets",34.23999999999999,4,0.8,-53.07200000000002
1858,1859,CA-2018-121608,2018-09-03,2018-09-05,First Class,JB-15400,Jennifer Braxton,Corporate,United States,Bristol,Connecticut,6010.0,East,OFF-AP-10002311,Office Supplies,Appliances,"Holmes Replacement Filter for HEPA Air Cleaner, Very Large Room, HEPA Filter",137.62,2,0.0,60.552800000000005
1859,1860,CA-2018-121608,2018-09-03,2018-09-05,First Class,JB-15400,Jennifer Braxton,Corporate,United States,Bristol,Connecticut,6010.0,East,TEC-PH-10004959,Technology,Phones,Classic Ivory Antique Telephone ZL1810,100.49,1,0.0,25.122500000000002
1860,1861,US-2020-121251,2020-03-26,2020-03-27,First Class,GM-14440,Gary McGarr,Consumer,United States,New York City,New York,10009.0,East,FUR-BO-10001918,Furniture,Bookcases,"Sauder Forest Hills Library with Doors, Woodland Oak Finish",257.568,2,0.2,-28.976400000000012
1861,1862,US-2020-121251,2020-03-26,2020-03-27,First Class,GM-14440,Gary McGarr,Consumer,United States,New York City,New York,10009.0,East,TEC-PH-10004896,Technology,Phones,Nokia Lumia 521 (T-Mobile),119.96,4,0.0,33.588800000000006
1862,1863,CA-2017-151078,2017-11-12,2017-11-12,Same Day,RF-19840,Roy Französisch,Consumer,United States,San Antonio,Texas,78207.0,Central,OFF-ST-10001328,Office Supplies,Storage,"Personal Filing Tote with Lid, Black/Gray",49.632000000000005,4,0.2,4.9632000000000005
1863,1864,US-2019-100839,2019-10-13,2019-10-17,Standard Class,NC-18625,Noah Childs,Corporate,United States,Aurora,Colorado,80013.0,West,FUR-TA-10004575,Furniture,Tables,Hon 5100 Series Wood Tables,727.45,5,0.5,-465.5680000000001
1864,1865,US-2019-100839,2019-10-13,2019-10-17,Standard Class,NC-18625,Noah Childs,Corporate,United States,Aurora,Colorado,80013.0,West,FUR-FU-10001617,Furniture,Furnishings,"Executive Impressions 8-1/2"" Career Panel/Partition Cubicle Clock",24.96,3,0.2,4.3679999999999986
1865,1866,US-2020-116659,2020-11-12,2020-11-12,Same Day,NG-18355,Nat Gilpin,Corporate,United States,Newark,Ohio,43055.0,East,TEC-PH-10002824,Technology,Phones,Jabra SPEAK 410 Multidevice Speakerphone,370.782,3,0.4,-92.69550000000004
1866,1867,CA-2020-118857,2020-04-15,2020-04-18,First Class,AH-10075,Adam Hart,Corporate,United States,Henderson,Nevada,89015.0,West,FUR-FU-10004460,Furniture,Furnishings,"Howard Miller 12"" Round Wall Clock",196.45,5,0.0,70.72199999999998
1867,1868,CA-2018-127110,2018-06-25,2018-07-01,Standard Class,CH-12070,Cathy Hwang,Home Office,United States,Philadelphia,Pennsylvania,19143.0,East,OFF-PA-10003309,Office Supplies,Paper,Xerox 211,31.104000000000006,6,0.2,10.8864
1868,1869,CA-2018-127110,2018-06-25,2018-07-01,Standard Class,CH-12070,Cathy Hwang,Home Office,United States,Philadelphia,Pennsylvania,19143.0,East,OFF-ST-10002554,Office Supplies,Storage,Tennsco Industrial Shelving,78.256,2,0.2,-17.607599999999998
1869,1870,CA-2019-148201,2019-08-26,2019-08-29,Second Class,CC-12145,Charles Crestani,Consumer,United States,Seattle,Washington,98103.0,West,OFF-PA-10000019,Office Supplies,Paper,Xerox 1931,6.48,1,0.0,3.1104000000000003
1870,1871,CA-2017-116932,2017-07-21,2017-07-25,Standard Class,ME-18010,Michelle Ellison,Corporate,United States,San Francisco,California,94122.0,West,OFF-AR-10002067,Office Supplies,Art,Newell 334,99.2,5,0.0,25.792
1871,1872,CA-2017-116932,2017-07-21,2017-07-25,Standard Class,ME-18010,Michelle Ellison,Corporate,United States,San Francisco,California,94122.0,West,FUR-CH-10001215,Furniture,Chairs,Global Troy Executive Leather Low-Back Tilter,801.5680000000001,2,0.2,50.097999999999985
1872,1873,CA-2017-116932,2017-07-21,2017-07-25,Standard Class,ME-18010,Michelle Ellison,Corporate,United States,San Francisco,California,94122.0,West,FUR-TA-10004175,Furniture,Tables,"Hon 30"" x 60"" Table with Locking Drawer",272.848,1,0.2,27.284800000000004
1873,1874,CA-2020-142888,2020-11-21,2020-11-25,Standard Class,BP-11230,Benjamin Patterson,Consumer,United States,Spokane,Washington,99207.0,West,FUR-TA-10004767,Furniture,Tables,Safco Drafting Table,70.98,1,0.0,20.584199999999996
1874,1875,CA-2017-147914,2017-06-04,2017-06-09,Standard Class,MP-17470,Mark Packer,Home Office,United States,Columbus,Ohio,43229.0,East,OFF-PA-10001685,Office Supplies,Paper,Easy-staple paper,16.224,2,0.2,5.881200000000001
1875,1876,US-2019-112977,2019-03-10,2019-03-16,Standard Class,CJ-12010,Caroline Jumper,Consumer,United States,Long Beach,New York,11561.0,East,FUR-BO-10003272,Furniture,Bookcases,O'Sullivan Living Dimensions 5-Shelf Bookcases,176.784,1,0.2,-22.098000000000013
1876,1877,CA-2020-112039,2020-03-25,2020-03-29,Standard Class,JC-15775,John Castell,Consumer,United States,San Antonio,Texas,78207.0,Central,TEC-PH-10000984,Technology,Phones,Panasonic KX-TG9471B,470.3760000000001,3,0.2,47.037600000000026
1877,1878,CA-2020-118885,2020-12-29,2021-01-02,Standard Class,JG-15160,James Galang,Consumer,United States,Los Angeles,California,90049.0,West,FUR-CH-10002880,Furniture,Chairs,"Global High-Back Leather Tilter, Burgundy",393.568,4,0.2,-44.276400000000024
1878,1879,CA-2020-118885,2020-12-29,2021-01-02,Standard Class,JG-15160,James Galang,Consumer,United States,Los Angeles,California,90049.0,West,TEC-PH-10002563,Technology,Phones,Adtran 1202752G1,302.376,3,0.2,22.678200000000018
1879,1880,US-2020-166611,2020-03-28,2020-04-02,Standard Class,CK-12760,Cyma Kinney,Corporate,United States,Jacksonville,Florida,32216.0,South,OFF-BI-10001191,Office Supplies,Binders,Canvas Sectional Post Binders,68.74200000000002,9,0.7,-48.119399999999985
1880,1881,CA-2018-109512,2018-03-05,2018-03-05,Same Day,LF-17185,Luke Foster,Consumer,United States,New York City,New York,10011.0,East,OFF-EN-10002621,Office Supplies,Envelopes,Staple envelope,29.339999999999996,3,0.0,14.669999999999998
1881,1882,CA-2018-109512,2018-03-05,2018-03-05,Same Day,LF-17185,Luke Foster,Consumer,United States,New York City,New York,10011.0,East,FUR-CH-10001146,Furniture,Chairs,"Global Value Mid-Back Manager's Chair, Gray",383.607,7,0.1,63.93449999999997
1882,1883,CA-2018-109512,2018-03-05,2018-03-05,Same Day,LF-17185,Luke Foster,Consumer,United States,New York City,New York,10011.0,East,OFF-ST-10000689,Office Supplies,Storage,"Fellowes Strictly Business Drawer File, Letter/Legal Size",563.4,4,0.0,67.608
1883,1884,CA-2019-118570,2019-11-13,2019-11-17,Standard Class,CC-12430,Chuck Clark,Home Office,United States,Philadelphia,Pennsylvania,19143.0,East,OFF-PA-10001289,Office Supplies,Paper,White Computer Printout Paper by Universal,217.05599999999998,7,0.2,78.6828
1884,1885,CA-2020-154718,2020-01-19,2020-01-23,Second Class,DL-12865,Dan Lawera,Consumer,United States,Keller,Texas,76248.0,Central,OFF-LA-10003714,Office Supplies,Labels,Avery 510,6.0,2,0.2,2.0999999999999996
1885,1886,CA-2019-147578,2019-04-22,2019-04-26,Second Class,PG-18895,Paul Gonzalez,Consumer,United States,San Francisco,California,94122.0,West,FUR-FU-10001889,Furniture,Furnishings,Ultra Door Pull Handle,31.56,3,0.0,10.4148
1886,1887,CA-2017-140165,2017-05-13,2017-05-15,First Class,EH-14005,Erica Hernandez,Home Office,United States,Hialeah,Florida,33012.0,South,OFF-FA-10002815,Office Supplies,Fasteners,Staples,7.104000000000001,2,0.2,2.3976
1887,1888,CA-2017-140165,2017-05-13,2017-05-15,First Class,EH-14005,Erica Hernandez,Home Office,United States,Hialeah,Florida,33012.0,South,OFF-BI-10004519,Office Supplies,Binders,GBC DocuBind P100 Manual Binding Machine,398.35200000000003,8,0.7,-331.9599999999999
1888,1889,CA-2017-142587,2017-10-21,2017-10-22,First Class,TB-21520,Tracy Blumstein,Consumer,United States,Fairfield,Ohio,45014.0,East,OFF-AP-10004708,Office Supplies,Appliances,Fellowes Superior 10 Outlet Split Surge Protector,121.79200000000002,4,0.2,13.701599999999988
1889,1890,CA-2017-142587,2017-10-21,2017-10-22,First Class,TB-21520,Tracy Blumstein,Consumer,United States,Fairfield,Ohio,45014.0,East,FUR-TA-10000617,Furniture,Tables,"Hon Practical Foundations 30 x 60 Training Table, Light Gray/Charcoal",409.59000000000003,3,0.4,-122.87700000000004
1890,1891,CA-2017-157623,2017-03-14,2017-03-18,Standard Class,DK-13225,Dean Katz,Corporate,United States,Huntington Beach,California,92646.0,West,OFF-PA-10001204,Office Supplies,Paper,Xerox 1972,10.56,2,0.0,4.752
1891,1892,CA-2017-157623,2017-03-14,2017-03-18,Standard Class,DK-13225,Dean Katz,Corporate,United States,Huntington Beach,California,92646.0,West,OFF-AR-10003723,Office Supplies,Art,Avery Hi-Liter Fluorescent Desk Style Markers,3.38,1,0.0,1.2506
1892,1893,CA-2020-145310,2020-12-22,2020-12-24,Second Class,JP-15520,Jeremy Pistek,Consumer,United States,Port Orange,Florida,32127.0,South,OFF-EN-10002621,Office Supplies,Envelopes,Staple envelope,7.824,1,0.2,2.9339999999999997
1893,1894,CA-2019-100083,2019-11-24,2019-11-29,Standard Class,CD-11980,Carol Darley,Consumer,United States,Medford,Oregon,97504.0,West,OFF-PA-10000241,Office Supplies,Paper,"IBM Multi-Purpose Copy Paper, 8 1/2 x 11"", Case",24.784000000000002,1,0.2,7.744999999999998
1894,1895,US-2020-108063,2020-12-02,2020-12-05,First Class,AS-10090,Adam Shillingsburg,Consumer,United States,Charlottesville,Virginia,22901.0,South,OFF-AR-10001446,Office Supplies,Art,Newell 309,34.650000000000006,3,0.0,10.395
1895,1896,CA-2018-109197,2018-12-31,2019-01-04,Standard Class,JO-15280,Jas O'Carroll,Consumer,United States,Missoula,Montana,59801.0,West,OFF-BI-10004632,Office Supplies,Binders,Ibico Hi-Tech Manual Binding System,487.98400000000004,2,0.2,152.49499999999998
1896,1897,CA-2020-141789,2020-10-03,2020-10-06,First Class,AC-10450,Amy Cox,Consumer,United States,Minneapolis,Minnesota,55407.0,Central,OFF-BI-10001359,Office Supplies,Binders,GBC DocuBind TL300 Electric Binding System,1793.98,2,0.0,843.1705999999999
1897,1898,CA-2017-169775,2017-08-29,2017-09-02,Second Class,RA-19945,Ryan Akin,Consumer,United States,Miami,Florida,33178.0,South,OFF-EN-10001749,Office Supplies,Envelopes,Jiffy Padded Mailers with Self-Seal Closure,29.808,2,0.2,10.805399999999997
1898,1899,CA-2017-169775,2017-08-29,2017-09-02,Second Class,RA-19945,Ryan Akin,Consumer,United States,Miami,Florida,33178.0,South,OFF-BI-10004390,Office Supplies,Binders,GBC DocuBind 200 Manual Binding Machine,505.1760000000001,4,0.7,-336.7839999999999
1899,1900,CA-2017-169775,2017-08-29,2017-09-02,Second Class,RA-19945,Ryan Akin,Consumer,United States,Miami,Florida,33178.0,South,FUR-TA-10001857,Furniture,Tables,Balt Solid Wood Rectangular Table,174.0585,3,0.45,-110.76450000000001
1900,1901,CA-2019-140543,2019-06-29,2019-07-03,Second Class,Co-12640,Corey-Lock,Consumer,United States,Florence,South Carolina,29501.0,South,OFF-ST-10000563,Office Supplies,Storage,Fellowes Bankers Box Stor/Drawer Steel Plus,191.88,6,0.0,19.188000000000002
1901,1902,CA-2019-151141,2019-08-20,2019-08-23,First Class,DW-13480,Dianna Wilson,Home Office,United States,Detroit,Michigan,48205.0,Central,TEC-PH-10004924,Technology,Phones,"SKILCRAFT Telephone Shoulder Rest, 2"" x 6.5"" x 2.5"", Black",14.78,2,0.0,3.9906000000000006
1902,1903,CA-2020-167094,2020-10-21,2020-10-22,First Class,DK-12835,Damala Kotsonis,Corporate,United States,Springfield,Oregon,97477.0,West,OFF-PA-10003953,Office Supplies,Paper,Xerox 218,5.184000000000001,1,0.2,1.8144
1903,1904,CA-2020-167094,2020-10-21,2020-10-22,First Class,DK-12835,Damala Kotsonis,Corporate,United States,Springfield,Oregon,97477.0,West,FUR-CH-10000155,Furniture,Chairs,Global Comet Stacking Armless Chair,478.48,2,0.2,47.84800000000001
1904,1905,CA-2020-167094,2020-10-21,2020-10-22,First Class,DK-12835,Damala Kotsonis,Corporate,United States,Springfield,Oregon,97477.0,West,TEC-AC-10003116,Technology,Accessories,Memorex Froggy Flash Drive 8 GB,28.400000000000002,2,0.2,6.744999999999998
1905,1906,CA-2020-154410,2020-10-21,2020-10-24,First Class,MD-17860,Michael Dominguez,Corporate,United States,Indianapolis,Indiana,46203.0,Central,OFF-ST-10002743,Office Supplies,Storage,SAFCO Boltless Steel Shelving,909.12,8,0.0,9.091199999999958
1906,1907,US-2019-150567,2019-05-17,2019-05-21,Standard Class,RP-19855,Roy Phan,Corporate,United States,Apopka,Florida,32712.0,South,OFF-BI-10001757,Office Supplies,Binders,Pressboard Hanging Data Binders for Unburst Sheets,2.9520000000000004,2,0.7,-2.1648000000000005
1907,1908,US-2019-150567,2019-05-17,2019-05-21,Standard Class,RP-19855,Roy Phan,Corporate,United States,Apopka,Florida,32712.0,South,OFF-BI-10000069,Office Supplies,Binders,"GBC Prepunched Paper, 19-Hole, for Binding Systems, 24-lb",27.018000000000008,6,0.7,-21.61440000000001
1908,1909,CA-2018-157959,2018-02-03,2018-02-04,First Class,RW-19540,Rick Wilson,Corporate,United States,Los Angeles,California,90008.0,West,FUR-FU-10004093,Furniture,Furnishings,Hand-Finished Solid Wood Document Frame,136.92,4,0.0,41.07599999999999
1909,1910,CA-2020-105886,2020-12-18,2020-12-23,Standard Class,DB-13660,Duane Benoit,Consumer,United States,Oceanside,New York,11572.0,East,FUR-FU-10001037,Furniture,Furnishings,"DAX Charcoal/Nickel-Tone Document Frame, 5 x 7",18.96,2,0.0,8.532
1910,1911,CA-2019-105963,2019-11-15,2019-11-22,Standard Class,SC-20770,Stewart Carmichael,Corporate,United States,Los Angeles,California,90008.0,West,TEC-AC-10003832,Technology,Accessories,Imation 16GB Mini TravelDrive USB 2.0 Flash Drive,99.39000000000001,3,0.0,40.749900000000004
1911,1912,CA-2020-121503,2020-07-03,2020-07-06,Second Class,FH-14275,Frank Hawley,Corporate,United States,Houston,Texas,77041.0,Central,OFF-PA-10001878,Office Supplies,Paper,Xerox 1891,273.896,7,0.2,92.43989999999998
1912,1913,CA-2020-121503,2020-07-03,2020-07-06,Second Class,FH-14275,Frank Hawley,Corporate,United States,Houston,Texas,77041.0,Central,TEC-MA-10003674,Technology,Machines,Hewlett-Packard Deskjet 5550 Printer,597.1320000000001,3,0.4,49.76099999999997
1913,1914,CA-2017-103366,2017-01-15,2017-01-17,First Class,EH-13990,Erica Hackney,Consumer,United States,Roswell,Georgia,30076.0,South,TEC-AC-10003628,Technology,Accessories,Logitech 910-002974 M325 Wireless Mouse for Web Scrolling,149.95,5,0.0,65.97800000000001
1914,1915,CA-2020-124597,2020-04-30,2020-05-05,Standard Class,AS-10630,Ann Steele,Home Office,United States,Boynton Beach,Florida,33437.0,South,OFF-LA-10003190,Office Supplies,Labels,Avery 474,4.608,2,0.2,1.6704
1915,1916,CA-2020-124597,2020-04-30,2020-05-05,Standard Class,AS-10630,Ann Steele,Home Office,United States,Boynton Beach,Florida,33437.0,South,OFF-AR-10002280,Office Supplies,Art,Staples in misc. colors,15.528,3,0.2,4.852499999999999
1916,1917,CA-2020-124597,2020-04-30,2020-05-05,Standard Class,AS-10630,Ann Steele,Home Office,United States,Boynton Beach,Florida,33437.0,South,OFF-LA-10001569,Office Supplies,Labels,Avery 499,11.952000000000002,3,0.2,3.8843999999999994
1917,1918,CA-2018-105634,2018-11-08,2018-11-14,Standard Class,HA-14905,Helen Abelman,Consumer,United States,Franklin,Massachusetts,2038.0,East,OFF-AR-10001573,Office Supplies,Art,American Pencil,11.65,5,0.0,3.378499999999999
1918,1919,CA-2018-123673,2018-10-30,2018-11-01,Second Class,CH-12070,Cathy Hwang,Home Office,United States,Detroit,Michigan,48227.0,Central,TEC-PH-10001809,Technology,Phones,Panasonic KX T7736-B Digital phone,299.9,2,0.0,74.975
1919,1920,US-2020-111423,2020-08-17,2020-08-19,First Class,EH-13765,Edward Hooks,Corporate,United States,Watertown,New York,13601.0,East,OFF-BI-10003091,Office Supplies,Binders,GBC DocuBind TL200 Manual Binding Machine,895.92,5,0.2,302.37299999999993
1920,1921,US-2020-111423,2020-08-17,2020-08-19,First Class,EH-13765,Edward Hooks,Corporate,United States,Watertown,New York,13601.0,East,FUR-CH-10003981,Furniture,Chairs,Global Commerce Series Low-Back Swivel/Tilt Chairs,462.564,2,0.1,97.65239999999994
1921,1922,CA-2018-125178,2018-10-03,2018-10-09,Standard Class,MZ-17515,Mary Zewe,Corporate,United States,Reading,Pennsylvania,19601.0,East,OFF-ST-10002562,Office Supplies,Storage,Staple magnet,15.008000000000003,2,0.2,1.5008
1922,1923,CA-2019-156685,2019-07-08,2019-07-10,Second Class,SC-20230,Scot Coram,Corporate,United States,Arlington,Texas,76017.0,Central,TEC-PH-10004345,Technology,Phones,Cisco SPA 502G IP Phone,863.6400000000001,9,0.2,107.95499999999998
1923,1924,CA-2019-156685,2019-07-08,2019-07-10,Second Class,SC-20230,Scot Coram,Corporate,United States,Arlington,Texas,76017.0,Central,OFF-AR-10000588,Office Supplies,Art,Newell 345,47.616,3,0.2,3.571200000000001
1924,1925,CA-2020-126865,2020-12-05,2020-12-07,Second Class,NP-18325,Naresj Patel,Consumer,United States,San Diego,California,92024.0,West,OFF-PA-10003039,Office Supplies,Paper,Xerox 1960,92.94,3,0.0,41.82299999999999
1925,1926,CA-2020-102834,2020-03-09,2020-03-13,Standard Class,LW-16990,Lindsay Williams,Corporate,United States,San Francisco,California,94110.0,West,TEC-AC-10001908,Technology,Accessories,Logitech Wireless Headset h800,199.98,2,0.0,69.993
1926,1927,US-2019-139710,2019-06-09,2019-06-15,Standard Class,GM-14680,Greg Matthias,Consumer,United States,Los Angeles,California,90045.0,West,TEC-PH-10001198,Technology,Phones,Avaya 4621SW VoIP phone,177.48000000000002,3,0.2,19.966499999999982
1927,1928,CA-2020-121538,2020-11-28,2020-12-01,First Class,RH-19495,Rick Hansen,Consumer,United States,Denver,Colorado,80219.0,West,OFF-PA-10004071,Office Supplies,Paper,"Eaton Premium Continuous-Feed Paper, 25% Cotton, Letter Size, White, 1000 Shts/Box",88.768,2,0.2,31.068799999999996
1928,1929,US-2020-101539,2020-03-16,2020-03-18,Second Class,VM-21685,Valerie Mitchum,Home Office,United States,Seattle,Washington,98105.0,West,OFF-PA-10001972,Office Supplies,Paper,Xerox 214,6.48,1,0.0,3.1104000000000003
1929,1930,US-2020-101539,2020-03-16,2020-03-18,Second Class,VM-21685,Valerie Mitchum,Home Office,United States,Seattle,Washington,98105.0,West,OFF-ST-10004180,Office Supplies,Storage,Safco Commercial Shelving,46.51,1,0.0,1.8603999999999985
1930,1931,US-2020-101539,2020-03-16,2020-03-18,Second Class,VM-21685,Valerie Mitchum,Home Office,United States,Seattle,Washington,98105.0,West,TEC-PH-10004165,Technology,Phones,Mitel MiVoice 5330e IP Phone,659.9760000000001,3,0.2,49.49819999999997
1931,1932,CA-2019-152121,2019-11-27,2019-11-29,Second Class,CC-12670,Craig Carreira,Consumer,United States,Scottsdale,Arizona,85254.0,West,TEC-PH-10002483,Technology,Phones,Motorola Moto X,271.992,1,0.2,23.799300000000002
1932,1933,CA-2020-161200,2020-08-06,2020-08-10,Second Class,SV-20365,Seth Vernon,Consumer,United States,Lafayette,Louisiana,70506.0,South,FUR-BO-10000468,Furniture,Bookcases,O'Sullivan 2-Shelf Heavy-Duty Bookcases,145.74,3,0.0,23.31840000000001
1933,1934,CA-2020-161200,2020-08-06,2020-08-10,Second Class,SV-20365,Seth Vernon,Consumer,United States,Lafayette,Louisiana,70506.0,South,FUR-FU-10001706,Furniture,Furnishings,Longer-Life Soft White Bulbs,15.4,5,0.0,7.3919999999999995
1934,1935,CA-2020-101245,2020-11-27,2020-12-03,Standard Class,LW-16990,Lindsay Williams,Corporate,United States,San Francisco,California,94109.0,West,OFF-PA-10003129,Office Supplies,Paper,Tops White Computer Printout Paper,244.54999999999998,5,0.0,114.93849999999998
1935,1936,CA-2020-101245,2020-11-27,2020-12-03,Standard Class,LW-16990,Lindsay Williams,Corporate,United States,San Francisco,California,94109.0,West,TEC-AC-10001284,Technology,Accessories,Enermax Briskie RF Wireless Keyboard and Mouse Combo,166.16,8,0.0,59.8176
1936,1937,CA-2018-141768,2018-05-25,2018-05-27,Second Class,NP-18685,Nora Pelletier,Home Office,United States,San Francisco,California,94109.0,West,FUR-FU-10002268,Furniture,Furnishings,Ultra Door Push Plate,14.73,3,0.0,4.860899999999999
1937,1938,CA-2019-112109,2019-07-08,2019-07-12,Standard Class,JE-15715,Joe Elijah,Consumer,United States,Broomfield,Colorado,80020.0,West,OFF-BI-10002082,Office Supplies,Binders,GBC Twin Loop Wire Binding Elements,19.968000000000004,2,0.7,-13.311999999999998
1938,1939,CA-2019-112109,2019-07-08,2019-07-12,Standard Class,JE-15715,Joe Elijah,Consumer,United States,Broomfield,Colorado,80020.0,West,OFF-ST-10001505,Office Supplies,Storage,"Perma STOR-ALL Hanging File Box, 13 1/8""W x 12 1/4""D x 10 1/2""H",33.48800000000001,7,0.2,-1.2558000000000051
1939,1940,CA-2019-112109,2019-07-08,2019-07-12,Standard Class,JE-15715,Joe Elijah,Consumer,United States,Broomfield,Colorado,80020.0,West,OFF-BI-10001634,Office Supplies,Binders,Wilson Jones Active Use Binders,8.736000000000002,4,0.7,-6.1152
1940,1941,CA-2019-112109,2019-07-08,2019-07-12,Standard Class,JE-15715,Joe Elijah,Consumer,United States,Broomfield,Colorado,80020.0,West,FUR-CH-10004287,Furniture,Chairs,SAFCO Arco Folding Chair,662.88,3,0.2,74.57399999999996
1941,1942,CA-2020-144064,2020-08-29,2020-09-01,First Class,CP-12085,Cathy Prescott,Corporate,United States,Quincy,Illinois,62301.0,Central,OFF-LA-10004544,Office Supplies,Labels,Avery 505,47.36000000000001,4,0.2,17.759999999999998
1942,1943,CA-2020-144064,2020-08-29,2020-09-01,First Class,CP-12085,Cathy Prescott,Corporate,United States,Quincy,Illinois,62301.0,Central,OFF-ST-10004507,Office Supplies,Storage,Advantus Rolling Storage Box,27.439999999999998,2,0.2,2.401
1943,1944,CA-2020-144064,2020-08-29,2020-09-01,First Class,CP-12085,Cathy Prescott,Corporate,United States,Quincy,Illinois,62301.0,Central,OFF-BI-10002012,Office Supplies,Binders,Wilson Jones Easy Flow II Sheet Lifters,3.2399999999999993,9,0.8,-5.184000000000001
1944,1945,CA-2019-108581,2019-06-20,2019-06-26,Standard Class,EA-14035,Erin Ashbrook,Corporate,United States,Carrollton,Texas,75007.0,Central,TEC-AC-10001109,Technology,Accessories,Logitech Trackman Marble Mouse,95.968,4,0.2,26.3912
1945,1946,CA-2019-108581,2019-06-20,2019-06-26,Standard Class,EA-14035,Erin Ashbrook,Corporate,United States,Carrollton,Texas,75007.0,Central,OFF-PA-10000809,Office Supplies,Paper,Xerox 206,10.368000000000002,2,0.2,3.6288
1946,1947,CA-2020-157987,2020-09-02,2020-09-06,Standard Class,AC-10615,Ann Chong,Corporate,United States,New York City,New York,10009.0,East,OFF-AR-10000658,Office Supplies,Art,Newell 324,23.1,2,0.0,6.468
1947,1948,CA-2020-157987,2020-09-02,2020-09-06,Standard Class,AC-10615,Ann Chong,Corporate,United States,New York City,New York,10009.0,East,FUR-FU-10001196,Furniture,Furnishings,DAX Cubicle Frames - 8x10,11.54,2,0.0,3.4619999999999997
1948,1949,CA-2020-157987,2020-09-02,2020-09-06,Standard Class,AC-10615,Ann Chong,Corporate,United States,New York City,New York,10009.0,East,FUR-TA-10001889,Furniture,Tables,Bush Advantage Collection Racetrack Conference Table,254.52599999999998,1,0.4,-93.3262
1949,1950,CA-2020-157987,2020-09-02,2020-09-06,Standard Class,AC-10615,Ann Chong,Corporate,United States,New York City,New York,10009.0,East,OFF-AP-10000358,Office Supplies,Appliances,Fellowes Basic Home/Office Series Surge Protectors,12.98,1,0.0,3.764199999999999
1950,1951,CA-2020-157987,2020-09-02,2020-09-06,Standard Class,AC-10615,Ann Chong,Corporate,United States,New York City,New York,10009.0,East,OFF-BI-10004970,Office Supplies,Binders,"ACCOHIDE 3-Ring Binder, Blue, 1""",26.432000000000002,8,0.2,8.9208
1951,1952,CA-2020-157987,2020-09-02,2020-09-06,Standard Class,AC-10615,Ann Chong,Corporate,United States,New York City,New York,10009.0,East,TEC-PH-10003885,Technology,Phones,Cisco SPA508G,197.96999999999997,3,0.0,57.41129999999999
1952,1953,CA-2020-157987,2020-09-02,2020-09-06,Standard Class,AC-10615,Ann Chong,Corporate,United States,New York City,New York,10009.0,East,OFF-LA-10001641,Office Supplies,Labels,Avery 518,18.9,6,0.0,9.072
1953,1954,CA-2020-157987,2020-09-02,2020-09-06,Standard Class,AC-10615,Ann Chong,Corporate,United States,New York City,New York,10009.0,East,FUR-CH-10003379,Furniture,Chairs,Global Commerce Series High-Back Swivel/Tilt Chairs,1282.41,5,0.1,213.735
1954,1955,CA-2020-157987,2020-09-02,2020-09-06,Standard Class,AC-10615,Ann Chong,Corporate,United States,New York City,New York,10009.0,East,OFF-AR-10004582,Office Supplies,Art,BIC Brite Liner Grip Highlighters,4.92,3,0.0,2.2139999999999995
1955,1956,CA-2020-157987,2020-09-02,2020-09-06,Standard Class,AC-10615,Ann Chong,Corporate,United States,New York City,New York,10009.0,East,TEC-AC-10002842,Technology,Accessories,WD My Passport Ultra 2TB Portable External Hard Drive,238.0,2,0.0,38.08000000000001
1956,1957,CA-2020-157987,2020-09-02,2020-09-06,Standard Class,AC-10615,Ann Chong,Corporate,United States,New York City,New York,10009.0,East,TEC-AC-10000109,Technology,Accessories,Sony Micro Vault Click 16 GB USB 2.0 Flash Drive,167.97,3,0.0,40.31280000000001
1957,1958,CA-2020-157987,2020-09-02,2020-09-06,Standard Class,AC-10615,Ann Chong,Corporate,United States,New York City,New York,10009.0,East,OFF-PA-10003893,Office Supplies,Paper,Xerox 1962,17.12,4,0.0,7.703999999999999
1958,1959,CA-2020-110905,2020-09-10,2020-09-15,Second Class,RW-19690,Robert Waldorf,Consumer,United States,Springfield,Missouri,65807.0,Central,OFF-BI-10003669,Office Supplies,Binders,3M Organizer Strips,16.200000000000003,3,0.0,7.776
1959,1960,CA-2020-110905,2020-09-10,2020-09-15,Second Class,RW-19690,Robert Waldorf,Consumer,United States,Springfield,Missouri,65807.0,Central,OFF-AP-10004785,Office Supplies,Appliances,"Holmes Replacement Filter for HEPA Air Cleaner, Medium Room",33.99,3,0.0,14.615700000000004
1960,1961,CA-2020-110905,2020-09-10,2020-09-15,Second Class,RW-19690,Robert Waldorf,Consumer,United States,Springfield,Missouri,65807.0,Central,TEC-AC-10003023,Technology,Accessories,Logitech G105 Gaming Keyboard,296.84999999999997,5,0.0,53.43299999999999
1961,1962,CA-2020-110905,2020-09-10,2020-09-15,Second Class,RW-19690,Robert Waldorf,Consumer,United States,Springfield,Missouri,65807.0,Central,TEC-AC-10002217,Technology,Accessories,Imation Clip USB flash drive - 8 GB,112.80000000000001,6,0.0,6.768000000000001
1962,1963,CA-2020-110905,2020-09-10,2020-09-15,Second Class,RW-19690,Robert Waldorf,Consumer,United States,Springfield,Missouri,65807.0,Central,OFF-BI-10002954,Office Supplies,Binders,Newell 3-Hole Punched Plastic Slotted Magazine Holders for Binders,13.71,3,0.0,6.5808
1963,1964,CA-2020-110905,2020-09-10,2020-09-15,Second Class,RW-19690,Robert Waldorf,Consumer,United States,Springfield,Missouri,65807.0,Central,OFF-PA-10002586,Office Supplies,Paper,Xerox 1970,24.900000000000002,5,0.0,11.703000000000001
1964,1965,CA-2020-110905,2020-09-10,2020-09-15,Second Class,RW-19690,Robert Waldorf,Consumer,United States,Springfield,Missouri,65807.0,Central,OFF-ST-10000025,Office Supplies,Storage,Fellowes Stor/Drawer Steel Plus Storage Drawers,286.29,3,0.0,17.177399999999977
1965,1966,CA-2020-110905,2020-09-10,2020-09-15,Second Class,RW-19690,Robert Waldorf,Consumer,United States,Springfield,Missouri,65807.0,Central,OFF-AP-10003281,Office Supplies,Appliances,Acco 6 Outlet Guardian Standard Surge Suppressor,24.18,2,0.0,7.253999999999998
1966,1967,CA-2020-165841,2020-12-21,2020-12-28,Standard Class,DB-13210,Dean Braden,Consumer,United States,Paterson,New Jersey,7501.0,East,TEC-PH-10002103,Technology,Phones,Jabra SPEAK 410,281.96999999999997,3,0.0,78.9516
1967,1968,CA-2020-165841,2020-12-21,2020-12-28,Standard Class,DB-13210,Dean Braden,Consumer,United States,Paterson,New Jersey,7501.0,East,OFF-SU-10000898,Office Supplies,Supplies,"Acme Hot Forged Carbon Steel Scissors with Nickel-Plated Handles, 3 7/8"" Cut, 8""L",69.5,5,0.0,20.154999999999994
1968,1969,CA-2020-165841,2020-12-21,2020-12-28,Standard Class,DB-13210,Dean Braden,Consumer,United States,Paterson,New Jersey,7501.0,East,OFF-PA-10001144,Office Supplies,Paper,Xerox 1913,166.44,3,0.0,79.8912
1969,1970,CA-2020-117485,2020-09-23,2020-09-29,Standard Class,BD-11320,Bill Donatelli,Consumer,United States,Tulsa,Oklahoma,74133.0,Central,TEC-AC-10004659,Technology,Accessories,Imation Secure+ Hardware Encrypted USB 2.0 Flash Drive; 16GB,291.96,4,0.0,102.18599999999998
1970,1971,CA-2020-140242,2020-05-06,2020-05-11,Standard Class,ML-17755,Max Ludwig,Home Office,United States,Chicago,Illinois,60623.0,Central,OFF-AR-10004752,Office Supplies,Art,Blackstonian Pencils,6.408,3,0.2,0.6407999999999998
1971,1972,CA-2020-140242,2020-05-06,2020-05-11,Standard Class,ML-17755,Max Ludwig,Home Office,United States,Chicago,Illinois,60623.0,Central,TEC-AC-10004659,Technology,Accessories,Imation Secure+ Hardware Encrypted USB 2.0 Flash Drive; 16GB,408.74399999999997,7,0.2,76.63949999999998
1972,1973,CA-2017-148950,2017-12-14,2017-12-19,Standard Class,JD-16015,Joy Daniels,Consumer,United States,Chicago,Illinois,60610.0,Central,OFF-BI-10001249,Office Supplies,Binders,Avery Heavy-Duty EZD View Binder with Locking Rings,5.103999999999999,4,0.8,-8.676800000000002
1973,1974,CA-2017-148950,2017-12-14,2017-12-19,Standard Class,JD-16015,Joy Daniels,Consumer,United States,Chicago,Illinois,60610.0,Central,OFF-FA-10003059,Office Supplies,Fasteners,Assorted Color Push Pins,2.8960000000000004,2,0.2,0.4705999999999998
1974,1975,CA-2017-148950,2017-12-14,2017-12-19,Standard Class,JD-16015,Joy Daniels,Consumer,United States,Chicago,Illinois,60610.0,Central,TEC-AC-10002718,Technology,Accessories,Belkin Standard 104 key USB Keyboard,35.016000000000005,3,0.2,-2.188500000000003
1975,1976,CA-2017-110408,2017-10-18,2017-10-20,Second Class,AS-10225,Alan Schoenberger,Corporate,United States,Montgomery,Alabama,36116.0,South,OFF-ST-10001522,Office Supplies,Storage,"Gould Plastics 18-Pocket Panel Bin, 34w x 5-1/4d x 20-1/2h",275.96999999999997,3,0.0,11.03879999999998
1976,1977,CA-2017-110408,2017-10-18,2017-10-20,Second Class,AS-10225,Alan Schoenberger,Corporate,United States,Montgomery,Alabama,36116.0,South,TEC-PH-10002352,Technology,Phones,Avaya IP Phone 1140E VoIP phone,1394.95,5,0.0,362.68699999999995
1977,1978,CA-2017-110408,2017-10-18,2017-10-20,Second Class,AS-10225,Alan Schoenberger,Corporate,United States,Montgomery,Alabama,36116.0,South,FUR-CH-10003774,Furniture,Chairs,"Global Wood Trimmed Manager's Task Chair, Khaki",545.88,6,0.0,70.96439999999998
1978,1979,CA-2018-109939,2018-05-08,2018-05-12,Standard Class,AA-10375,Allen Armold,Consumer,United States,Salem,Oregon,97301.0,West,OFF-AR-10000127,Office Supplies,Art,Newell 321,5.248,2,0.2,0.5903999999999991
1979,1980,CA-2019-112669,2019-04-14,2019-04-14,Same Day,KT-16465,Kean Takahito,Consumer,United States,Glendale,Arizona,85301.0,West,FUR-CH-10004086,Furniture,Chairs,Hon 4070 Series Pagoda Armless Upholstered Stacking Chairs,933.5360000000001,4,0.2,105.02279999999996
1980,1981,CA-2019-112669,2019-04-14,2019-04-14,Same Day,KT-16465,Kean Takahito,Consumer,United States,Glendale,Arizona,85301.0,West,OFF-ST-10001228,Office Supplies,Storage,"Fellowes Personal Hanging Folder Files, Navy",42.976,4,0.2,4.297600000000003
1981,1982,CA-2018-119592,2018-12-14,2018-12-16,Second Class,MM-18280,Muhammed MacIntyre,Corporate,United States,Columbus,Georgia,31907.0,South,OFF-BI-10004187,Office Supplies,Binders,3-ring staple pack,3.76,2,0.0,1.8047999999999997
1982,1983,CA-2017-122749,2017-12-03,2017-12-09,Standard Class,NG-18430,Nathan Gelder,Consumer,United States,Oklahoma City,Oklahoma,73120.0,Central,TEC-PH-10003811,Technology,Phones,Jabra Supreme Plus Driver Edition Headset,479.96,4,0.0,134.3888
1983,1984,CA-2017-164721,2017-11-25,2017-11-27,Second Class,LW-16825,Laurel Workman,Corporate,United States,Brentwood,California,94513.0,West,OFF-AP-10000240,Office Supplies,Appliances,Belkin F9G930V10-GRY 9 Outlet Surge,320.88,6,0.0,93.05519999999996
1984,1985,CA-2017-164721,2017-11-25,2017-11-27,Second Class,LW-16825,Laurel Workman,Corporate,United States,Brentwood,California,94513.0,West,FUR-FU-10001940,Furniture,Furnishings,Staple-based wall hangings,23.88,3,0.0,10.507200000000001
1985,1986,CA-2017-164721,2017-11-25,2017-11-27,Second Class,LW-16825,Laurel Workman,Corporate,United States,Brentwood,California,94513.0,West,OFF-PA-10000575,Office Supplies,Paper,"Wirebound Message Books, Four 2 3/4 x 5 White Forms per Page",26.76,4,0.0,12.3096
1986,1987,CA-2019-147417,2019-07-25,2019-07-27,First Class,CB-12415,Christy Brittain,Consumer,United States,Columbus,Ohio,43229.0,East,TEC-CO-10001449,Technology,Copiers,Hewlett Packard LaserJet 3310 Copier,1439.9759999999999,4,0.4,191.9968
1987,1988,CA-2018-127509,2018-11-09,2018-11-13,Standard Class,AS-10090,Adam Shillingsburg,Consumer,United States,Springfield,Missouri,65807.0,Central,OFF-BI-10002393,Office Supplies,Binders,Binder Posts,17.22,3,0.0,7.921200000000001
1988,1989,CA-2018-127509,2018-11-09,2018-11-13,Standard Class,AS-10090,Adam Shillingsburg,Consumer,United States,Springfield,Missouri,65807.0,Central,FUR-TA-10002855,Furniture,Tables,Bevis Round Conference Table Top & Single Column Base,1024.38,7,0.0,215.11979999999994
1989,1990,CA-2018-127509,2018-11-09,2018-11-13,Standard Class,AS-10090,Adam Shillingsburg,Consumer,United States,Springfield,Missouri,65807.0,Central,OFF-EN-10000781,Office Supplies,Envelopes,"#10- 4 1/8"" x 9 1/2"" Recycled Envelopes",26.22,3,0.0,12.3234
1990,1991,CA-2018-127509,2018-11-09,2018-11-13,Standard Class,AS-10090,Adam Shillingsburg,Consumer,United States,Springfield,Missouri,65807.0,Central,OFF-PA-10002160,Office Supplies,Paper,Xerox 1978,17.34,3,0.0,8.4966
1991,1992,CA-2020-111374,2020-02-24,2020-02-28,Standard Class,CB-12415,Christy Brittain,Consumer,United States,Philadelphia,Pennsylvania,19134.0,East,OFF-BI-10004970,Office Supplies,Binders,"ACCOHIDE 3-Ring Binder, Blue, 1""",4.956,4,0.7,-3.799599999999998
1992,1993,CA-2020-133648,2020-06-25,2020-07-02,Standard Class,ML-17755,Max Ludwig,Home Office,United States,Springfield,Oregon,97477.0,West,OFF-LA-10003923,Office Supplies,Labels,Alphabetical Labels for Top Tab Filing,71.04,6,0.2,26.640000000000004
1993,1994,CA-2020-133648,2020-06-25,2020-07-02,Standard Class,ML-17755,Max Ludwig,Home Office,United States,Springfield,Oregon,97477.0,West,OFF-AR-10002257,Office Supplies,Art,"Eldon Spacemaker Box, Quick-Snap Lid, Clear",5.344,2,0.2,0.7347999999999992
1994,1995,CA-2020-133648,2020-06-25,2020-07-02,Standard Class,ML-17755,Max Ludwig,Home Office,United States,Springfield,Oregon,97477.0,West,OFF-FA-10004395,Office Supplies,Fasteners,Plymouth Boxed Rubber Bands by Plymouth,11.304,3,0.2,-2.1195
1995,1996,US-2020-147221,2020-12-02,2020-12-04,Second Class,JS-16030,Joy Smith,Consumer,United States,Houston,Texas,77036.0,Central,OFF-AP-10002534,Office Supplies,Appliances,3.6 Cubic Foot Counter Height Office Refrigerator,294.61999999999995,5,0.8,-766.012
1996,1997,US-2020-147221,2020-12-02,2020-12-04,Second Class,JS-16030,Joy Smith,Consumer,United States,Houston,Texas,77036.0,Central,FUR-FU-10004020,Furniture,Furnishings,Advantus Panel Wall Acrylic Frame,8.752,4,0.6,-3.719599999999998
1997,1998,CA-2017-131905,2017-02-06,2017-02-09,First Class,ND-18460,Neil Ducich,Corporate,United States,Chesapeake,Virginia,23320.0,South,OFF-LA-10002787,Office Supplies,Labels,Avery 480,15.0,4,0.0,7.199999999999999
1998,1999,CA-2017-131905,2017-02-06,2017-02-09,First Class,ND-18460,Neil Ducich,Corporate,United States,Chesapeake,Virginia,23320.0,South,TEC-PH-10003645,Technology,Phones,Aastra 57i VoIP phone,161.61,1,0.0,42.018600000000006
1999,2000,CA-2017-131905,2017-02-06,2017-02-09,First Class,ND-18460,Neil Ducich,Corporate,United States,Chesapeake,Virginia,23320.0,South,TEC-PH-10001615,Technology,Phones,AT&T CL82213,144.95,5,0.0,42.035499999999985
